ISO-10303-21;
HEADER;
/* Generated by software containing ST-Developer
 * from STEP Tools, Inc. (www.steptools.com) 
 */
/* OPTION: using custom renumber hook */

FILE_DESCRIPTION(
/* description */ ('STEP AP242 Edition 2',
'CAx-IF Rec.Pracs.---Representation and Presentation of Product Manufa
cturing Information (PMI)---4.0---2014-10-13',
'CAx-IF Rec.Pracs.---3D Tessellated Geometry---0.4---2014-09-14','2;1',
'CAx-IF Rec.Pracs.---User Defined Attributes---1.5---2016-08-15'),
/* implementation_level */ '2;1');

FILE_NAME(
/* name */ 'Part Studio 1',
/* time_stamp */ '2026-05-27T19:43:50Z',
/* author */ (''),
/* organization */ (''),
/* preprocessor_version */ 'ST-DEVELOPER v20',
/* originating_system */ 'ONSHAPE BY PTC INC, 1.215',
/* authorisation */ '  ');

FILE_SCHEMA (('AP242_MANAGED_MODEL_BASED_3D_ENGINEERING_MIM_LF { 1 0 10303 442 3 1 4 }'));
ENDSEC;

DATA;
#10=SHAPE_REPRESENTATION_RELATIONSHIP('','',#1653,#11);
#11=ADVANCED_BREP_SHAPE_REPRESENTATION('',(#1651),#2815);
#12=CYLINDRICAL_SURFACE('',#1760,0.0031115);
#13=CYLINDRICAL_SURFACE('',#1761,0.00125);
#14=CYLINDRICAL_SURFACE('',#1762,0.00125);
#15=CYLINDRICAL_SURFACE('',#1763,0.00125);
#16=CYLINDRICAL_SURFACE('',#1764,0.00125);
#17=CYLINDRICAL_SURFACE('',#1765,0.0056515);
#18=CYLINDRICAL_SURFACE('',#1766,0.00379);
#19=CYLINDRICAL_SURFACE('',#1767,0.00379);
#20=CYLINDRICAL_SURFACE('',#1771,0.0018288);
#21=CYLINDRICAL_SURFACE('',#1772,0.0018288);
#22=CYLINDRICAL_SURFACE('',#1773,0.0018288);
#23=CYLINDRICAL_SURFACE('',#1774,0.0018288);
#24=CYLINDRICAL_SURFACE('',#1775,0.0018288);
#25=CYLINDRICAL_SURFACE('',#1776,0.0018288);
#26=CYLINDRICAL_SURFACE('',#1778,0.00379);
#27=CYLINDRICAL_SURFACE('',#1781,0.0018288);
#28=CYLINDRICAL_SURFACE('',#1782,0.0018288);
#29=CYLINDRICAL_SURFACE('',#1783,0.0018288);
#30=CYLINDRICAL_SURFACE('',#1784,0.0018288);
#31=CYLINDRICAL_SURFACE('',#1786,0.00379);
#32=CYLINDRICAL_SURFACE('',#1789,0.0018288);
#33=CYLINDRICAL_SURFACE('',#1790,0.0018288);
#34=CYLINDRICAL_SURFACE('',#1791,0.0018288);
#35=CYLINDRICAL_SURFACE('',#1792,0.0018288);
#36=CYLINDRICAL_SURFACE('',#1794,0.00379);
#37=CYLINDRICAL_SURFACE('',#1797,0.0018288);
#38=CYLINDRICAL_SURFACE('',#1798,0.0018288);
#39=CYLINDRICAL_SURFACE('',#1799,0.0018288);
#40=CYLINDRICAL_SURFACE('',#1800,0.0018288);
#41=CYLINDRICAL_SURFACE('',#1802,0.00379);
#42=CYLINDRICAL_SURFACE('',#1805,0.0018288);
#43=CYLINDRICAL_SURFACE('',#1806,0.0018288);
#44=CYLINDRICAL_SURFACE('',#1807,0.0018288);
#45=CYLINDRICAL_SURFACE('',#1808,0.0018288);
#46=CYLINDRICAL_SURFACE('',#1809,0.0056515);
#47=CYLINDRICAL_SURFACE('',#1813,0.0018288);
#48=CYLINDRICAL_SURFACE('',#1814,0.0018288);
#49=CYLINDRICAL_SURFACE('',#1815,0.0018288);
#50=CYLINDRICAL_SURFACE('',#1816,0.0018288);
#51=CYLINDRICAL_SURFACE('',#1817,0.0056515);
#52=CYLINDRICAL_SURFACE('',#1821,0.0018288);
#53=CYLINDRICAL_SURFACE('',#1822,0.0018288);
#54=CYLINDRICAL_SURFACE('',#1823,0.0018288);
#55=CYLINDRICAL_SURFACE('',#1824,0.0018288);
#56=CYLINDRICAL_SURFACE('',#1830,0.0018288);
#57=CYLINDRICAL_SURFACE('',#1831,0.0018288);
#58=CYLINDRICAL_SURFACE('',#1832,0.0018288);
#59=CYLINDRICAL_SURFACE('',#1833,0.0018288);
#60=CYLINDRICAL_SURFACE('',#1834,0.0018288);
#61=LINE('',#2340,#199);
#62=LINE('',#2348,#200);
#63=LINE('',#2352,#201);
#64=LINE('',#2356,#202);
#65=LINE('',#2360,#203);
#66=LINE('',#2368,#204);
#67=LINE('',#2372,#205);
#68=LINE('',#2376,#206);
#69=LINE('',#2384,#207);
#70=LINE('',#2388,#208);
#71=LINE('',#2392,#209);
#72=LINE('',#2400,#210);
#73=LINE('',#2404,#211);
#74=LINE('',#2412,#212);
#75=LINE('',#2416,#213);
#76=LINE('',#2420,#214);
#77=LINE('',#2428,#215);
#78=LINE('',#2432,#216);
#79=LINE('',#2440,#217);
#80=LINE('',#2448,#218);
#81=LINE('',#2456,#219);
#82=LINE('',#2465,#220);
#83=LINE('',#2468,#221);
#84=LINE('',#2470,#222);
#85=LINE('',#2472,#223);
#86=LINE('',#2473,#224);
#87=LINE('',#2480,#225);
#88=LINE('',#2484,#226);
#89=LINE('',#2488,#227);
#90=LINE('',#2492,#228);
#91=LINE('',#2496,#229);
#92=LINE('',#2501,#230);
#93=LINE('',#2505,#231);
#94=LINE('',#2509,#232);
#95=LINE('',#2517,#233);
#96=LINE('',#2521,#234);
#97=LINE('',#2529,#235);
#98=LINE('',#2533,#236);
#99=LINE('',#2537,#237);
#100=LINE('',#2541,#238);
#101=LINE('',#2551,#239);
#102=LINE('',#2559,#240);
#103=LINE('',#2567,#241);
#104=LINE('',#2578,#242);
#105=LINE('',#2581,#243);
#106=LINE('',#2583,#244);
#107=LINE('',#2585,#245);
#108=LINE('',#2586,#246);
#109=LINE('',#2593,#247);
#110=LINE('',#2597,#248);
#111=LINE('',#2601,#249);
#112=LINE('',#2609,#250);
#113=LINE('',#2613,#251);
#114=LINE('',#2621,#252);
#115=LINE('',#2625,#253);
#116=LINE('',#2629,#254);
#117=LINE('',#2637,#255);
#118=LINE('',#2638,#256);
#119=LINE('',#2643,#257);
#120=LINE('',#2647,#258);
#121=LINE('',#2651,#259);
#122=LINE('',#2655,#260);
#123=LINE('',#2659,#261);
#124=LINE('',#2660,#262);
#125=LINE('',#2662,#263);
#126=LINE('',#2663,#264);
#127=LINE('',#2665,#265);
#128=LINE('',#2667,#266);
#129=LINE('',#2675,#267);
#130=LINE('',#2676,#268);
#131=LINE('',#2678,#269);
#132=LINE('',#2679,#270);
#133=LINE('',#2681,#271);
#134=LINE('',#2682,#272);
#135=LINE('',#2684,#273);
#136=LINE('',#2685,#274);
#137=LINE('',#2687,#275);
#138=LINE('',#2688,#276);
#139=LINE('',#2690,#277);
#140=LINE('',#2691,#278);
#141=LINE('',#2699,#279);
#142=LINE('',#2700,#280);
#143=LINE('',#2702,#281);
#144=LINE('',#2703,#282);
#145=LINE('',#2705,#283);
#146=LINE('',#2706,#284);
#147=LINE('',#2708,#285);
#148=LINE('',#2709,#286);
#149=LINE('',#2715,#287);
#150=LINE('',#2716,#288);
#151=LINE('',#2718,#289);
#152=LINE('',#2719,#290);
#153=LINE('',#2721,#291);
#154=LINE('',#2722,#292);
#155=LINE('',#2724,#293);
#156=LINE('',#2725,#294);
#157=LINE('',#2731,#295);
#158=LINE('',#2732,#296);
#159=LINE('',#2734,#297);
#160=LINE('',#2735,#298);
#161=LINE('',#2737,#299);
#162=LINE('',#2738,#300);
#163=LINE('',#2740,#301);
#164=LINE('',#2741,#302);
#165=LINE('',#2747,#303);
#166=LINE('',#2748,#304);
#167=LINE('',#2750,#305);
#168=LINE('',#2751,#306);
#169=LINE('',#2753,#307);
#170=LINE('',#2754,#308);
#171=LINE('',#2756,#309);
#172=LINE('',#2757,#310);
#173=LINE('',#2763,#311);
#174=LINE('',#2764,#312);
#175=LINE('',#2766,#313);
#176=LINE('',#2767,#314);
#177=LINE('',#2769,#315);
#178=LINE('',#2770,#316);
#179=LINE('',#2772,#317);
#180=LINE('',#2773,#318);
#181=LINE('',#2779,#319);
#182=LINE('',#2780,#320);
#183=LINE('',#2782,#321);
#184=LINE('',#2783,#322);
#185=LINE('',#2785,#323);
#186=LINE('',#2786,#324);
#187=LINE('',#2788,#325);
#188=LINE('',#2789,#326);
#189=LINE('',#2795,#327);
#190=LINE('',#2796,#328);
#191=LINE('',#2798,#329);
#192=LINE('',#2799,#330);
#193=LINE('',#2801,#331);
#194=LINE('',#2802,#332);
#195=LINE('',#2804,#333);
#196=LINE('',#2805,#334);
#197=LINE('',#2807,#335);
#198=LINE('',#2808,#336);
#199=VECTOR('',#1841,1.);
#200=VECTOR('',#1848,1.);
#201=VECTOR('',#1851,1.);
#202=VECTOR('',#1854,1.);
#203=VECTOR('',#1857,1.);
#204=VECTOR('',#1864,1.);
#205=VECTOR('',#1867,1.);
#206=VECTOR('',#1870,1.);
#207=VECTOR('',#1877,1.);
#208=VECTOR('',#1880,1.);
#209=VECTOR('',#1883,1.);
#210=VECTOR('',#1890,1.);
#211=VECTOR('',#1893,1.);
#212=VECTOR('',#1900,1.);
#213=VECTOR('',#1903,1.);
#214=VECTOR('',#1906,1.);
#215=VECTOR('',#1913,1.);
#216=VECTOR('',#1916,1.);
#217=VECTOR('',#1923,1.);
#218=VECTOR('',#1930,1.);
#219=VECTOR('',#1937,1.);
#220=VECTOR('',#1946,1.);
#221=VECTOR('',#1947,1.);
#222=VECTOR('',#1948,1.);
#223=VECTOR('',#1949,1.);
#224=VECTOR('',#1950,1.);
#225=VECTOR('',#1955,1.);
#226=VECTOR('',#1958,1.);
#227=VECTOR('',#1961,1.);
#228=VECTOR('',#1964,1.);
#229=VECTOR('',#1967,1.);
#230=VECTOR('',#1972,1.);
#231=VECTOR('',#1975,1.);
#232=VECTOR('',#1978,1.);
#233=VECTOR('',#1985,1.);
#234=VECTOR('',#1988,1.);
#235=VECTOR('',#1995,1.);
#236=VECTOR('',#1998,1.);
#237=VECTOR('',#2001,1.);
#238=VECTOR('',#2004,1.);
#239=VECTOR('',#2013,1.);
#240=VECTOR('',#2020,1.);
#241=VECTOR('',#2027,1.);
#242=VECTOR('',#2038,1.);
#243=VECTOR('',#2039,1.);
#244=VECTOR('',#2040,1.);
#245=VECTOR('',#2041,1.);
#246=VECTOR('',#2042,1.);
#247=VECTOR('',#2047,1.);
#248=VECTOR('',#2050,1.);
#249=VECTOR('',#2053,1.);
#250=VECTOR('',#2060,1.);
#251=VECTOR('',#2063,1.);
#252=VECTOR('',#2070,1.);
#253=VECTOR('',#2073,1.);
#254=VECTOR('',#2076,1.);
#255=VECTOR('',#2083,1.);
#256=VECTOR('',#2084,1.);
#257=VECTOR('',#2087,1.);
#258=VECTOR('',#2090,1.);
#259=VECTOR('',#2093,1.);
#260=VECTOR('',#2096,1.);
#261=VECTOR('',#2101,1.);
#262=VECTOR('',#2102,1.);
#263=VECTOR('',#2105,1.);
#264=VECTOR('',#2106,1.);
#265=VECTOR('',#2109,1.);
#266=VECTOR('',#2112,1.);
#267=VECTOR('',#2127,1.);
#268=VECTOR('',#2128,1.);
#269=VECTOR('',#2131,1.);
#270=VECTOR('',#2132,1.);
#271=VECTOR('',#2135,1.);
#272=VECTOR('',#2136,1.);
#273=VECTOR('',#2139,1.);
#274=VECTOR('',#2140,1.);
#275=VECTOR('',#2143,1.);
#276=VECTOR('',#2144,1.);
#277=VECTOR('',#2147,1.);
#278=VECTOR('',#2148,1.);
#279=VECTOR('',#2163,1.);
#280=VECTOR('',#2164,1.);
#281=VECTOR('',#2167,1.);
#282=VECTOR('',#2168,1.);
#283=VECTOR('',#2171,1.);
#284=VECTOR('',#2172,1.);
#285=VECTOR('',#2175,1.);
#286=VECTOR('',#2176,1.);
#287=VECTOR('',#2187,1.);
#288=VECTOR('',#2188,1.);
#289=VECTOR('',#2191,1.);
#290=VECTOR('',#2192,1.);
#291=VECTOR('',#2195,1.);
#292=VECTOR('',#2196,1.);
#293=VECTOR('',#2199,1.);
#294=VECTOR('',#2200,1.);
#295=VECTOR('',#2211,1.);
#296=VECTOR('',#2212,1.);
#297=VECTOR('',#2215,1.);
#298=VECTOR('',#2216,1.);
#299=VECTOR('',#2219,1.);
#300=VECTOR('',#2220,1.);
#301=VECTOR('',#2223,1.);
#302=VECTOR('',#2224,1.);
#303=VECTOR('',#2235,1.);
#304=VECTOR('',#2236,1.);
#305=VECTOR('',#2239,1.);
#306=VECTOR('',#2240,1.);
#307=VECTOR('',#2243,1.);
#308=VECTOR('',#2244,1.);
#309=VECTOR('',#2247,1.);
#310=VECTOR('',#2248,1.);
#311=VECTOR('',#2259,1.);
#312=VECTOR('',#2260,1.);
#313=VECTOR('',#2263,1.);
#314=VECTOR('',#2264,1.);
#315=VECTOR('',#2267,1.);
#316=VECTOR('',#2268,1.);
#317=VECTOR('',#2271,1.);
#318=VECTOR('',#2272,1.);
#319=VECTOR('',#2283,1.);
#320=VECTOR('',#2284,1.);
#321=VECTOR('',#2287,1.);
#322=VECTOR('',#2288,1.);
#323=VECTOR('',#2291,1.);
#324=VECTOR('',#2292,1.);
#325=VECTOR('',#2295,1.);
#326=VECTOR('',#2296,1.);
#327=VECTOR('',#2307,1.);
#328=VECTOR('',#2308,1.);
#329=VECTOR('',#2311,1.);
#330=VECTOR('',#2312,1.);
#331=VECTOR('',#2315,1.);
#332=VECTOR('',#2316,1.);
#333=VECTOR('',#2319,1.);
#334=VECTOR('',#2320,1.);
#335=VECTOR('',#2323,1.);
#336=VECTOR('',#2324,1.);
#337=ORIENTED_EDGE('',*,*,#809,.F.);
#338=ORIENTED_EDGE('',*,*,#810,.T.);
#339=ORIENTED_EDGE('',*,*,#811,.F.);
#340=ORIENTED_EDGE('',*,*,#812,.F.);
#341=ORIENTED_EDGE('',*,*,#813,.F.);
#342=ORIENTED_EDGE('',*,*,#814,.T.);
#343=ORIENTED_EDGE('',*,*,#815,.F.);
#344=ORIENTED_EDGE('',*,*,#816,.T.);
#345=ORIENTED_EDGE('',*,*,#817,.F.);
#346=ORIENTED_EDGE('',*,*,#818,.T.);
#347=ORIENTED_EDGE('',*,*,#819,.F.);
#348=ORIENTED_EDGE('',*,*,#820,.T.);
#349=ORIENTED_EDGE('',*,*,#821,.F.);
#350=ORIENTED_EDGE('',*,*,#822,.F.);
#351=ORIENTED_EDGE('',*,*,#823,.F.);
#352=ORIENTED_EDGE('',*,*,#824,.T.);
#353=ORIENTED_EDGE('',*,*,#825,.F.);
#354=ORIENTED_EDGE('',*,*,#826,.T.);
#355=ORIENTED_EDGE('',*,*,#827,.F.);
#356=ORIENTED_EDGE('',*,*,#828,.F.);
#357=ORIENTED_EDGE('',*,*,#829,.F.);
#358=ORIENTED_EDGE('',*,*,#830,.T.);
#359=ORIENTED_EDGE('',*,*,#831,.F.);
#360=ORIENTED_EDGE('',*,*,#832,.T.);
#361=ORIENTED_EDGE('',*,*,#833,.F.);
#362=ORIENTED_EDGE('',*,*,#834,.T.);
#363=ORIENTED_EDGE('',*,*,#835,.F.);
#364=ORIENTED_EDGE('',*,*,#836,.T.);
#365=ORIENTED_EDGE('',*,*,#837,.F.);
#366=ORIENTED_EDGE('',*,*,#838,.T.);
#367=ORIENTED_EDGE('',*,*,#839,.F.);
#368=ORIENTED_EDGE('',*,*,#840,.T.);
#369=ORIENTED_EDGE('',*,*,#841,.F.);
#370=ORIENTED_EDGE('',*,*,#842,.T.);
#371=ORIENTED_EDGE('',*,*,#843,.F.);
#372=ORIENTED_EDGE('',*,*,#844,.T.);
#373=ORIENTED_EDGE('',*,*,#845,.F.);
#374=ORIENTED_EDGE('',*,*,#846,.T.);
#375=ORIENTED_EDGE('',*,*,#847,.F.);
#376=ORIENTED_EDGE('',*,*,#848,.T.);
#377=ORIENTED_EDGE('',*,*,#849,.F.);
#378=ORIENTED_EDGE('',*,*,#850,.T.);
#379=ORIENTED_EDGE('',*,*,#851,.F.);
#380=ORIENTED_EDGE('',*,*,#852,.T.);
#381=ORIENTED_EDGE('',*,*,#853,.F.);
#382=ORIENTED_EDGE('',*,*,#854,.T.);
#383=ORIENTED_EDGE('',*,*,#855,.F.);
#384=ORIENTED_EDGE('',*,*,#856,.T.);
#385=ORIENTED_EDGE('',*,*,#857,.F.);
#386=ORIENTED_EDGE('',*,*,#858,.F.);
#387=ORIENTED_EDGE('',*,*,#859,.F.);
#388=ORIENTED_EDGE('',*,*,#860,.T.);
#389=ORIENTED_EDGE('',*,*,#861,.F.);
#390=ORIENTED_EDGE('',*,*,#862,.T.);
#391=ORIENTED_EDGE('',*,*,#863,.F.);
#392=ORIENTED_EDGE('',*,*,#864,.F.);
#393=ORIENTED_EDGE('',*,*,#865,.F.);
#394=ORIENTED_EDGE('',*,*,#866,.T.);
#395=ORIENTED_EDGE('',*,*,#867,.F.);
#396=ORIENTED_EDGE('',*,*,#868,.T.);
#397=ORIENTED_EDGE('',*,*,#869,.T.);
#398=ORIENTED_EDGE('',*,*,#870,.T.);
#399=ORIENTED_EDGE('',*,*,#871,.T.);
#400=ORIENTED_EDGE('',*,*,#872,.T.);
#401=ORIENTED_EDGE('',*,*,#873,.T.);
#402=ORIENTED_EDGE('',*,*,#874,.T.);
#403=ORIENTED_EDGE('',*,*,#875,.F.);
#404=ORIENTED_EDGE('',*,*,#876,.F.);
#405=ORIENTED_EDGE('',*,*,#877,.F.);
#406=ORIENTED_EDGE('',*,*,#878,.F.);
#407=ORIENTED_EDGE('',*,*,#879,.F.);
#408=ORIENTED_EDGE('',*,*,#880,.T.);
#409=ORIENTED_EDGE('',*,*,#881,.F.);
#410=ORIENTED_EDGE('',*,*,#882,.T.);
#411=ORIENTED_EDGE('',*,*,#883,.F.);
#412=ORIENTED_EDGE('',*,*,#884,.F.);
#413=ORIENTED_EDGE('',*,*,#885,.F.);
#414=ORIENTED_EDGE('',*,*,#886,.T.);
#415=ORIENTED_EDGE('',*,*,#887,.F.);
#416=ORIENTED_EDGE('',*,*,#888,.T.);
#417=ORIENTED_EDGE('',*,*,#889,.F.);
#418=ORIENTED_EDGE('',*,*,#890,.F.);
#419=ORIENTED_EDGE('',*,*,#891,.F.);
#420=ORIENTED_EDGE('',*,*,#892,.F.);
#421=ORIENTED_EDGE('',*,*,#893,.F.);
#422=ORIENTED_EDGE('',*,*,#894,.F.);
#423=ORIENTED_EDGE('',*,*,#895,.F.);
#424=ORIENTED_EDGE('',*,*,#896,.F.);
#425=ORIENTED_EDGE('',*,*,#897,.F.);
#426=ORIENTED_EDGE('',*,*,#898,.F.);
#427=ORIENTED_EDGE('',*,*,#899,.F.);
#428=ORIENTED_EDGE('',*,*,#900,.F.);
#429=ORIENTED_EDGE('',*,*,#901,.F.);
#430=ORIENTED_EDGE('',*,*,#902,.T.);
#431=ORIENTED_EDGE('',*,*,#903,.F.);
#432=ORIENTED_EDGE('',*,*,#904,.F.);
#433=ORIENTED_EDGE('',*,*,#905,.F.);
#434=ORIENTED_EDGE('',*,*,#906,.F.);
#435=ORIENTED_EDGE('',*,*,#907,.F.);
#436=ORIENTED_EDGE('',*,*,#908,.F.);
#437=ORIENTED_EDGE('',*,*,#909,.F.);
#438=ORIENTED_EDGE('',*,*,#910,.T.);
#439=ORIENTED_EDGE('',*,*,#911,.F.);
#440=ORIENTED_EDGE('',*,*,#912,.T.);
#441=ORIENTED_EDGE('',*,*,#913,.T.);
#442=ORIENTED_EDGE('',*,*,#914,.F.);
#443=ORIENTED_EDGE('',*,*,#915,.F.);
#444=ORIENTED_EDGE('',*,*,#916,.F.);
#445=ORIENTED_EDGE('',*,*,#917,.T.);
#446=ORIENTED_EDGE('',*,*,#918,.F.);
#447=ORIENTED_EDGE('',*,*,#919,.F.);
#448=ORIENTED_EDGE('',*,*,#920,.F.);
#449=ORIENTED_EDGE('',*,*,#921,.F.);
#450=ORIENTED_EDGE('',*,*,#922,.F.);
#451=ORIENTED_EDGE('',*,*,#923,.F.);
#452=ORIENTED_EDGE('',*,*,#924,.F.);
#453=ORIENTED_EDGE('',*,*,#925,.F.);
#454=ORIENTED_EDGE('',*,*,#926,.F.);
#455=ORIENTED_EDGE('',*,*,#927,.F.);
#456=ORIENTED_EDGE('',*,*,#928,.F.);
#457=ORIENTED_EDGE('',*,*,#929,.F.);
#458=ORIENTED_EDGE('',*,*,#930,.T.);
#459=ORIENTED_EDGE('',*,*,#931,.T.);
#460=ORIENTED_EDGE('',*,*,#932,.F.);
#461=ORIENTED_EDGE('',*,*,#933,.T.);
#462=ORIENTED_EDGE('',*,*,#934,.T.);
#463=ORIENTED_EDGE('',*,*,#935,.F.);
#464=ORIENTED_EDGE('',*,*,#936,.F.);
#465=ORIENTED_EDGE('',*,*,#937,.F.);
#466=ORIENTED_EDGE('',*,*,#938,.F.);
#467=ORIENTED_EDGE('',*,*,#939,.F.);
#468=ORIENTED_EDGE('',*,*,#940,.T.);
#469=ORIENTED_EDGE('',*,*,#941,.F.);
#470=ORIENTED_EDGE('',*,*,#942,.T.);
#471=ORIENTED_EDGE('',*,*,#943,.F.);
#472=ORIENTED_EDGE('',*,*,#944,.F.);
#473=ORIENTED_EDGE('',*,*,#945,.F.);
#474=ORIENTED_EDGE('',*,*,#946,.F.);
#475=ORIENTED_EDGE('',*,*,#947,.F.);
#476=ORIENTED_EDGE('',*,*,#948,.T.);
#477=ORIENTED_EDGE('',*,*,#949,.F.);
#478=ORIENTED_EDGE('',*,*,#950,.T.);
#479=ORIENTED_EDGE('',*,*,#951,.F.);
#480=ORIENTED_EDGE('',*,*,#952,.F.);
#481=ORIENTED_EDGE('',*,*,#953,.F.);
#482=ORIENTED_EDGE('',*,*,#954,.F.);
#483=ORIENTED_EDGE('',*,*,#955,.F.);
#484=ORIENTED_EDGE('',*,*,#956,.F.);
#485=ORIENTED_EDGE('',*,*,#957,.F.);
#486=ORIENTED_EDGE('',*,*,#958,.F.);
#487=ORIENTED_EDGE('',*,*,#959,.F.);
#488=ORIENTED_EDGE('',*,*,#960,.F.);
#489=ORIENTED_EDGE('',*,*,#961,.F.);
#490=ORIENTED_EDGE('',*,*,#962,.F.);
#491=ORIENTED_EDGE('',*,*,#963,.F.);
#492=ORIENTED_EDGE('',*,*,#964,.F.);
#493=ORIENTED_EDGE('',*,*,#965,.F.);
#494=ORIENTED_EDGE('',*,*,#966,.F.);
#495=ORIENTED_EDGE('',*,*,#967,.F.);
#496=ORIENTED_EDGE('',*,*,#968,.F.);
#497=ORIENTED_EDGE('',*,*,#933,.F.);
#498=ORIENTED_EDGE('',*,*,#969,.F.);
#499=ORIENTED_EDGE('',*,*,#877,.T.);
#500=ORIENTED_EDGE('',*,*,#970,.T.);
#501=ORIENTED_EDGE('',*,*,#929,.T.);
#502=ORIENTED_EDGE('',*,*,#971,.F.);
#503=ORIENTED_EDGE('',*,*,#873,.F.);
#504=ORIENTED_EDGE('',*,*,#972,.T.);
#505=ORIENTED_EDGE('',*,*,#932,.T.);
#506=ORIENTED_EDGE('',*,*,#973,.F.);
#507=ORIENTED_EDGE('',*,*,#874,.F.);
#508=ORIENTED_EDGE('',*,*,#971,.T.);
#509=ORIENTED_EDGE('',*,*,#931,.F.);
#510=ORIENTED_EDGE('',*,*,#974,.F.);
#511=ORIENTED_EDGE('',*,*,#875,.T.);
#512=ORIENTED_EDGE('',*,*,#973,.T.);
#513=ORIENTED_EDGE('',*,*,#930,.F.);
#514=ORIENTED_EDGE('',*,*,#972,.F.);
#515=ORIENTED_EDGE('',*,*,#876,.T.);
#516=ORIENTED_EDGE('',*,*,#974,.T.);
#517=ORIENTED_EDGE('',*,*,#934,.F.);
#518=ORIENTED_EDGE('',*,*,#970,.F.);
#519=ORIENTED_EDGE('',*,*,#878,.T.);
#520=ORIENTED_EDGE('',*,*,#969,.T.);
#521=ORIENTED_EDGE('',*,*,#872,.F.);
#522=ORIENTED_EDGE('',*,*,#928,.T.);
#523=ORIENTED_EDGE('',*,*,#871,.F.);
#524=ORIENTED_EDGE('',*,*,#927,.T.);
#525=ORIENTED_EDGE('',*,*,#870,.F.);
#526=ORIENTED_EDGE('',*,*,#926,.T.);
#527=ORIENTED_EDGE('',*,*,#869,.F.);
#528=ORIENTED_EDGE('',*,*,#925,.T.);
#529=ORIENTED_EDGE('',*,*,#858,.T.);
#530=ORIENTED_EDGE('',*,*,#975,.F.);
#531=ORIENTED_EDGE('',*,*,#921,.T.);
#532=ORIENTED_EDGE('',*,*,#976,.F.);
#533=ORIENTED_EDGE('',*,*,#977,.F.);
#534=ORIENTED_EDGE('',*,*,#913,.F.);
#535=ORIENTED_EDGE('',*,*,#978,.F.);
#536=ORIENTED_EDGE('',*,*,#866,.F.);
#537=ORIENTED_EDGE('',*,*,#979,.F.);
#538=ORIENTED_EDGE('',*,*,#917,.F.);
#539=ORIENTED_EDGE('',*,*,#980,.F.);
#540=ORIENTED_EDGE('',*,*,#862,.F.);
#541=ORIENTED_EDGE('',*,*,#864,.T.);
#542=ORIENTED_EDGE('',*,*,#981,.F.);
#543=ORIENTED_EDGE('',*,*,#915,.T.);
#544=ORIENTED_EDGE('',*,*,#982,.F.);
#545=ORIENTED_EDGE('',*,*,#983,.F.);
#546=ORIENTED_EDGE('',*,*,#919,.T.);
#547=ORIENTED_EDGE('',*,*,#984,.F.);
#548=ORIENTED_EDGE('',*,*,#860,.F.);
#549=ORIENTED_EDGE('',*,*,#985,.F.);
#550=ORIENTED_EDGE('',*,*,#923,.T.);
#551=ORIENTED_EDGE('',*,*,#986,.F.);
#552=ORIENTED_EDGE('',*,*,#868,.F.);
#553=ORIENTED_EDGE('',*,*,#859,.T.);
#554=ORIENTED_EDGE('',*,*,#976,.T.);
#555=ORIENTED_EDGE('',*,*,#920,.T.);
#556=ORIENTED_EDGE('',*,*,#983,.T.);
#557=ORIENTED_EDGE('',*,*,#857,.T.);
#558=ORIENTED_EDGE('',*,*,#986,.T.);
#559=ORIENTED_EDGE('',*,*,#922,.T.);
#560=ORIENTED_EDGE('',*,*,#975,.T.);
#561=ORIENTED_EDGE('',*,*,#867,.T.);
#562=ORIENTED_EDGE('',*,*,#978,.T.);
#563=ORIENTED_EDGE('',*,*,#924,.T.);
#564=ORIENTED_EDGE('',*,*,#985,.T.);
#565=ORIENTED_EDGE('',*,*,#861,.T.);
#566=ORIENTED_EDGE('',*,*,#984,.T.);
#567=ORIENTED_EDGE('',*,*,#918,.T.);
#568=ORIENTED_EDGE('',*,*,#979,.T.);
#569=ORIENTED_EDGE('',*,*,#865,.T.);
#570=ORIENTED_EDGE('',*,*,#982,.T.);
#571=ORIENTED_EDGE('',*,*,#914,.T.);
#572=ORIENTED_EDGE('',*,*,#977,.T.);
#573=ORIENTED_EDGE('',*,*,#863,.T.);
#574=ORIENTED_EDGE('',*,*,#980,.T.);
#575=ORIENTED_EDGE('',*,*,#916,.T.);
#576=ORIENTED_EDGE('',*,*,#981,.T.);
#577=ORIENTED_EDGE('',*,*,#987,.F.);
#578=ORIENTED_EDGE('',*,*,#940,.F.);
#579=ORIENTED_EDGE('',*,*,#988,.F.);
#580=ORIENTED_EDGE('',*,*,#854,.F.);
#581=ORIENTED_EDGE('',*,*,#989,.F.);
#582=ORIENTED_EDGE('',*,*,#942,.F.);
#583=ORIENTED_EDGE('',*,*,#990,.F.);
#584=ORIENTED_EDGE('',*,*,#852,.F.);
#585=ORIENTED_EDGE('',*,*,#991,.F.);
#586=ORIENTED_EDGE('',*,*,#938,.T.);
#587=ORIENTED_EDGE('',*,*,#992,.F.);
#588=ORIENTED_EDGE('',*,*,#856,.F.);
#589=ORIENTED_EDGE('',*,*,#993,.F.);
#590=ORIENTED_EDGE('',*,*,#936,.T.);
#591=ORIENTED_EDGE('',*,*,#994,.F.);
#592=ORIENTED_EDGE('',*,*,#850,.F.);
#593=ORIENTED_EDGE('',*,*,#849,.T.);
#594=ORIENTED_EDGE('',*,*,#992,.T.);
#595=ORIENTED_EDGE('',*,*,#937,.T.);
#596=ORIENTED_EDGE('',*,*,#993,.T.);
#597=ORIENTED_EDGE('',*,*,#851,.T.);
#598=ORIENTED_EDGE('',*,*,#994,.T.);
#599=ORIENTED_EDGE('',*,*,#935,.T.);
#600=ORIENTED_EDGE('',*,*,#989,.T.);
#601=ORIENTED_EDGE('',*,*,#855,.T.);
#602=ORIENTED_EDGE('',*,*,#988,.T.);
#603=ORIENTED_EDGE('',*,*,#939,.T.);
#604=ORIENTED_EDGE('',*,*,#991,.T.);
#605=ORIENTED_EDGE('',*,*,#853,.T.);
#606=ORIENTED_EDGE('',*,*,#990,.T.);
#607=ORIENTED_EDGE('',*,*,#941,.T.);
#608=ORIENTED_EDGE('',*,*,#987,.T.);
#609=ORIENTED_EDGE('',*,*,#995,.F.);
#610=ORIENTED_EDGE('',*,*,#910,.F.);
#611=ORIENTED_EDGE('',*,*,#996,.F.);
#612=ORIENTED_EDGE('',*,*,#846,.F.);
#613=ORIENTED_EDGE('',*,*,#997,.F.);
#614=ORIENTED_EDGE('',*,*,#912,.F.);
#615=ORIENTED_EDGE('',*,*,#998,.F.);
#616=ORIENTED_EDGE('',*,*,#844,.F.);
#617=ORIENTED_EDGE('',*,*,#999,.F.);
#618=ORIENTED_EDGE('',*,*,#908,.T.);
#619=ORIENTED_EDGE('',*,*,#1000,.F.);
#620=ORIENTED_EDGE('',*,*,#848,.F.);
#621=ORIENTED_EDGE('',*,*,#1001,.F.);
#622=ORIENTED_EDGE('',*,*,#906,.T.);
#623=ORIENTED_EDGE('',*,*,#1002,.F.);
#624=ORIENTED_EDGE('',*,*,#842,.F.);
#625=ORIENTED_EDGE('',*,*,#841,.T.);
#626=ORIENTED_EDGE('',*,*,#1000,.T.);
#627=ORIENTED_EDGE('',*,*,#907,.T.);
#628=ORIENTED_EDGE('',*,*,#1001,.T.);
#629=ORIENTED_EDGE('',*,*,#843,.T.);
#630=ORIENTED_EDGE('',*,*,#1002,.T.);
#631=ORIENTED_EDGE('',*,*,#905,.T.);
#632=ORIENTED_EDGE('',*,*,#997,.T.);
#633=ORIENTED_EDGE('',*,*,#847,.T.);
#634=ORIENTED_EDGE('',*,*,#996,.T.);
#635=ORIENTED_EDGE('',*,*,#909,.T.);
#636=ORIENTED_EDGE('',*,*,#999,.T.);
#637=ORIENTED_EDGE('',*,*,#845,.T.);
#638=ORIENTED_EDGE('',*,*,#998,.T.);
#639=ORIENTED_EDGE('',*,*,#911,.T.);
#640=ORIENTED_EDGE('',*,*,#995,.T.);
#641=ORIENTED_EDGE('',*,*,#1003,.F.);
#642=ORIENTED_EDGE('',*,*,#950,.F.);
#643=ORIENTED_EDGE('',*,*,#1004,.F.);
#644=ORIENTED_EDGE('',*,*,#836,.F.);
#645=ORIENTED_EDGE('',*,*,#1005,.F.);
#646=ORIENTED_EDGE('',*,*,#948,.F.);
#647=ORIENTED_EDGE('',*,*,#1006,.F.);
#648=ORIENTED_EDGE('',*,*,#838,.F.);
#649=ORIENTED_EDGE('',*,*,#1007,.F.);
#650=ORIENTED_EDGE('',*,*,#944,.T.);
#651=ORIENTED_EDGE('',*,*,#1008,.F.);
#652=ORIENTED_EDGE('',*,*,#834,.F.);
#653=ORIENTED_EDGE('',*,*,#1009,.F.);
#654=ORIENTED_EDGE('',*,*,#946,.T.);
#655=ORIENTED_EDGE('',*,*,#1010,.F.);
#656=ORIENTED_EDGE('',*,*,#840,.F.);
#657=ORIENTED_EDGE('',*,*,#833,.T.);
#658=ORIENTED_EDGE('',*,*,#1010,.T.);
#659=ORIENTED_EDGE('',*,*,#945,.T.);
#660=ORIENTED_EDGE('',*,*,#1007,.T.);
#661=ORIENTED_EDGE('',*,*,#839,.T.);
#662=ORIENTED_EDGE('',*,*,#1006,.T.);
#663=ORIENTED_EDGE('',*,*,#947,.T.);
#664=ORIENTED_EDGE('',*,*,#1009,.T.);
#665=ORIENTED_EDGE('',*,*,#835,.T.);
#666=ORIENTED_EDGE('',*,*,#1008,.T.);
#667=ORIENTED_EDGE('',*,*,#943,.T.);
#668=ORIENTED_EDGE('',*,*,#1003,.T.);
#669=ORIENTED_EDGE('',*,*,#837,.T.);
#670=ORIENTED_EDGE('',*,*,#1004,.T.);
#671=ORIENTED_EDGE('',*,*,#949,.T.);
#672=ORIENTED_EDGE('',*,*,#1005,.T.);
#673=ORIENTED_EDGE('',*,*,#828,.T.);
#674=ORIENTED_EDGE('',*,*,#1011,.F.);
#675=ORIENTED_EDGE('',*,*,#904,.T.);
#676=ORIENTED_EDGE('',*,*,#1012,.F.);
#677=ORIENTED_EDGE('',*,*,#1013,.F.);
#678=ORIENTED_EDGE('',*,*,#902,.F.);
#679=ORIENTED_EDGE('',*,*,#1014,.F.);
#680=ORIENTED_EDGE('',*,*,#830,.F.);
#681=ORIENTED_EDGE('',*,*,#1015,.F.);
#682=ORIENTED_EDGE('',*,*,#898,.T.);
#683=ORIENTED_EDGE('',*,*,#1016,.F.);
#684=ORIENTED_EDGE('',*,*,#826,.F.);
#685=ORIENTED_EDGE('',*,*,#1017,.F.);
#686=ORIENTED_EDGE('',*,*,#900,.T.);
#687=ORIENTED_EDGE('',*,*,#1018,.F.);
#688=ORIENTED_EDGE('',*,*,#832,.F.);
#689=ORIENTED_EDGE('',*,*,#825,.T.);
#690=ORIENTED_EDGE('',*,*,#1018,.T.);
#691=ORIENTED_EDGE('',*,*,#899,.T.);
#692=ORIENTED_EDGE('',*,*,#1015,.T.);
#693=ORIENTED_EDGE('',*,*,#831,.T.);
#694=ORIENTED_EDGE('',*,*,#1014,.T.);
#695=ORIENTED_EDGE('',*,*,#901,.T.);
#696=ORIENTED_EDGE('',*,*,#1017,.T.);
#697=ORIENTED_EDGE('',*,*,#827,.T.);
#698=ORIENTED_EDGE('',*,*,#1016,.T.);
#699=ORIENTED_EDGE('',*,*,#897,.T.);
#700=ORIENTED_EDGE('',*,*,#1011,.T.);
#701=ORIENTED_EDGE('',*,*,#829,.T.);
#702=ORIENTED_EDGE('',*,*,#1012,.T.);
#703=ORIENTED_EDGE('',*,*,#903,.T.);
#704=ORIENTED_EDGE('',*,*,#1013,.T.);
#705=ORIENTED_EDGE('',*,*,#822,.T.);
#706=ORIENTED_EDGE('',*,*,#1019,.F.);
#707=ORIENTED_EDGE('',*,*,#956,.T.);
#708=ORIENTED_EDGE('',*,*,#1020,.F.);
#709=ORIENTED_EDGE('',*,*,#1021,.F.);
#710=ORIENTED_EDGE('',*,*,#952,.T.);
#711=ORIENTED_EDGE('',*,*,#1022,.F.);
#712=ORIENTED_EDGE('',*,*,#818,.F.);
#713=ORIENTED_EDGE('',*,*,#1023,.F.);
#714=ORIENTED_EDGE('',*,*,#958,.T.);
#715=ORIENTED_EDGE('',*,*,#1024,.F.);
#716=ORIENTED_EDGE('',*,*,#820,.F.);
#717=ORIENTED_EDGE('',*,*,#1025,.F.);
#718=ORIENTED_EDGE('',*,*,#954,.T.);
#719=ORIENTED_EDGE('',*,*,#1026,.F.);
#720=ORIENTED_EDGE('',*,*,#824,.F.);
#721=ORIENTED_EDGE('',*,*,#817,.T.);
#722=ORIENTED_EDGE('',*,*,#1026,.T.);
#723=ORIENTED_EDGE('',*,*,#953,.T.);
#724=ORIENTED_EDGE('',*,*,#1021,.T.);
#725=ORIENTED_EDGE('',*,*,#819,.T.);
#726=ORIENTED_EDGE('',*,*,#1022,.T.);
#727=ORIENTED_EDGE('',*,*,#951,.T.);
#728=ORIENTED_EDGE('',*,*,#1023,.T.);
#729=ORIENTED_EDGE('',*,*,#823,.T.);
#730=ORIENTED_EDGE('',*,*,#1020,.T.);
#731=ORIENTED_EDGE('',*,*,#955,.T.);
#732=ORIENTED_EDGE('',*,*,#1025,.T.);
#733=ORIENTED_EDGE('',*,*,#821,.T.);
#734=ORIENTED_EDGE('',*,*,#1024,.T.);
#735=ORIENTED_EDGE('',*,*,#957,.T.);
#736=ORIENTED_EDGE('',*,*,#1019,.T.);
#737=ORIENTED_EDGE('',*,*,#812,.T.);
#738=ORIENTED_EDGE('',*,*,#1027,.F.);
#739=ORIENTED_EDGE('',*,*,#896,.T.);
#740=ORIENTED_EDGE('',*,*,#1028,.F.);
#741=ORIENTED_EDGE('',*,*,#1029,.F.);
#742=ORIENTED_EDGE('',*,*,#890,.T.);
#743=ORIENTED_EDGE('',*,*,#1030,.F.);
#744=ORIENTED_EDGE('',*,*,#810,.F.);
#745=ORIENTED_EDGE('',*,*,#1031,.F.);
#746=ORIENTED_EDGE('',*,*,#894,.T.);
#747=ORIENTED_EDGE('',*,*,#1032,.F.);
#748=ORIENTED_EDGE('',*,*,#814,.F.);
#749=ORIENTED_EDGE('',*,*,#1033,.F.);
#750=ORIENTED_EDGE('',*,*,#892,.T.);
#751=ORIENTED_EDGE('',*,*,#1034,.F.);
#752=ORIENTED_EDGE('',*,*,#816,.F.);
#753=ORIENTED_EDGE('',*,*,#809,.T.);
#754=ORIENTED_EDGE('',*,*,#1034,.T.);
#755=ORIENTED_EDGE('',*,*,#891,.T.);
#756=ORIENTED_EDGE('',*,*,#1029,.T.);
#757=ORIENTED_EDGE('',*,*,#815,.T.);
#758=ORIENTED_EDGE('',*,*,#1032,.T.);
#759=ORIENTED_EDGE('',*,*,#893,.T.);
#760=ORIENTED_EDGE('',*,*,#1033,.T.);
#761=ORIENTED_EDGE('',*,*,#811,.T.);
#762=ORIENTED_EDGE('',*,*,#1030,.T.);
#763=ORIENTED_EDGE('',*,*,#889,.T.);
#764=ORIENTED_EDGE('',*,*,#1027,.T.);
#765=ORIENTED_EDGE('',*,*,#813,.T.);
#766=ORIENTED_EDGE('',*,*,#1028,.T.);
#767=ORIENTED_EDGE('',*,*,#895,.T.);
#768=ORIENTED_EDGE('',*,*,#1031,.T.);
#769=ORIENTED_EDGE('',*,*,#884,.T.);
#770=ORIENTED_EDGE('',*,*,#1035,.F.);
#771=ORIENTED_EDGE('',*,*,#963,.T.);
#772=ORIENTED_EDGE('',*,*,#1036,.F.);
#773=ORIENTED_EDGE('',*,*,#1037,.F.);
#774=ORIENTED_EDGE('',*,*,#965,.T.);
#775=ORIENTED_EDGE('',*,*,#1038,.F.);
#776=ORIENTED_EDGE('',*,*,#882,.F.);
#777=ORIENTED_EDGE('',*,*,#1039,.F.);
#778=ORIENTED_EDGE('',*,*,#967,.T.);
#779=ORIENTED_EDGE('',*,*,#1040,.F.);
#780=ORIENTED_EDGE('',*,*,#880,.F.);
#781=ORIENTED_EDGE('',*,*,#1041,.F.);
#782=ORIENTED_EDGE('',*,*,#961,.T.);
#783=ORIENTED_EDGE('',*,*,#1042,.F.);
#784=ORIENTED_EDGE('',*,*,#886,.F.);
#785=ORIENTED_EDGE('',*,*,#1043,.F.);
#786=ORIENTED_EDGE('',*,*,#959,.T.);
#787=ORIENTED_EDGE('',*,*,#1044,.F.);
#788=ORIENTED_EDGE('',*,*,#888,.F.);
#789=ORIENTED_EDGE('',*,*,#881,.T.);
#790=ORIENTED_EDGE('',*,*,#1040,.T.);
#791=ORIENTED_EDGE('',*,*,#966,.T.);
#792=ORIENTED_EDGE('',*,*,#1037,.T.);
#793=ORIENTED_EDGE('',*,*,#887,.T.);
#794=ORIENTED_EDGE('',*,*,#1042,.T.);
#795=ORIENTED_EDGE('',*,*,#960,.T.);
#796=ORIENTED_EDGE('',*,*,#1043,.T.);
#797=ORIENTED_EDGE('',*,*,#879,.T.);
#798=ORIENTED_EDGE('',*,*,#1044,.T.);
#799=ORIENTED_EDGE('',*,*,#968,.T.);
#800=ORIENTED_EDGE('',*,*,#1039,.T.);
#801=ORIENTED_EDGE('',*,*,#883,.T.);
#802=ORIENTED_EDGE('',*,*,#1038,.T.);
#803=ORIENTED_EDGE('',*,*,#964,.T.);
#804=ORIENTED_EDGE('',*,*,#1035,.T.);
#805=ORIENTED_EDGE('',*,*,#885,.T.);
#806=ORIENTED_EDGE('',*,*,#1036,.T.);
#807=ORIENTED_EDGE('',*,*,#962,.T.);
#808=ORIENTED_EDGE('',*,*,#1041,.T.);
#809=EDGE_CURVE('',#1045,#1046,#1205,.T.);
#810=EDGE_CURVE('',#1045,#1047,#61,.T.);
#811=EDGE_CURVE('',#1048,#1047,#1206,.T.);
#812=EDGE_CURVE('',#1049,#1048,#1207,.F.);
#813=EDGE_CURVE('',#1050,#1049,#1208,.T.);
#814=EDGE_CURVE('',#1050,#1051,#62,.T.);
#815=EDGE_CURVE('',#1052,#1051,#1209,.T.);
#816=EDGE_CURVE('',#1052,#1046,#63,.T.);
#817=EDGE_CURVE('',#1053,#1054,#1210,.T.);
#818=EDGE_CURVE('',#1053,#1055,#64,.T.);
#819=EDGE_CURVE('',#1056,#1055,#1211,.T.);
#820=EDGE_CURVE('',#1056,#1057,#65,.T.);
#821=EDGE_CURVE('',#1058,#1057,#1212,.T.);
#822=EDGE_CURVE('',#1059,#1058,#1213,.F.);
#823=EDGE_CURVE('',#1060,#1059,#1214,.T.);
#824=EDGE_CURVE('',#1060,#1054,#66,.T.);
#825=EDGE_CURVE('',#1061,#1062,#1215,.T.);
#826=EDGE_CURVE('',#1061,#1063,#67,.T.);
#827=EDGE_CURVE('',#1064,#1063,#1216,.T.);
#828=EDGE_CURVE('',#1065,#1064,#68,.T.);
#829=EDGE_CURVE('',#1066,#1065,#1217,.T.);
#830=EDGE_CURVE('',#1066,#1067,#1218,.T.);
#831=EDGE_CURVE('',#1068,#1067,#1219,.T.);
#832=EDGE_CURVE('',#1068,#1062,#69,.T.);
#833=EDGE_CURVE('',#1069,#1070,#1220,.T.);
#834=EDGE_CURVE('',#1069,#1071,#70,.T.);
#835=EDGE_CURVE('',#1072,#1071,#1221,.T.);
#836=EDGE_CURVE('',#1072,#1073,#71,.T.);
#837=EDGE_CURVE('',#1074,#1073,#1222,.T.);
#838=EDGE_CURVE('',#1074,#1075,#1223,.T.);
#839=EDGE_CURVE('',#1076,#1075,#1224,.T.);
#840=EDGE_CURVE('',#1076,#1070,#72,.T.);
#841=EDGE_CURVE('',#1077,#1078,#1225,.T.);
#842=EDGE_CURVE('',#1077,#1079,#73,.T.);
#843=EDGE_CURVE('',#1080,#1079,#1226,.T.);
#844=EDGE_CURVE('',#1080,#1081,#1227,.T.);
#845=EDGE_CURVE('',#1082,#1081,#1228,.T.);
#846=EDGE_CURVE('',#1082,#1083,#74,.T.);
#847=EDGE_CURVE('',#1084,#1083,#1229,.T.);
#848=EDGE_CURVE('',#1084,#1078,#75,.T.);
#849=EDGE_CURVE('',#1085,#1086,#1230,.T.);
#850=EDGE_CURVE('',#1085,#1087,#76,.T.);
#851=EDGE_CURVE('',#1088,#1087,#1231,.T.);
#852=EDGE_CURVE('',#1088,#1089,#1232,.T.);
#853=EDGE_CURVE('',#1090,#1089,#1233,.T.);
#854=EDGE_CURVE('',#1090,#1091,#77,.T.);
#855=EDGE_CURVE('',#1092,#1091,#1234,.T.);
#856=EDGE_CURVE('',#1092,#1086,#78,.T.);
#857=EDGE_CURVE('',#1093,#1094,#1235,.T.);
#858=EDGE_CURVE('',#1095,#1093,#1236,.F.);
#859=EDGE_CURVE('',#1096,#1095,#1237,.T.);
#860=EDGE_CURVE('',#1096,#1097,#79,.T.);
#861=EDGE_CURVE('',#1098,#1097,#1238,.T.);
#862=EDGE_CURVE('',#1098,#1099,#1239,.T.);
#863=EDGE_CURVE('',#1100,#1099,#1240,.T.);
#864=EDGE_CURVE('',#1101,#1100,#80,.T.);
#865=EDGE_CURVE('',#1102,#1101,#1241,.T.);
#866=EDGE_CURVE('',#1102,#1103,#1242,.T.);
#867=EDGE_CURVE('',#1104,#1103,#1243,.T.);
#868=EDGE_CURVE('',#1104,#1094,#81,.T.);
#869=EDGE_CURVE('',#1105,#1105,#1244,.T.);
#870=EDGE_CURVE('',#1106,#1106,#1245,.T.);
#871=EDGE_CURVE('',#1107,#1107,#1246,.T.);
#872=EDGE_CURVE('',#1108,#1108,#1247,.T.);
#873=EDGE_CURVE('',#1109,#1110,#82,.T.);
#874=EDGE_CURVE('',#1110,#1111,#83,.T.);
#875=EDGE_CURVE('',#1112,#1111,#84,.T.);
#876=EDGE_CURVE('',#1109,#1112,#85,.T.);
#877=EDGE_CURVE('',#1113,#1114,#86,.T.);
#878=EDGE_CURVE('',#1114,#1113,#1248,.T.);
#879=EDGE_CURVE('',#1115,#1116,#1249,.T.);
#880=EDGE_CURVE('',#1115,#1117,#87,.T.);
#881=EDGE_CURVE('',#1118,#1117,#1250,.T.);
#882=EDGE_CURVE('',#1118,#1119,#88,.T.);
#883=EDGE_CURVE('',#1120,#1119,#1251,.T.);
#884=EDGE_CURVE('',#1121,#1120,#89,.T.);
#885=EDGE_CURVE('',#1122,#1121,#1252,.T.);
#886=EDGE_CURVE('',#1122,#1123,#90,.T.);
#887=EDGE_CURVE('',#1124,#1123,#1253,.T.);
#888=EDGE_CURVE('',#1124,#1116,#91,.T.);
#889=EDGE_CURVE('',#1125,#1126,#1254,.F.);
#890=EDGE_CURVE('',#1127,#1125,#92,.T.);
#891=EDGE_CURVE('',#1128,#1127,#1255,.F.);
#892=EDGE_CURVE('',#1129,#1128,#93,.T.);
#893=EDGE_CURVE('',#1130,#1129,#1256,.F.);
#894=EDGE_CURVE('',#1131,#1130,#94,.T.);
#895=EDGE_CURVE('',#1132,#1131,#1257,.F.);
#896=EDGE_CURVE('',#1126,#1132,#1258,.T.);
#897=EDGE_CURVE('',#1133,#1134,#1259,.F.);
#898=EDGE_CURVE('',#1135,#1133,#95,.T.);
#899=EDGE_CURVE('',#1136,#1135,#1260,.F.);
#900=EDGE_CURVE('',#1137,#1136,#96,.T.);
#901=EDGE_CURVE('',#1138,#1137,#1261,.F.);
#902=EDGE_CURVE('',#1138,#1139,#1262,.F.);
#903=EDGE_CURVE('',#1140,#1139,#1263,.F.);
#904=EDGE_CURVE('',#1134,#1140,#97,.T.);
#905=EDGE_CURVE('',#1141,#1142,#1264,.F.);
#906=EDGE_CURVE('',#1143,#1141,#98,.T.);
#907=EDGE_CURVE('',#1144,#1143,#1265,.F.);
#908=EDGE_CURVE('',#1145,#1144,#99,.T.);
#909=EDGE_CURVE('',#1146,#1145,#1266,.F.);
#910=EDGE_CURVE('',#1146,#1147,#100,.T.);
#911=EDGE_CURVE('',#1148,#1147,#1267,.F.);
#912=EDGE_CURVE('',#1148,#1142,#1268,.F.);
#913=EDGE_CURVE('',#1149,#1150,#1269,.F.);
#914=EDGE_CURVE('',#1151,#1150,#1270,.F.);
#915=EDGE_CURVE('',#1152,#1151,#101,.T.);
#916=EDGE_CURVE('',#1153,#1152,#1271,.F.);
#917=EDGE_CURVE('',#1153,#1154,#1272,.F.);
#918=EDGE_CURVE('',#1155,#1154,#1273,.F.);
#919=EDGE_CURVE('',#1156,#1155,#102,.T.);
#920=EDGE_CURVE('',#1157,#1156,#1274,.F.);
#921=EDGE_CURVE('',#1158,#1157,#1275,.T.);
#922=EDGE_CURVE('',#1159,#1158,#1276,.F.);
#923=EDGE_CURVE('',#1160,#1159,#103,.T.);
#924=EDGE_CURVE('',#1149,#1160,#1277,.F.);
#925=EDGE_CURVE('',#1161,#1161,#1278,.F.);
#926=EDGE_CURVE('',#1162,#1162,#1279,.F.);
#927=EDGE_CURVE('',#1163,#1163,#1280,.F.);
#928=EDGE_CURVE('',#1164,#1164,#1281,.F.);
#929=EDGE_CURVE('',#1165,#1166,#104,.T.);
#930=EDGE_CURVE('',#1165,#1167,#105,.T.);
#931=EDGE_CURVE('',#1167,#1168,#106,.T.);
#932=EDGE_CURVE('',#1166,#1168,#107,.T.);
#933=EDGE_CURVE('',#1169,#1170,#108,.T.);
#934=EDGE_CURVE('',#1170,#1169,#1282,.T.);
#935=EDGE_CURVE('',#1171,#1172,#1283,.F.);
#936=EDGE_CURVE('',#1173,#1171,#109,.T.);
#937=EDGE_CURVE('',#1174,#1173,#1284,.F.);
#938=EDGE_CURVE('',#1175,#1174,#110,.T.);
#939=EDGE_CURVE('',#1176,#1175,#1285,.F.);
#940=EDGE_CURVE('',#1176,#1177,#111,.T.);
#941=EDGE_CURVE('',#1178,#1177,#1286,.F.);
#942=EDGE_CURVE('',#1178,#1172,#1287,.F.);
#943=EDGE_CURVE('',#1179,#1180,#1288,.F.);
#944=EDGE_CURVE('',#1181,#1179,#112,.T.);
#945=EDGE_CURVE('',#1182,#1181,#1289,.F.);
#946=EDGE_CURVE('',#1183,#1182,#113,.T.);
#947=EDGE_CURVE('',#1184,#1183,#1290,.F.);
#948=EDGE_CURVE('',#1184,#1185,#1291,.F.);
#949=EDGE_CURVE('',#1186,#1185,#1292,.F.);
#950=EDGE_CURVE('',#1186,#1180,#114,.T.);
#951=EDGE_CURVE('',#1187,#1188,#1293,.F.);
#952=EDGE_CURVE('',#1189,#1187,#115,.T.);
#953=EDGE_CURVE('',#1190,#1189,#1294,.F.);
#954=EDGE_CURVE('',#1191,#1190,#116,.T.);
#955=EDGE_CURVE('',#1192,#1191,#1295,.F.);
#956=EDGE_CURVE('',#1193,#1192,#1296,.T.);
#957=EDGE_CURVE('',#1194,#1193,#1297,.F.);
#958=EDGE_CURVE('',#1188,#1194,#117,.T.);
#959=EDGE_CURVE('',#1195,#1196,#118,.T.);
#960=EDGE_CURVE('',#1197,#1195,#1298,.F.);
#961=EDGE_CURVE('',#1198,#1197,#119,.T.);
#962=EDGE_CURVE('',#1199,#1198,#1299,.F.);
#963=EDGE_CURVE('',#1200,#1199,#120,.T.);
#964=EDGE_CURVE('',#1201,#1200,#1300,.F.);
#965=EDGE_CURVE('',#1202,#1201,#121,.T.);
#966=EDGE_CURVE('',#1203,#1202,#1301,.F.);
#967=EDGE_CURVE('',#1204,#1203,#122,.T.);
#968=EDGE_CURVE('',#1196,#1204,#1302,.F.);
#969=EDGE_CURVE('',#1113,#1169,#123,.T.);
#970=EDGE_CURVE('',#1114,#1170,#124,.T.);
#971=EDGE_CURVE('',#1110,#1166,#125,.T.);
#972=EDGE_CURVE('',#1109,#1165,#126,.T.);
#973=EDGE_CURVE('',#1111,#1168,#127,.T.);
#974=EDGE_CURVE('',#1112,#1167,#128,.T.);
#975=EDGE_CURVE('',#1158,#1093,#129,.F.);
#976=EDGE_CURVE('',#1095,#1157,#130,.T.);
#977=EDGE_CURVE('',#1150,#1102,#131,.F.);
#978=EDGE_CURVE('',#1103,#1149,#132,.T.);
#979=EDGE_CURVE('',#1154,#1098,#133,.F.);
#980=EDGE_CURVE('',#1099,#1153,#134,.T.);
#981=EDGE_CURVE('',#1152,#1100,#135,.T.);
#982=EDGE_CURVE('',#1101,#1151,#136,.F.);
#983=EDGE_CURVE('',#1156,#1096,#137,.T.);
#984=EDGE_CURVE('',#1097,#1155,#138,.T.);
#985=EDGE_CURVE('',#1160,#1104,#139,.F.);
#986=EDGE_CURVE('',#1094,#1159,#140,.F.);
#987=EDGE_CURVE('',#1177,#1090,#141,.F.);
#988=EDGE_CURVE('',#1091,#1176,#142,.F.);
#989=EDGE_CURVE('',#1172,#1088,#143,.F.);
#990=EDGE_CURVE('',#1089,#1178,#144,.T.);
#991=EDGE_CURVE('',#1175,#1092,#145,.T.);
#992=EDGE_CURVE('',#1086,#1174,#146,.T.);
#993=EDGE_CURVE('',#1173,#1085,#147,.F.);
#994=EDGE_CURVE('',#1087,#1171,#148,.T.);
#995=EDGE_CURVE('',#1147,#1082,#149,.F.);
#996=EDGE_CURVE('',#1083,#1146,#150,.F.);
#997=EDGE_CURVE('',#1142,#1080,#151,.F.);
#998=EDGE_CURVE('',#1081,#1148,#152,.T.);
#999=EDGE_CURVE('',#1145,#1084,#153,.T.);
#1000=EDGE_CURVE('',#1078,#1144,#154,.F.);
#1001=EDGE_CURVE('',#1143,#1077,#155,.T.);
#1002=EDGE_CURVE('',#1079,#1141,#156,.T.);
#1003=EDGE_CURVE('',#1180,#1072,#157,.F.);
#1004=EDGE_CURVE('',#1073,#1186,#158,.T.);
#1005=EDGE_CURVE('',#1185,#1074,#159,.F.);
#1006=EDGE_CURVE('',#1075,#1184,#160,.T.);
#1007=EDGE_CURVE('',#1181,#1069,#161,.F.);
#1008=EDGE_CURVE('',#1071,#1179,#162,.T.);
#1009=EDGE_CURVE('',#1183,#1076,#163,.F.);
#1010=EDGE_CURVE('',#1070,#1182,#164,.T.);
#1011=EDGE_CURVE('',#1134,#1064,#165,.T.);
#1012=EDGE_CURVE('',#1065,#1140,#166,.F.);
#1013=EDGE_CURVE('',#1139,#1066,#167,.F.);
#1014=EDGE_CURVE('',#1067,#1138,#168,.T.);
#1015=EDGE_CURVE('',#1135,#1061,#169,.F.);
#1016=EDGE_CURVE('',#1063,#1133,#170,.F.);
#1017=EDGE_CURVE('',#1137,#1068,#171,.F.);
#1018=EDGE_CURVE('',#1062,#1136,#172,.T.);
#1019=EDGE_CURVE('',#1193,#1058,#173,.F.);
#1020=EDGE_CURVE('',#1059,#1192,#174,.T.);
#1021=EDGE_CURVE('',#1189,#1053,#175,.F.);
#1022=EDGE_CURVE('',#1055,#1187,#176,.F.);
#1023=EDGE_CURVE('',#1188,#1056,#177,.T.);
#1024=EDGE_CURVE('',#1057,#1194,#178,.F.);
#1025=EDGE_CURVE('',#1191,#1060,#179,.T.);
#1026=EDGE_CURVE('',#1054,#1190,#180,.T.);
#1027=EDGE_CURVE('',#1126,#1048,#181,.F.);
#1028=EDGE_CURVE('',#1049,#1132,#182,.T.);
#1029=EDGE_CURVE('',#1127,#1045,#183,.T.);
#1030=EDGE_CURVE('',#1047,#1125,#184,.F.);
#1031=EDGE_CURVE('',#1131,#1050,#185,.T.);
#1032=EDGE_CURVE('',#1051,#1130,#186,.F.);
#1033=EDGE_CURVE('',#1129,#1052,#187,.T.);
#1034=EDGE_CURVE('',#1046,#1128,#188,.F.);
#1035=EDGE_CURVE('',#1200,#1120,#189,.T.);
#1036=EDGE_CURVE('',#1121,#1199,#190,.T.);
#1037=EDGE_CURVE('',#1202,#1118,#191,.T.);
#1038=EDGE_CURVE('',#1119,#1201,#192,.F.);
#1039=EDGE_CURVE('',#1204,#1115,#193,.T.);
#1040=EDGE_CURVE('',#1117,#1203,#194,.F.);
#1041=EDGE_CURVE('',#1198,#1122,#195,.F.);
#1042=EDGE_CURVE('',#1123,#1197,#196,.T.);
#1043=EDGE_CURVE('',#1195,#1124,#197,.F.);
#1044=EDGE_CURVE('',#1116,#1196,#198,.F.);
#1045=VERTEX_POINT('',#2338);
#1046=VERTEX_POINT('',#2339);
#1047=VERTEX_POINT('',#2341);
#1048=VERTEX_POINT('',#2343);
#1049=VERTEX_POINT('',#2345);
#1050=VERTEX_POINT('',#2347);
#1051=VERTEX_POINT('',#2349);
#1052=VERTEX_POINT('',#2351);
#1053=VERTEX_POINT('',#2354);
#1054=VERTEX_POINT('',#2355);
#1055=VERTEX_POINT('',#2357);
#1056=VERTEX_POINT('',#2359);
#1057=VERTEX_POINT('',#2361);
#1058=VERTEX_POINT('',#2363);
#1059=VERTEX_POINT('',#2365);
#1060=VERTEX_POINT('',#2367);
#1061=VERTEX_POINT('',#2370);
#1062=VERTEX_POINT('',#2371);
#1063=VERTEX_POINT('',#2373);
#1064=VERTEX_POINT('',#2375);
#1065=VERTEX_POINT('',#2377);
#1066=VERTEX_POINT('',#2379);
#1067=VERTEX_POINT('',#2381);
#1068=VERTEX_POINT('',#2383);
#1069=VERTEX_POINT('',#2386);
#1070=VERTEX_POINT('',#2387);
#1071=VERTEX_POINT('',#2389);
#1072=VERTEX_POINT('',#2391);
#1073=VERTEX_POINT('',#2393);
#1074=VERTEX_POINT('',#2395);
#1075=VERTEX_POINT('',#2397);
#1076=VERTEX_POINT('',#2399);
#1077=VERTEX_POINT('',#2402);
#1078=VERTEX_POINT('',#2403);
#1079=VERTEX_POINT('',#2405);
#1080=VERTEX_POINT('',#2407);
#1081=VERTEX_POINT('',#2409);
#1082=VERTEX_POINT('',#2411);
#1083=VERTEX_POINT('',#2413);
#1084=VERTEX_POINT('',#2415);
#1085=VERTEX_POINT('',#2418);
#1086=VERTEX_POINT('',#2419);
#1087=VERTEX_POINT('',#2421);
#1088=VERTEX_POINT('',#2423);
#1089=VERTEX_POINT('',#2425);
#1090=VERTEX_POINT('',#2427);
#1091=VERTEX_POINT('',#2429);
#1092=VERTEX_POINT('',#2431);
#1093=VERTEX_POINT('',#2434);
#1094=VERTEX_POINT('',#2435);
#1095=VERTEX_POINT('',#2437);
#1096=VERTEX_POINT('',#2439);
#1097=VERTEX_POINT('',#2441);
#1098=VERTEX_POINT('',#2443);
#1099=VERTEX_POINT('',#2445);
#1100=VERTEX_POINT('',#2447);
#1101=VERTEX_POINT('',#2449);
#1102=VERTEX_POINT('',#2451);
#1103=VERTEX_POINT('',#2453);
#1104=VERTEX_POINT('',#2455);
#1105=VERTEX_POINT('',#2458);
#1106=VERTEX_POINT('',#2460);
#1107=VERTEX_POINT('',#2462);
#1108=VERTEX_POINT('',#2464);
#1109=VERTEX_POINT('',#2466);
#1110=VERTEX_POINT('',#2467);
#1111=VERTEX_POINT('',#2469);
#1112=VERTEX_POINT('',#2471);
#1113=VERTEX_POINT('',#2474);
#1114=VERTEX_POINT('',#2475);
#1115=VERTEX_POINT('',#2478);
#1116=VERTEX_POINT('',#2479);
#1117=VERTEX_POINT('',#2481);
#1118=VERTEX_POINT('',#2483);
#1119=VERTEX_POINT('',#2485);
#1120=VERTEX_POINT('',#2487);
#1121=VERTEX_POINT('',#2489);
#1122=VERTEX_POINT('',#2491);
#1123=VERTEX_POINT('',#2493);
#1124=VERTEX_POINT('',#2495);
#1125=VERTEX_POINT('',#2499);
#1126=VERTEX_POINT('',#2500);
#1127=VERTEX_POINT('',#2502);
#1128=VERTEX_POINT('',#2504);
#1129=VERTEX_POINT('',#2506);
#1130=VERTEX_POINT('',#2508);
#1131=VERTEX_POINT('',#2510);
#1132=VERTEX_POINT('',#2512);
#1133=VERTEX_POINT('',#2515);
#1134=VERTEX_POINT('',#2516);
#1135=VERTEX_POINT('',#2518);
#1136=VERTEX_POINT('',#2520);
#1137=VERTEX_POINT('',#2522);
#1138=VERTEX_POINT('',#2524);
#1139=VERTEX_POINT('',#2526);
#1140=VERTEX_POINT('',#2528);
#1141=VERTEX_POINT('',#2531);
#1142=VERTEX_POINT('',#2532);
#1143=VERTEX_POINT('',#2534);
#1144=VERTEX_POINT('',#2536);
#1145=VERTEX_POINT('',#2538);
#1146=VERTEX_POINT('',#2540);
#1147=VERTEX_POINT('',#2542);
#1148=VERTEX_POINT('',#2544);
#1149=VERTEX_POINT('',#2547);
#1150=VERTEX_POINT('',#2548);
#1151=VERTEX_POINT('',#2550);
#1152=VERTEX_POINT('',#2552);
#1153=VERTEX_POINT('',#2554);
#1154=VERTEX_POINT('',#2556);
#1155=VERTEX_POINT('',#2558);
#1156=VERTEX_POINT('',#2560);
#1157=VERTEX_POINT('',#2562);
#1158=VERTEX_POINT('',#2564);
#1159=VERTEX_POINT('',#2566);
#1160=VERTEX_POINT('',#2568);
#1161=VERTEX_POINT('',#2571);
#1162=VERTEX_POINT('',#2573);
#1163=VERTEX_POINT('',#2575);
#1164=VERTEX_POINT('',#2577);
#1165=VERTEX_POINT('',#2579);
#1166=VERTEX_POINT('',#2580);
#1167=VERTEX_POINT('',#2582);
#1168=VERTEX_POINT('',#2584);
#1169=VERTEX_POINT('',#2587);
#1170=VERTEX_POINT('',#2588);
#1171=VERTEX_POINT('',#2591);
#1172=VERTEX_POINT('',#2592);
#1173=VERTEX_POINT('',#2594);
#1174=VERTEX_POINT('',#2596);
#1175=VERTEX_POINT('',#2598);
#1176=VERTEX_POINT('',#2600);
#1177=VERTEX_POINT('',#2602);
#1178=VERTEX_POINT('',#2604);
#1179=VERTEX_POINT('',#2607);
#1180=VERTEX_POINT('',#2608);
#1181=VERTEX_POINT('',#2610);
#1182=VERTEX_POINT('',#2612);
#1183=VERTEX_POINT('',#2614);
#1184=VERTEX_POINT('',#2616);
#1185=VERTEX_POINT('',#2618);
#1186=VERTEX_POINT('',#2620);
#1187=VERTEX_POINT('',#2623);
#1188=VERTEX_POINT('',#2624);
#1189=VERTEX_POINT('',#2626);
#1190=VERTEX_POINT('',#2628);
#1191=VERTEX_POINT('',#2630);
#1192=VERTEX_POINT('',#2632);
#1193=VERTEX_POINT('',#2634);
#1194=VERTEX_POINT('',#2636);
#1195=VERTEX_POINT('',#2639);
#1196=VERTEX_POINT('',#2640);
#1197=VERTEX_POINT('',#2642);
#1198=VERTEX_POINT('',#2644);
#1199=VERTEX_POINT('',#2646);
#1200=VERTEX_POINT('',#2648);
#1201=VERTEX_POINT('',#2650);
#1202=VERTEX_POINT('',#2652);
#1203=VERTEX_POINT('',#2654);
#1204=VERTEX_POINT('',#2656);
#1205=CIRCLE('',#1656,0.0018288);
#1206=CIRCLE('',#1657,0.0018288);
#1207=CIRCLE('',#1658,0.0056515);
#1208=CIRCLE('',#1659,0.0018288);
#1209=CIRCLE('',#1660,0.0018288);
#1210=CIRCLE('',#1661,0.0018288);
#1211=CIRCLE('',#1662,0.0018288);
#1212=CIRCLE('',#1663,0.0018288);
#1213=CIRCLE('',#1664,0.0056515);
#1214=CIRCLE('',#1665,0.0018288);
#1215=CIRCLE('',#1666,0.0018288);
#1216=CIRCLE('',#1667,0.0018288);
#1217=CIRCLE('',#1668,0.0018288);
#1218=CIRCLE('',#1669,0.00379);
#1219=CIRCLE('',#1670,0.0018288);
#1220=CIRCLE('',#1671,0.0018288);
#1221=CIRCLE('',#1672,0.0018288);
#1222=CIRCLE('',#1673,0.0018288);
#1223=CIRCLE('',#1674,0.00379);
#1224=CIRCLE('',#1675,0.0018288);
#1225=CIRCLE('',#1676,0.0018288);
#1226=CIRCLE('',#1677,0.0018288);
#1227=CIRCLE('',#1678,0.00379);
#1228=CIRCLE('',#1679,0.0018288);
#1229=CIRCLE('',#1680,0.0018288);
#1230=CIRCLE('',#1681,0.0018288);
#1231=CIRCLE('',#1682,0.0018288);
#1232=CIRCLE('',#1683,0.00379);
#1233=CIRCLE('',#1684,0.0018288);
#1234=CIRCLE('',#1685,0.0018288);
#1235=CIRCLE('',#1686,0.0018288);
#1236=CIRCLE('',#1687,0.0056515);
#1237=CIRCLE('',#1688,0.0018288);
#1238=CIRCLE('',#1689,0.0018288);
#1239=CIRCLE('',#1690,0.00379);
#1240=CIRCLE('',#1691,0.0018288);
#1241=CIRCLE('',#1692,0.0018288);
#1242=CIRCLE('',#1693,0.00379);
#1243=CIRCLE('',#1694,0.0018288);
#1244=CIRCLE('',#1695,0.00125);
#1245=CIRCLE('',#1696,0.00125);
#1246=CIRCLE('',#1697,0.00125);
#1247=CIRCLE('',#1698,0.00125);
#1248=CIRCLE('',#1699,0.0031115);
#1249=CIRCLE('',#1700,0.0018288);
#1250=CIRCLE('',#1701,0.0018288);
#1251=CIRCLE('',#1702,0.0018288);
#1252=CIRCLE('',#1703,0.0018288);
#1253=CIRCLE('',#1704,0.0018288);
#1254=CIRCLE('',#1706,0.0018288);
#1255=CIRCLE('',#1707,0.0018288);
#1256=CIRCLE('',#1708,0.0018288);
#1257=CIRCLE('',#1709,0.0018288);
#1258=CIRCLE('',#1710,0.0056515);
#1259=CIRCLE('',#1711,0.0018288);
#1260=CIRCLE('',#1712,0.0018288);
#1261=CIRCLE('',#1713,0.0018288);
#1262=CIRCLE('',#1714,0.00379);
#1263=CIRCLE('',#1715,0.0018288);
#1264=CIRCLE('',#1716,0.0018288);
#1265=CIRCLE('',#1717,0.0018288);
#1266=CIRCLE('',#1718,0.0018288);
#1267=CIRCLE('',#1719,0.0018288);
#1268=CIRCLE('',#1720,0.00379);
#1269=CIRCLE('',#1721,0.00379);
#1270=CIRCLE('',#1722,0.0018288);
#1271=CIRCLE('',#1723,0.0018288);
#1272=CIRCLE('',#1724,0.00379);
#1273=CIRCLE('',#1725,0.0018288);
#1274=CIRCLE('',#1726,0.0018288);
#1275=CIRCLE('',#1727,0.0056515);
#1276=CIRCLE('',#1728,0.0018288);
#1277=CIRCLE('',#1729,0.0018288);
#1278=CIRCLE('',#1730,0.00125);
#1279=CIRCLE('',#1731,0.00125);
#1280=CIRCLE('',#1732,0.00125);
#1281=CIRCLE('',#1733,0.00125);
#1282=CIRCLE('',#1734,0.0031115);
#1283=CIRCLE('',#1735,0.0018288);
#1284=CIRCLE('',#1736,0.0018288);
#1285=CIRCLE('',#1737,0.0018288);
#1286=CIRCLE('',#1738,0.0018288);
#1287=CIRCLE('',#1739,0.00379);
#1288=CIRCLE('',#1740,0.0018288);
#1289=CIRCLE('',#1741,0.0018288);
#1290=CIRCLE('',#1742,0.0018288);
#1291=CIRCLE('',#1743,0.00379);
#1292=CIRCLE('',#1744,0.0018288);
#1293=CIRCLE('',#1745,0.0018288);
#1294=CIRCLE('',#1746,0.0018288);
#1295=CIRCLE('',#1747,0.0018288);
#1296=CIRCLE('',#1748,0.0056515);
#1297=CIRCLE('',#1749,0.0018288);
#1298=CIRCLE('',#1750,0.0018288);
#1299=CIRCLE('',#1751,0.0018288);
#1300=CIRCLE('',#1752,0.0018288);
#1301=CIRCLE('',#1753,0.0018288);
#1302=CIRCLE('',#1754,0.0018288);
#1303=EDGE_LOOP('',(#337,#338,#339,#340,#341,#342,#343,#344));
#1304=EDGE_LOOP('',(#345,#346,#347,#348,#349,#350,#351,#352));
#1305=EDGE_LOOP('',(#353,#354,#355,#356,#357,#358,#359,#360));
#1306=EDGE_LOOP('',(#361,#362,#363,#364,#365,#366,#367,#368));
#1307=EDGE_LOOP('',(#369,#370,#371,#372,#373,#374,#375,#376));
#1308=EDGE_LOOP('',(#377,#378,#379,#380,#381,#382,#383,#384));
#1309=EDGE_LOOP('',(#385,#386,#387,#388,#389,#390,#391,#392,#393,#394,#395,
#396));
#1310=EDGE_LOOP('',(#397));
#1311=EDGE_LOOP('',(#398));
#1312=EDGE_LOOP('',(#399));
#1313=EDGE_LOOP('',(#400));
#1314=EDGE_LOOP('',(#401,#402,#403,#404));
#1315=EDGE_LOOP('',(#405,#406));
#1316=EDGE_LOOP('',(#407,#408,#409,#410,#411,#412,#413,#414,#415,#416));
#1317=EDGE_LOOP('',(#417,#418,#419,#420,#421,#422,#423,#424));
#1318=EDGE_LOOP('',(#425,#426,#427,#428,#429,#430,#431,#432));
#1319=EDGE_LOOP('',(#433,#434,#435,#436,#437,#438,#439,#440));
#1320=EDGE_LOOP('',(#441,#442,#443,#444,#445,#446,#447,#448,#449,#450,#451,
#452));
#1321=EDGE_LOOP('',(#453));
#1322=EDGE_LOOP('',(#454));
#1323=EDGE_LOOP('',(#455));
#1324=EDGE_LOOP('',(#456));
#1325=EDGE_LOOP('',(#457,#458,#459,#460));
#1326=EDGE_LOOP('',(#461,#462));
#1327=EDGE_LOOP('',(#463,#464,#465,#466,#467,#468,#469,#470));
#1328=EDGE_LOOP('',(#471,#472,#473,#474,#475,#476,#477,#478));
#1329=EDGE_LOOP('',(#479,#480,#481,#482,#483,#484,#485,#486));
#1330=EDGE_LOOP('',(#487,#488,#489,#490,#491,#492,#493,#494,#495,#496));
#1331=EDGE_LOOP('',(#497,#498,#499,#500));
#1332=EDGE_LOOP('',(#501,#502,#503,#504));
#1333=EDGE_LOOP('',(#505,#506,#507,#508));
#1334=EDGE_LOOP('',(#509,#510,#511,#512));
#1335=EDGE_LOOP('',(#513,#514,#515,#516));
#1336=EDGE_LOOP('',(#517,#518,#519,#520));
#1337=EDGE_LOOP('',(#521));
#1338=EDGE_LOOP('',(#522));
#1339=EDGE_LOOP('',(#523));
#1340=EDGE_LOOP('',(#524));
#1341=EDGE_LOOP('',(#525));
#1342=EDGE_LOOP('',(#526));
#1343=EDGE_LOOP('',(#527));
#1344=EDGE_LOOP('',(#528));
#1345=EDGE_LOOP('',(#529,#530,#531,#532));
#1346=EDGE_LOOP('',(#533,#534,#535,#536));
#1347=EDGE_LOOP('',(#537,#538,#539,#540));
#1348=EDGE_LOOP('',(#541,#542,#543,#544));
#1349=EDGE_LOOP('',(#545,#546,#547,#548));
#1350=EDGE_LOOP('',(#549,#550,#551,#552));
#1351=EDGE_LOOP('',(#553,#554,#555,#556));
#1352=EDGE_LOOP('',(#557,#558,#559,#560));
#1353=EDGE_LOOP('',(#561,#562,#563,#564));
#1354=EDGE_LOOP('',(#565,#566,#567,#568));
#1355=EDGE_LOOP('',(#569,#570,#571,#572));
#1356=EDGE_LOOP('',(#573,#574,#575,#576));
#1357=EDGE_LOOP('',(#577,#578,#579,#580));
#1358=EDGE_LOOP('',(#581,#582,#583,#584));
#1359=EDGE_LOOP('',(#585,#586,#587,#588));
#1360=EDGE_LOOP('',(#589,#590,#591,#592));
#1361=EDGE_LOOP('',(#593,#594,#595,#596));
#1362=EDGE_LOOP('',(#597,#598,#599,#600));
#1363=EDGE_LOOP('',(#601,#602,#603,#604));
#1364=EDGE_LOOP('',(#605,#606,#607,#608));
#1365=EDGE_LOOP('',(#609,#610,#611,#612));
#1366=EDGE_LOOP('',(#613,#614,#615,#616));
#1367=EDGE_LOOP('',(#617,#618,#619,#620));
#1368=EDGE_LOOP('',(#621,#622,#623,#624));
#1369=EDGE_LOOP('',(#625,#626,#627,#628));
#1370=EDGE_LOOP('',(#629,#630,#631,#632));
#1371=EDGE_LOOP('',(#633,#634,#635,#636));
#1372=EDGE_LOOP('',(#637,#638,#639,#640));
#1373=EDGE_LOOP('',(#641,#642,#643,#644));
#1374=EDGE_LOOP('',(#645,#646,#647,#648));
#1375=EDGE_LOOP('',(#649,#650,#651,#652));
#1376=EDGE_LOOP('',(#653,#654,#655,#656));
#1377=EDGE_LOOP('',(#657,#658,#659,#660));
#1378=EDGE_LOOP('',(#661,#662,#663,#664));
#1379=EDGE_LOOP('',(#665,#666,#667,#668));
#1380=EDGE_LOOP('',(#669,#670,#671,#672));
#1381=EDGE_LOOP('',(#673,#674,#675,#676));
#1382=EDGE_LOOP('',(#677,#678,#679,#680));
#1383=EDGE_LOOP('',(#681,#682,#683,#684));
#1384=EDGE_LOOP('',(#685,#686,#687,#688));
#1385=EDGE_LOOP('',(#689,#690,#691,#692));
#1386=EDGE_LOOP('',(#693,#694,#695,#696));
#1387=EDGE_LOOP('',(#697,#698,#699,#700));
#1388=EDGE_LOOP('',(#701,#702,#703,#704));
#1389=EDGE_LOOP('',(#705,#706,#707,#708));
#1390=EDGE_LOOP('',(#709,#710,#711,#712));
#1391=EDGE_LOOP('',(#713,#714,#715,#716));
#1392=EDGE_LOOP('',(#717,#718,#719,#720));
#1393=EDGE_LOOP('',(#721,#722,#723,#724));
#1394=EDGE_LOOP('',(#725,#726,#727,#728));
#1395=EDGE_LOOP('',(#729,#730,#731,#732));
#1396=EDGE_LOOP('',(#733,#734,#735,#736));
#1397=EDGE_LOOP('',(#737,#738,#739,#740));
#1398=EDGE_LOOP('',(#741,#742,#743,#744));
#1399=EDGE_LOOP('',(#745,#746,#747,#748));
#1400=EDGE_LOOP('',(#749,#750,#751,#752));
#1401=EDGE_LOOP('',(#753,#754,#755,#756));
#1402=EDGE_LOOP('',(#757,#758,#759,#760));
#1403=EDGE_LOOP('',(#761,#762,#763,#764));
#1404=EDGE_LOOP('',(#765,#766,#767,#768));
#1405=EDGE_LOOP('',(#769,#770,#771,#772));
#1406=EDGE_LOOP('',(#773,#774,#775,#776));
#1407=EDGE_LOOP('',(#777,#778,#779,#780));
#1408=EDGE_LOOP('',(#781,#782,#783,#784));
#1409=EDGE_LOOP('',(#785,#786,#787,#788));
#1410=EDGE_LOOP('',(#789,#790,#791,#792));
#1411=EDGE_LOOP('',(#793,#794,#795,#796));
#1412=EDGE_LOOP('',(#797,#798,#799,#800));
#1413=EDGE_LOOP('',(#801,#802,#803,#804));
#1414=EDGE_LOOP('',(#805,#806,#807,#808));
#1415=FACE_BOUND('',#1303,.T.);
#1416=FACE_BOUND('',#1304,.T.);
#1417=FACE_BOUND('',#1305,.T.);
#1418=FACE_BOUND('',#1306,.T.);
#1419=FACE_BOUND('',#1307,.T.);
#1420=FACE_BOUND('',#1308,.T.);
#1421=FACE_BOUND('',#1309,.T.);
#1422=FACE_BOUND('',#1310,.T.);
#1423=FACE_BOUND('',#1311,.T.);
#1424=FACE_BOUND('',#1312,.T.);
#1425=FACE_BOUND('',#1313,.T.);
#1426=FACE_BOUND('',#1314,.T.);
#1427=FACE_BOUND('',#1315,.T.);
#1428=FACE_BOUND('',#1316,.T.);
#1429=FACE_BOUND('',#1317,.T.);
#1430=FACE_BOUND('',#1318,.T.);
#1431=FACE_BOUND('',#1319,.T.);
#1432=FACE_BOUND('',#1320,.T.);
#1433=FACE_BOUND('',#1321,.T.);
#1434=FACE_BOUND('',#1322,.T.);
#1435=FACE_BOUND('',#1323,.T.);
#1436=FACE_BOUND('',#1324,.T.);
#1437=FACE_BOUND('',#1325,.T.);
#1438=FACE_BOUND('',#1326,.T.);
#1439=FACE_BOUND('',#1327,.T.);
#1440=FACE_BOUND('',#1328,.T.);
#1441=FACE_BOUND('',#1329,.T.);
#1442=FACE_BOUND('',#1330,.T.);
#1443=FACE_BOUND('',#1331,.T.);
#1444=FACE_BOUND('',#1332,.T.);
#1445=FACE_BOUND('',#1333,.T.);
#1446=FACE_BOUND('',#1334,.T.);
#1447=FACE_BOUND('',#1335,.T.);
#1448=FACE_BOUND('',#1336,.T.);
#1449=FACE_BOUND('',#1337,.T.);
#1450=FACE_BOUND('',#1338,.T.);
#1451=FACE_BOUND('',#1339,.T.);
#1452=FACE_BOUND('',#1340,.T.);
#1453=FACE_BOUND('',#1341,.T.);
#1454=FACE_BOUND('',#1342,.T.);
#1455=FACE_BOUND('',#1343,.T.);
#1456=FACE_BOUND('',#1344,.T.);
#1457=FACE_BOUND('',#1345,.T.);
#1458=FACE_BOUND('',#1346,.T.);
#1459=FACE_BOUND('',#1347,.T.);
#1460=FACE_BOUND('',#1348,.T.);
#1461=FACE_BOUND('',#1349,.T.);
#1462=FACE_BOUND('',#1350,.T.);
#1463=FACE_BOUND('',#1351,.T.);
#1464=FACE_BOUND('',#1352,.T.);
#1465=FACE_BOUND('',#1353,.T.);
#1466=FACE_BOUND('',#1354,.T.);
#1467=FACE_BOUND('',#1355,.T.);
#1468=FACE_BOUND('',#1356,.T.);
#1469=FACE_BOUND('',#1357,.T.);
#1470=FACE_BOUND('',#1358,.T.);
#1471=FACE_BOUND('',#1359,.T.);
#1472=FACE_BOUND('',#1360,.T.);
#1473=FACE_BOUND('',#1361,.T.);
#1474=FACE_BOUND('',#1362,.T.);
#1475=FACE_BOUND('',#1363,.T.);
#1476=FACE_BOUND('',#1364,.T.);
#1477=FACE_BOUND('',#1365,.T.);
#1478=FACE_BOUND('',#1366,.T.);
#1479=FACE_BOUND('',#1367,.T.);
#1480=FACE_BOUND('',#1368,.T.);
#1481=FACE_BOUND('',#1369,.T.);
#1482=FACE_BOUND('',#1370,.T.);
#1483=FACE_BOUND('',#1371,.T.);
#1484=FACE_BOUND('',#1372,.T.);
#1485=FACE_BOUND('',#1373,.T.);
#1486=FACE_BOUND('',#1374,.T.);
#1487=FACE_BOUND('',#1375,.T.);
#1488=FACE_BOUND('',#1376,.T.);
#1489=FACE_BOUND('',#1377,.T.);
#1490=FACE_BOUND('',#1378,.T.);
#1491=FACE_BOUND('',#1379,.T.);
#1492=FACE_BOUND('',#1380,.T.);
#1493=FACE_BOUND('',#1381,.T.);
#1494=FACE_BOUND('',#1382,.T.);
#1495=FACE_BOUND('',#1383,.T.);
#1496=FACE_BOUND('',#1384,.T.);
#1497=FACE_BOUND('',#1385,.T.);
#1498=FACE_BOUND('',#1386,.T.);
#1499=FACE_BOUND('',#1387,.T.);
#1500=FACE_BOUND('',#1388,.T.);
#1501=FACE_BOUND('',#1389,.T.);
#1502=FACE_BOUND('',#1390,.T.);
#1503=FACE_BOUND('',#1391,.T.);
#1504=FACE_BOUND('',#1392,.T.);
#1505=FACE_BOUND('',#1393,.T.);
#1506=FACE_BOUND('',#1394,.T.);
#1507=FACE_BOUND('',#1395,.T.);
#1508=FACE_BOUND('',#1396,.T.);
#1509=FACE_BOUND('',#1397,.T.);
#1510=FACE_BOUND('',#1398,.T.);
#1511=FACE_BOUND('',#1399,.T.);
#1512=FACE_BOUND('',#1400,.T.);
#1513=FACE_BOUND('',#1401,.T.);
#1514=FACE_BOUND('',#1402,.T.);
#1515=FACE_BOUND('',#1403,.T.);
#1516=FACE_BOUND('',#1404,.T.);
#1517=FACE_BOUND('',#1405,.T.);
#1518=FACE_BOUND('',#1406,.T.);
#1519=FACE_BOUND('',#1407,.T.);
#1520=FACE_BOUND('',#1408,.T.);
#1521=FACE_BOUND('',#1409,.T.);
#1522=FACE_BOUND('',#1410,.T.);
#1523=FACE_BOUND('',#1411,.T.);
#1524=FACE_BOUND('',#1412,.T.);
#1525=FACE_BOUND('',#1413,.T.);
#1526=FACE_BOUND('',#1414,.T.);
#1527=PLANE('',#1655);
#1528=PLANE('',#1705);
#1529=PLANE('',#1755);
#1530=PLANE('',#1756);
#1531=PLANE('',#1757);
#1532=PLANE('',#1758);
#1533=PLANE('',#1759);
#1534=PLANE('',#1768);
#1535=PLANE('',#1769);
#1536=PLANE('',#1770);
#1537=PLANE('',#1777);
#1538=PLANE('',#1779);
#1539=PLANE('',#1780);
#1540=PLANE('',#1785);
#1541=PLANE('',#1787);
#1542=PLANE('',#1788);
#1543=PLANE('',#1793);
#1544=PLANE('',#1795);
#1545=PLANE('',#1796);
#1546=PLANE('',#1801);
#1547=PLANE('',#1803);
#1548=PLANE('',#1804);
#1549=PLANE('',#1810);
#1550=PLANE('',#1811);
#1551=PLANE('',#1812);
#1552=PLANE('',#1818);
#1553=PLANE('',#1819);
#1554=PLANE('',#1820);
#1555=PLANE('',#1825);
#1556=PLANE('',#1826);
#1557=PLANE('',#1827);
#1558=PLANE('',#1828);
#1559=PLANE('',#1829);
#1560=ADVANCED_FACE('',(#1415,#1416,#1417,#1418,#1419,#1420,#1421,#1422,
#1423,#1424,#1425,#1426,#1427,#1428),#1527,.T.);
#1561=ADVANCED_FACE('',(#1429,#1430,#1431,#1432,#1433,#1434,#1435,#1436,
#1437,#1438,#1439,#1440,#1441,#1442),#1528,.F.);
#1562=ADVANCED_FACE('',(#1443),#1529,.T.);
#1563=ADVANCED_FACE('',(#1444),#1530,.F.);
#1564=ADVANCED_FACE('',(#1445),#1531,.F.);
#1565=ADVANCED_FACE('',(#1446),#1532,.T.);
#1566=ADVANCED_FACE('',(#1447),#1533,.T.);
#1567=ADVANCED_FACE('',(#1448),#12,.F.);
#1568=ADVANCED_FACE('',(#1449,#1450),#13,.F.);
#1569=ADVANCED_FACE('',(#1451,#1452),#14,.F.);
#1570=ADVANCED_FACE('',(#1453,#1454),#15,.F.);
#1571=ADVANCED_FACE('',(#1455,#1456),#16,.F.);
#1572=ADVANCED_FACE('',(#1457),#17,.T.);
#1573=ADVANCED_FACE('',(#1458),#18,.T.);
#1574=ADVANCED_FACE('',(#1459),#19,.T.);
#1575=ADVANCED_FACE('',(#1460),#1534,.F.);
#1576=ADVANCED_FACE('',(#1461),#1535,.T.);
#1577=ADVANCED_FACE('',(#1462),#1536,.T.);
#1578=ADVANCED_FACE('',(#1463),#20,.F.);
#1579=ADVANCED_FACE('',(#1464),#21,.F.);
#1580=ADVANCED_FACE('',(#1465),#22,.F.);
#1581=ADVANCED_FACE('',(#1466),#23,.F.);
#1582=ADVANCED_FACE('',(#1467),#24,.F.);
#1583=ADVANCED_FACE('',(#1468),#25,.F.);
#1584=ADVANCED_FACE('',(#1469),#1537,.T.);
#1585=ADVANCED_FACE('',(#1470),#26,.T.);
#1586=ADVANCED_FACE('',(#1471),#1538,.T.);
#1587=ADVANCED_FACE('',(#1472),#1539,.T.);
#1588=ADVANCED_FACE('',(#1473),#27,.F.);
#1589=ADVANCED_FACE('',(#1474),#28,.F.);
#1590=ADVANCED_FACE('',(#1475),#29,.F.);
#1591=ADVANCED_FACE('',(#1476),#30,.F.);
#1592=ADVANCED_FACE('',(#1477),#1540,.T.);
#1593=ADVANCED_FACE('',(#1478),#31,.T.);
#1594=ADVANCED_FACE('',(#1479),#1541,.T.);
#1595=ADVANCED_FACE('',(#1480),#1542,.T.);
#1596=ADVANCED_FACE('',(#1481),#32,.F.);
#1597=ADVANCED_FACE('',(#1482),#33,.F.);
#1598=ADVANCED_FACE('',(#1483),#34,.F.);
#1599=ADVANCED_FACE('',(#1484),#35,.F.);
#1600=ADVANCED_FACE('',(#1485),#1543,.T.);
#1601=ADVANCED_FACE('',(#1486),#36,.T.);
#1602=ADVANCED_FACE('',(#1487),#1544,.T.);
#1603=ADVANCED_FACE('',(#1488),#1545,.T.);
#1604=ADVANCED_FACE('',(#1489),#37,.F.);
#1605=ADVANCED_FACE('',(#1490),#38,.F.);
#1606=ADVANCED_FACE('',(#1491),#39,.F.);
#1607=ADVANCED_FACE('',(#1492),#40,.F.);
#1608=ADVANCED_FACE('',(#1493),#1546,.F.);
#1609=ADVANCED_FACE('',(#1494),#41,.T.);
#1610=ADVANCED_FACE('',(#1495),#1547,.T.);
#1611=ADVANCED_FACE('',(#1496),#1548,.T.);
#1612=ADVANCED_FACE('',(#1497),#42,.F.);
#1613=ADVANCED_FACE('',(#1498),#43,.F.);
#1614=ADVANCED_FACE('',(#1499),#44,.F.);
#1615=ADVANCED_FACE('',(#1500),#45,.F.);
#1616=ADVANCED_FACE('',(#1501),#46,.T.);
#1617=ADVANCED_FACE('',(#1502),#1549,.T.);
#1618=ADVANCED_FACE('',(#1503),#1550,.T.);
#1619=ADVANCED_FACE('',(#1504),#1551,.T.);
#1620=ADVANCED_FACE('',(#1505),#47,.F.);
#1621=ADVANCED_FACE('',(#1506),#48,.F.);
#1622=ADVANCED_FACE('',(#1507),#49,.F.);
#1623=ADVANCED_FACE('',(#1508),#50,.F.);
#1624=ADVANCED_FACE('',(#1509),#51,.T.);
#1625=ADVANCED_FACE('',(#1510),#1552,.T.);
#1626=ADVANCED_FACE('',(#1511),#1553,.T.);
#1627=ADVANCED_FACE('',(#1512),#1554,.T.);
#1628=ADVANCED_FACE('',(#1513),#52,.F.);
#1629=ADVANCED_FACE('',(#1514),#53,.F.);
#1630=ADVANCED_FACE('',(#1515),#54,.F.);
#1631=ADVANCED_FACE('',(#1516),#55,.F.);
#1632=ADVANCED_FACE('',(#1517),#1555,.F.);
#1633=ADVANCED_FACE('',(#1518),#1556,.T.);
#1634=ADVANCED_FACE('',(#1519),#1557,.T.);
#1635=ADVANCED_FACE('',(#1520),#1558,.T.);
#1636=ADVANCED_FACE('',(#1521),#1559,.T.);
#1637=ADVANCED_FACE('',(#1522),#56,.F.);
#1638=ADVANCED_FACE('',(#1523),#57,.F.);
#1639=ADVANCED_FACE('',(#1524),#58,.F.);
#1640=ADVANCED_FACE('',(#1525),#59,.F.);
#1641=ADVANCED_FACE('',(#1526),#60,.F.);
#1642=CLOSED_SHELL('',(#1560,#1561,#1562,#1563,#1564,#1565,#1566,#1567,
#1568,#1569,#1570,#1571,#1572,#1573,#1574,#1575,#1576,#1577,#1578,#1579,
#1580,#1581,#1582,#1583,#1584,#1585,#1586,#1587,#1588,#1589,#1590,#1591,
#1592,#1593,#1594,#1595,#1596,#1597,#1598,#1599,#1600,#1601,#1602,#1603,
#1604,#1605,#1606,#1607,#1608,#1609,#1610,#1611,#1612,#1613,#1614,#1615,
#1616,#1617,#1618,#1619,#1620,#1621,#1622,#1623,#1624,#1625,#1626,#1627,
#1628,#1629,#1630,#1631,#1632,#1633,#1634,#1635,#1636,#1637,#1638,#1639,
#1640,#1641));
#1643=STYLED_ITEM('',(#1644),#1651);
#1644=PRESENTATION_STYLE_ASSIGNMENT((#1645));
#1645=SURFACE_STYLE_USAGE(.BOTH.,#1646);
#1646=SURFACE_SIDE_STYLE('',(#1647));
#1647=SURFACE_STYLE_FILL_AREA(#1648);
#1648=FILL_AREA_STYLE('',(#1649));
#1649=FILL_AREA_STYLE_COLOUR('',#1650);
#1650=COLOUR_RGB('',0.615686274509804,0.811764705882353,0.929411764705882);
#1651=MANIFOLD_SOLID_BREP('Part 1',#1642);
#1652=SHAPE_DEFINITION_REPRESENTATION(#2820,#1653);
#1653=SHAPE_REPRESENTATION('Part 1',(#1654),#2815);
#1654=AXIS2_PLACEMENT_3D('',#2335,#1835,#1836);
#1655=AXIS2_PLACEMENT_3D('',#2336,#1837,#1838);
#1656=AXIS2_PLACEMENT_3D('',#2337,#1839,#1840);
#1657=AXIS2_PLACEMENT_3D('',#2342,#1842,#1843);
#1658=AXIS2_PLACEMENT_3D('',#2344,#1844,#1845);
#1659=AXIS2_PLACEMENT_3D('',#2346,#1846,#1847);
#1660=AXIS2_PLACEMENT_3D('',#2350,#1849,#1850);
#1661=AXIS2_PLACEMENT_3D('',#2353,#1852,#1853);
#1662=AXIS2_PLACEMENT_3D('',#2358,#1855,#1856);
#1663=AXIS2_PLACEMENT_3D('',#2362,#1858,#1859);
#1664=AXIS2_PLACEMENT_3D('',#2364,#1860,#1861);
#1665=AXIS2_PLACEMENT_3D('',#2366,#1862,#1863);
#1666=AXIS2_PLACEMENT_3D('',#2369,#1865,#1866);
#1667=AXIS2_PLACEMENT_3D('',#2374,#1868,#1869);
#1668=AXIS2_PLACEMENT_3D('',#2378,#1871,#1872);
#1669=AXIS2_PLACEMENT_3D('',#2380,#1873,#1874);
#1670=AXIS2_PLACEMENT_3D('',#2382,#1875,#1876);
#1671=AXIS2_PLACEMENT_3D('',#2385,#1878,#1879);
#1672=AXIS2_PLACEMENT_3D('',#2390,#1881,#1882);
#1673=AXIS2_PLACEMENT_3D('',#2394,#1884,#1885);
#1674=AXIS2_PLACEMENT_3D('',#2396,#1886,#1887);
#1675=AXIS2_PLACEMENT_3D('',#2398,#1888,#1889);
#1676=AXIS2_PLACEMENT_3D('',#2401,#1891,#1892);
#1677=AXIS2_PLACEMENT_3D('',#2406,#1894,#1895);
#1678=AXIS2_PLACEMENT_3D('',#2408,#1896,#1897);
#1679=AXIS2_PLACEMENT_3D('',#2410,#1898,#1899);
#1680=AXIS2_PLACEMENT_3D('',#2414,#1901,#1902);
#1681=AXIS2_PLACEMENT_3D('',#2417,#1904,#1905);
#1682=AXIS2_PLACEMENT_3D('',#2422,#1907,#1908);
#1683=AXIS2_PLACEMENT_3D('',#2424,#1909,#1910);
#1684=AXIS2_PLACEMENT_3D('',#2426,#1911,#1912);
#1685=AXIS2_PLACEMENT_3D('',#2430,#1914,#1915);
#1686=AXIS2_PLACEMENT_3D('',#2433,#1917,#1918);
#1687=AXIS2_PLACEMENT_3D('',#2436,#1919,#1920);
#1688=AXIS2_PLACEMENT_3D('',#2438,#1921,#1922);
#1689=AXIS2_PLACEMENT_3D('',#2442,#1924,#1925);
#1690=AXIS2_PLACEMENT_3D('',#2444,#1926,#1927);
#1691=AXIS2_PLACEMENT_3D('',#2446,#1928,#1929);
#1692=AXIS2_PLACEMENT_3D('',#2450,#1931,#1932);
#1693=AXIS2_PLACEMENT_3D('',#2452,#1933,#1934);
#1694=AXIS2_PLACEMENT_3D('',#2454,#1935,#1936);
#1695=AXIS2_PLACEMENT_3D('',#2457,#1938,#1939);
#1696=AXIS2_PLACEMENT_3D('',#2459,#1940,#1941);
#1697=AXIS2_PLACEMENT_3D('',#2461,#1942,#1943);
#1698=AXIS2_PLACEMENT_3D('',#2463,#1944,#1945);
#1699=AXIS2_PLACEMENT_3D('',#2476,#1951,#1952);
#1700=AXIS2_PLACEMENT_3D('',#2477,#1953,#1954);
#1701=AXIS2_PLACEMENT_3D('',#2482,#1956,#1957);
#1702=AXIS2_PLACEMENT_3D('',#2486,#1959,#1960);
#1703=AXIS2_PLACEMENT_3D('',#2490,#1962,#1963);
#1704=AXIS2_PLACEMENT_3D('',#2494,#1965,#1966);
#1705=AXIS2_PLACEMENT_3D('',#2497,#1968,#1969);
#1706=AXIS2_PLACEMENT_3D('',#2498,#1970,#1971);
#1707=AXIS2_PLACEMENT_3D('',#2503,#1973,#1974);
#1708=AXIS2_PLACEMENT_3D('',#2507,#1976,#1977);
#1709=AXIS2_PLACEMENT_3D('',#2511,#1979,#1980);
#1710=AXIS2_PLACEMENT_3D('',#2513,#1981,#1982);
#1711=AXIS2_PLACEMENT_3D('',#2514,#1983,#1984);
#1712=AXIS2_PLACEMENT_3D('',#2519,#1986,#1987);
#1713=AXIS2_PLACEMENT_3D('',#2523,#1989,#1990);
#1714=AXIS2_PLACEMENT_3D('',#2525,#1991,#1992);
#1715=AXIS2_PLACEMENT_3D('',#2527,#1993,#1994);
#1716=AXIS2_PLACEMENT_3D('',#2530,#1996,#1997);
#1717=AXIS2_PLACEMENT_3D('',#2535,#1999,#2000);
#1718=AXIS2_PLACEMENT_3D('',#2539,#2002,#2003);
#1719=AXIS2_PLACEMENT_3D('',#2543,#2005,#2006);
#1720=AXIS2_PLACEMENT_3D('',#2545,#2007,#2008);
#1721=AXIS2_PLACEMENT_3D('',#2546,#2009,#2010);
#1722=AXIS2_PLACEMENT_3D('',#2549,#2011,#2012);
#1723=AXIS2_PLACEMENT_3D('',#2553,#2014,#2015);
#1724=AXIS2_PLACEMENT_3D('',#2555,#2016,#2017);
#1725=AXIS2_PLACEMENT_3D('',#2557,#2018,#2019);
#1726=AXIS2_PLACEMENT_3D('',#2561,#2021,#2022);
#1727=AXIS2_PLACEMENT_3D('',#2563,#2023,#2024);
#1728=AXIS2_PLACEMENT_3D('',#2565,#2025,#2026);
#1729=AXIS2_PLACEMENT_3D('',#2569,#2028,#2029);
#1730=AXIS2_PLACEMENT_3D('',#2570,#2030,#2031);
#1731=AXIS2_PLACEMENT_3D('',#2572,#2032,#2033);
#1732=AXIS2_PLACEMENT_3D('',#2574,#2034,#2035);
#1733=AXIS2_PLACEMENT_3D('',#2576,#2036,#2037);
#1734=AXIS2_PLACEMENT_3D('',#2589,#2043,#2044);
#1735=AXIS2_PLACEMENT_3D('',#2590,#2045,#2046);
#1736=AXIS2_PLACEMENT_3D('',#2595,#2048,#2049);
#1737=AXIS2_PLACEMENT_3D('',#2599,#2051,#2052);
#1738=AXIS2_PLACEMENT_3D('',#2603,#2054,#2055);
#1739=AXIS2_PLACEMENT_3D('',#2605,#2056,#2057);
#1740=AXIS2_PLACEMENT_3D('',#2606,#2058,#2059);
#1741=AXIS2_PLACEMENT_3D('',#2611,#2061,#2062);
#1742=AXIS2_PLACEMENT_3D('',#2615,#2064,#2065);
#1743=AXIS2_PLACEMENT_3D('',#2617,#2066,#2067);
#1744=AXIS2_PLACEMENT_3D('',#2619,#2068,#2069);
#1745=AXIS2_PLACEMENT_3D('',#2622,#2071,#2072);
#1746=AXIS2_PLACEMENT_3D('',#2627,#2074,#2075);
#1747=AXIS2_PLACEMENT_3D('',#2631,#2077,#2078);
#1748=AXIS2_PLACEMENT_3D('',#2633,#2079,#2080);
#1749=AXIS2_PLACEMENT_3D('',#2635,#2081,#2082);
#1750=AXIS2_PLACEMENT_3D('',#2641,#2085,#2086);
#1751=AXIS2_PLACEMENT_3D('',#2645,#2088,#2089);
#1752=AXIS2_PLACEMENT_3D('',#2649,#2091,#2092);
#1753=AXIS2_PLACEMENT_3D('',#2653,#2094,#2095);
#1754=AXIS2_PLACEMENT_3D('',#2657,#2097,#2098);
#1755=AXIS2_PLACEMENT_3D('',#2658,#2099,#2100);
#1756=AXIS2_PLACEMENT_3D('',#2661,#2103,#2104);
#1757=AXIS2_PLACEMENT_3D('',#2664,#2107,#2108);
#1758=AXIS2_PLACEMENT_3D('',#2666,#2110,#2111);
#1759=AXIS2_PLACEMENT_3D('',#2668,#2113,#2114);
#1760=AXIS2_PLACEMENT_3D('',#2669,#2115,#2116);
#1761=AXIS2_PLACEMENT_3D('',#2670,#2117,#2118);
#1762=AXIS2_PLACEMENT_3D('',#2671,#2119,#2120);
#1763=AXIS2_PLACEMENT_3D('',#2672,#2121,#2122);
#1764=AXIS2_PLACEMENT_3D('',#2673,#2123,#2124);
#1765=AXIS2_PLACEMENT_3D('',#2674,#2125,#2126);
#1766=AXIS2_PLACEMENT_3D('',#2677,#2129,#2130);
#1767=AXIS2_PLACEMENT_3D('',#2680,#2133,#2134);
#1768=AXIS2_PLACEMENT_3D('',#2683,#2137,#2138);
#1769=AXIS2_PLACEMENT_3D('',#2686,#2141,#2142);
#1770=AXIS2_PLACEMENT_3D('',#2689,#2145,#2146);
#1771=AXIS2_PLACEMENT_3D('',#2692,#2149,#2150);
#1772=AXIS2_PLACEMENT_3D('',#2693,#2151,#2152);
#1773=AXIS2_PLACEMENT_3D('',#2694,#2153,#2154);
#1774=AXIS2_PLACEMENT_3D('',#2695,#2155,#2156);
#1775=AXIS2_PLACEMENT_3D('',#2696,#2157,#2158);
#1776=AXIS2_PLACEMENT_3D('',#2697,#2159,#2160);
#1777=AXIS2_PLACEMENT_3D('',#2698,#2161,#2162);
#1778=AXIS2_PLACEMENT_3D('',#2701,#2165,#2166);
#1779=AXIS2_PLACEMENT_3D('',#2704,#2169,#2170);
#1780=AXIS2_PLACEMENT_3D('',#2707,#2173,#2174);
#1781=AXIS2_PLACEMENT_3D('',#2710,#2177,#2178);
#1782=AXIS2_PLACEMENT_3D('',#2711,#2179,#2180);
#1783=AXIS2_PLACEMENT_3D('',#2712,#2181,#2182);
#1784=AXIS2_PLACEMENT_3D('',#2713,#2183,#2184);
#1785=AXIS2_PLACEMENT_3D('',#2714,#2185,#2186);
#1786=AXIS2_PLACEMENT_3D('',#2717,#2189,#2190);
#1787=AXIS2_PLACEMENT_3D('',#2720,#2193,#2194);
#1788=AXIS2_PLACEMENT_3D('',#2723,#2197,#2198);
#1789=AXIS2_PLACEMENT_3D('',#2726,#2201,#2202);
#1790=AXIS2_PLACEMENT_3D('',#2727,#2203,#2204);
#1791=AXIS2_PLACEMENT_3D('',#2728,#2205,#2206);
#1792=AXIS2_PLACEMENT_3D('',#2729,#2207,#2208);
#1793=AXIS2_PLACEMENT_3D('',#2730,#2209,#2210);
#1794=AXIS2_PLACEMENT_3D('',#2733,#2213,#2214);
#1795=AXIS2_PLACEMENT_3D('',#2736,#2217,#2218);
#1796=AXIS2_PLACEMENT_3D('',#2739,#2221,#2222);
#1797=AXIS2_PLACEMENT_3D('',#2742,#2225,#2226);
#1798=AXIS2_PLACEMENT_3D('',#2743,#2227,#2228);
#1799=AXIS2_PLACEMENT_3D('',#2744,#2229,#2230);
#1800=AXIS2_PLACEMENT_3D('',#2745,#2231,#2232);
#1801=AXIS2_PLACEMENT_3D('',#2746,#2233,#2234);
#1802=AXIS2_PLACEMENT_3D('',#2749,#2237,#2238);
#1803=AXIS2_PLACEMENT_3D('',#2752,#2241,#2242);
#1804=AXIS2_PLACEMENT_3D('',#2755,#2245,#2246);
#1805=AXIS2_PLACEMENT_3D('',#2758,#2249,#2250);
#1806=AXIS2_PLACEMENT_3D('',#2759,#2251,#2252);
#1807=AXIS2_PLACEMENT_3D('',#2760,#2253,#2254);
#1808=AXIS2_PLACEMENT_3D('',#2761,#2255,#2256);
#1809=AXIS2_PLACEMENT_3D('',#2762,#2257,#2258);
#1810=AXIS2_PLACEMENT_3D('',#2765,#2261,#2262);
#1811=AXIS2_PLACEMENT_3D('',#2768,#2265,#2266);
#1812=AXIS2_PLACEMENT_3D('',#2771,#2269,#2270);
#1813=AXIS2_PLACEMENT_3D('',#2774,#2273,#2274);
#1814=AXIS2_PLACEMENT_3D('',#2775,#2275,#2276);
#1815=AXIS2_PLACEMENT_3D('',#2776,#2277,#2278);
#1816=AXIS2_PLACEMENT_3D('',#2777,#2279,#2280);
#1817=AXIS2_PLACEMENT_3D('',#2778,#2281,#2282);
#1818=AXIS2_PLACEMENT_3D('',#2781,#2285,#2286);
#1819=AXIS2_PLACEMENT_3D('',#2784,#2289,#2290);
#1820=AXIS2_PLACEMENT_3D('',#2787,#2293,#2294);
#1821=AXIS2_PLACEMENT_3D('',#2790,#2297,#2298);
#1822=AXIS2_PLACEMENT_3D('',#2791,#2299,#2300);
#1823=AXIS2_PLACEMENT_3D('',#2792,#2301,#2302);
#1824=AXIS2_PLACEMENT_3D('',#2793,#2303,#2304);
#1825=AXIS2_PLACEMENT_3D('',#2794,#2305,#2306);
#1826=AXIS2_PLACEMENT_3D('',#2797,#2309,#2310);
#1827=AXIS2_PLACEMENT_3D('',#2800,#2313,#2314);
#1828=AXIS2_PLACEMENT_3D('',#2803,#2317,#2318);
#1829=AXIS2_PLACEMENT_3D('',#2806,#2321,#2322);
#1830=AXIS2_PLACEMENT_3D('',#2809,#2325,#2326);
#1831=AXIS2_PLACEMENT_3D('',#2810,#2327,#2328);
#1832=AXIS2_PLACEMENT_3D('',#2811,#2329,#2330);
#1833=AXIS2_PLACEMENT_3D('',#2812,#2331,#2332);
#1834=AXIS2_PLACEMENT_3D('',#2813,#2333,#2334);
#1835=DIRECTION('',(0.,0.,1.));
#1836=DIRECTION('',(1.,0.,0.));
#1837=DIRECTION('',(0.,0.,1.));
#1838=DIRECTION('',(1.,0.,0.));
#1839=DIRECTION('',(0.,0.,1.));
#1840=DIRECTION('',(1.,0.,0.));
#1841=DIRECTION('',(-0.707106781186548,0.707106781186547,0.));
#1842=DIRECTION('',(0.,0.,1.));
#1843=DIRECTION('',(1.,0.,0.));
#1844=DIRECTION('',(0.,0.,1.));
#1845=DIRECTION('',(1.,0.,0.));
#1846=DIRECTION('',(0.,0.,1.));
#1847=DIRECTION('',(1.,0.,0.));
#1848=DIRECTION('',(0.707106781186547,0.707106781186548,0.));
#1849=DIRECTION('',(0.,0.,1.));
#1850=DIRECTION('',(1.,0.,0.));
#1851=DIRECTION('',(0.316227766016838,-0.948683298050514,0.));
#1852=DIRECTION('',(0.,0.,1.));
#1853=DIRECTION('',(1.,0.,0.));
#1854=DIRECTION('',(0.316227766016837,0.948683298050514,0.));
#1855=DIRECTION('',(0.,0.,1.));
#1856=DIRECTION('',(1.,0.,0.));
#1857=DIRECTION('',(0.707106781186548,-0.707106781186548,0.));
#1858=DIRECTION('',(0.,0.,1.));
#1859=DIRECTION('',(1.,0.,0.));
#1860=DIRECTION('',(0.,0.,1.));
#1861=DIRECTION('',(1.,0.,0.));
#1862=DIRECTION('',(0.,0.,1.));
#1863=DIRECTION('',(1.,0.,0.));
#1864=DIRECTION('',(-0.707106781186547,-0.707106781186548,0.));
#1865=DIRECTION('',(0.,0.,1.));
#1866=DIRECTION('',(1.,0.,0.));
#1867=DIRECTION('',(-0.316227766016837,-0.948683298050514,0.));
#1868=DIRECTION('',(0.,0.,1.));
#1869=DIRECTION('',(1.,0.,0.));
#1870=DIRECTION('',(4.55307998944044E-16,-1.,0.));
#1871=DIRECTION('',(0.,0.,1.));
#1872=DIRECTION('',(1.,0.,0.));
#1873=DIRECTION('',(0.,0.,1.));
#1874=DIRECTION('',(1.,0.,0.));
#1875=DIRECTION('',(0.,0.,1.));
#1876=DIRECTION('',(1.,0.,0.));
#1877=DIRECTION('',(0.707106781186548,-0.707106781186548,0.));
#1878=DIRECTION('',(0.,0.,1.));
#1879=DIRECTION('',(1.,0.,0.));
#1880=DIRECTION('',(-0.707106781186548,0.707106781186547,0.));
#1881=DIRECTION('',(0.,0.,1.));
#1882=DIRECTION('',(1.,0.,0.));
#1883=DIRECTION('',(1.,1.82123199577617E-16,0.));
#1884=DIRECTION('',(0.,0.,1.));
#1885=DIRECTION('',(1.,0.,0.));
#1886=DIRECTION('',(0.,0.,1.));
#1887=DIRECTION('',(1.,0.,0.));
#1888=DIRECTION('',(0.,0.,1.));
#1889=DIRECTION('',(1.,0.,0.));
#1890=DIRECTION('',(-0.707106781186547,-0.707106781186548,0.));
#1891=DIRECTION('',(0.,0.,1.));
#1892=DIRECTION('',(1.,0.,0.));
#1893=DIRECTION('',(-0.707106781186548,0.707106781186548,0.));
#1894=DIRECTION('',(0.,0.,1.));
#1895=DIRECTION('',(1.,0.,0.));
#1896=DIRECTION('',(0.,0.,1.));
#1897=DIRECTION('',(1.,0.,0.));
#1898=DIRECTION('',(0.,0.,1.));
#1899=DIRECTION('',(1.,0.,0.));
#1900=DIRECTION('',(1.,1.82123199577617E-16,0.));
#1901=DIRECTION('',(0.,0.,1.));
#1902=DIRECTION('',(1.,0.,0.));
#1903=DIRECTION('',(-0.707106781186547,-0.707106781186548,0.));
#1904=DIRECTION('',(0.,0.,1.));
#1905=DIRECTION('',(1.,0.,0.));
#1906=DIRECTION('',(0.707106781186547,0.707106781186548,0.));
#1907=DIRECTION('',(0.,0.,1.));
#1908=DIRECTION('',(1.,0.,0.));
#1909=DIRECTION('',(0.,0.,1.));
#1910=DIRECTION('',(1.,0.,0.));
#1911=DIRECTION('',(0.,0.,1.));
#1912=DIRECTION('',(1.,0.,0.));
#1913=DIRECTION('',(4.55307998944044E-16,-1.,0.));
#1914=DIRECTION('',(0.,0.,1.));
#1915=DIRECTION('',(1.,0.,0.));
#1916=DIRECTION('',(-0.316227766016838,0.948683298050514,0.));
#1917=DIRECTION('',(0.,0.,1.));
#1918=DIRECTION('',(1.,0.,0.));
#1919=DIRECTION('',(0.,0.,1.));
#1920=DIRECTION('',(1.,0.,0.));
#1921=DIRECTION('',(0.,0.,1.));
#1922=DIRECTION('',(1.,0.,0.));
#1923=DIRECTION('',(0.707106781186548,-0.707106781186547,0.));
#1924=DIRECTION('',(0.,0.,1.));
#1925=DIRECTION('',(1.,0.,0.));
#1926=DIRECTION('',(0.,0.,1.));
#1927=DIRECTION('',(1.,0.,0.));
#1928=DIRECTION('',(0.,0.,1.));
#1929=DIRECTION('',(1.,0.,0.));
#1930=DIRECTION('',(1.,1.82123199577617E-16,0.));
#1931=DIRECTION('',(0.,0.,1.));
#1932=DIRECTION('',(1.,0.,0.));
#1933=DIRECTION('',(0.,0.,1.));
#1934=DIRECTION('',(1.,0.,0.));
#1935=DIRECTION('',(0.,0.,1.));
#1936=DIRECTION('',(1.,0.,0.));
#1937=DIRECTION('',(0.707106781186547,0.707106781186548,0.));
#1938=DIRECTION('',(0.,0.,-1.));
#1939=DIRECTION('',(-1.,0.,0.));
#1940=DIRECTION('',(0.,0.,-1.));
#1941=DIRECTION('',(-1.,0.,0.));
#1942=DIRECTION('',(0.,0.,-1.));
#1943=DIRECTION('',(-1.,0.,0.));
#1944=DIRECTION('',(0.,0.,-1.));
#1945=DIRECTION('',(-1.,0.,0.));
#1946=DIRECTION('',(-4.55307998944044E-16,1.,0.));
#1947=DIRECTION('',(-1.,-1.82123199577617E-16,0.));
#1948=DIRECTION('',(-4.55307998944044E-16,1.,0.));
#1949=DIRECTION('',(-1.,-1.82123199577617E-16,0.));
#1950=DIRECTION('',(-1.,0.,0.));
#1951=DIRECTION('',(0.,0.,1.));
#1952=DIRECTION('',(1.,0.,0.));
#1953=DIRECTION('',(0.,0.,1.));
#1954=DIRECTION('',(1.,0.,0.));
#1955=DIRECTION('',(0.707106781186548,-0.707106781186547,0.));
#1956=DIRECTION('',(0.,0.,1.));
#1957=DIRECTION('',(1.,0.,0.));
#1958=DIRECTION('',(-0.707106781186547,-0.707106781186548,0.));
#1959=DIRECTION('',(0.,0.,1.));
#1960=DIRECTION('',(1.,0.,0.));
#1961=DIRECTION('',(1.,0.,0.));
#1962=DIRECTION('',(0.,0.,1.));
#1963=DIRECTION('',(1.,0.,0.));
#1964=DIRECTION('',(-0.707106781186548,0.707106781186548,0.));
#1965=DIRECTION('',(0.,0.,1.));
#1966=DIRECTION('',(1.,0.,0.));
#1967=DIRECTION('',(0.707106781186548,0.707106781186548,0.));
#1968=DIRECTION('',(0.,0.,1.));
#1969=DIRECTION('',(1.,0.,0.));
#1970=DIRECTION('',(0.,0.,1.));
#1971=DIRECTION('',(1.,0.,0.));
#1972=DIRECTION('',(-0.707106781186548,0.707106781186547,0.));
#1973=DIRECTION('',(0.,0.,1.));
#1974=DIRECTION('',(1.,0.,0.));
#1975=DIRECTION('',(0.316227766016838,-0.948683298050514,0.));
#1976=DIRECTION('',(0.,0.,1.));
#1977=DIRECTION('',(1.,0.,0.));
#1978=DIRECTION('',(0.707106781186547,0.707106781186548,0.));
#1979=DIRECTION('',(0.,0.,1.));
#1980=DIRECTION('',(1.,0.,0.));
#1981=DIRECTION('',(0.,0.,1.));
#1982=DIRECTION('',(1.,0.,0.));
#1983=DIRECTION('',(0.,0.,1.));
#1984=DIRECTION('',(1.,0.,0.));
#1985=DIRECTION('',(-0.316227766016837,-0.948683298050514,0.));
#1986=DIRECTION('',(0.,0.,1.));
#1987=DIRECTION('',(1.,0.,0.));
#1988=DIRECTION('',(0.707106781186548,-0.707106781186548,0.));
#1989=DIRECTION('',(0.,0.,1.));
#1990=DIRECTION('',(1.,0.,0.));
#1991=DIRECTION('',(0.,0.,1.));
#1992=DIRECTION('',(1.,0.,0.));
#1993=DIRECTION('',(0.,0.,1.));
#1994=DIRECTION('',(1.,0.,0.));
#1995=DIRECTION('',(-4.55307998944044E-16,1.,0.));
#1996=DIRECTION('',(0.,0.,1.));
#1997=DIRECTION('',(1.,0.,0.));
#1998=DIRECTION('',(-0.707106781186548,0.707106781186548,0.));
#1999=DIRECTION('',(0.,0.,1.));
#2000=DIRECTION('',(1.,0.,0.));
#2001=DIRECTION('',(-0.707106781186547,-0.707106781186548,0.));
#2002=DIRECTION('',(0.,0.,1.));
#2003=DIRECTION('',(1.,0.,0.));
#2004=DIRECTION('',(-1.,-1.82123199577617E-16,0.));
#2005=DIRECTION('',(0.,0.,1.));
#2006=DIRECTION('',(1.,0.,0.));
#2007=DIRECTION('',(0.,0.,1.));
#2008=DIRECTION('',(1.,0.,0.));
#2009=DIRECTION('',(0.,0.,1.));
#2010=DIRECTION('',(1.,0.,0.));
#2011=DIRECTION('',(0.,0.,1.));
#2012=DIRECTION('',(1.,0.,0.));
#2013=DIRECTION('',(-1.,-1.82123199577617E-16,0.));
#2014=DIRECTION('',(0.,0.,1.));
#2015=DIRECTION('',(1.,0.,0.));
#2016=DIRECTION('',(0.,0.,1.));
#2017=DIRECTION('',(1.,0.,0.));
#2018=DIRECTION('',(0.,0.,1.));
#2019=DIRECTION('',(1.,0.,0.));
#2020=DIRECTION('',(0.707106781186548,-0.707106781186547,0.));
#2021=DIRECTION('',(0.,0.,1.));
#2022=DIRECTION('',(1.,0.,0.));
#2023=DIRECTION('',(0.,0.,1.));
#2024=DIRECTION('',(1.,0.,0.));
#2025=DIRECTION('',(0.,0.,1.));
#2026=DIRECTION('',(1.,0.,0.));
#2027=DIRECTION('',(0.707106781186547,0.707106781186548,0.));
#2028=DIRECTION('',(0.,0.,1.));
#2029=DIRECTION('',(1.,0.,0.));
#2030=DIRECTION('',(0.,0.,1.));
#2031=DIRECTION('',(1.,0.,0.));
#2032=DIRECTION('',(0.,0.,1.));
#2033=DIRECTION('',(1.,0.,0.));
#2034=DIRECTION('',(0.,0.,1.));
#2035=DIRECTION('',(1.,0.,0.));
#2036=DIRECTION('',(0.,0.,1.));
#2037=DIRECTION('',(1.,0.,0.));
#2038=DIRECTION('',(-4.55307998944044E-16,1.,0.));
#2039=DIRECTION('',(-1.,-1.82123199577617E-16,0.));
#2040=DIRECTION('',(-4.55307998944044E-16,1.,0.));
#2041=DIRECTION('',(-1.,-1.82123199577617E-16,0.));
#2042=DIRECTION('',(-1.,0.,0.));
#2043=DIRECTION('',(0.,0.,1.));
#2044=DIRECTION('',(1.,0.,0.));
#2045=DIRECTION('',(0.,0.,1.));
#2046=DIRECTION('',(1.,0.,0.));
#2047=DIRECTION('',(0.707106781186547,0.707106781186548,0.));
#2048=DIRECTION('',(0.,0.,1.));
#2049=DIRECTION('',(1.,0.,0.));
#2050=DIRECTION('',(-0.316227766016838,0.948683298050514,0.));
#2051=DIRECTION('',(0.,0.,1.));
#2052=DIRECTION('',(1.,0.,0.));
#2053=DIRECTION('',(-4.55307998944044E-16,1.,0.));
#2054=DIRECTION('',(0.,0.,1.));
#2055=DIRECTION('',(1.,0.,0.));
#2056=DIRECTION('',(0.,0.,1.));
#2057=DIRECTION('',(1.,0.,0.));
#2058=DIRECTION('',(0.,0.,1.));
#2059=DIRECTION('',(1.,0.,0.));
#2060=DIRECTION('',(-0.707106781186548,0.707106781186547,0.));
#2061=DIRECTION('',(0.,0.,1.));
#2062=DIRECTION('',(1.,0.,0.));
#2063=DIRECTION('',(-0.707106781186547,-0.707106781186548,0.));
#2064=DIRECTION('',(0.,0.,1.));
#2065=DIRECTION('',(1.,0.,0.));
#2066=DIRECTION('',(0.,0.,1.));
#2067=DIRECTION('',(1.,0.,0.));
#2068=DIRECTION('',(0.,0.,1.));
#2069=DIRECTION('',(1.,0.,0.));
#2070=DIRECTION('',(-1.,-1.82123199577617E-16,0.));
#2071=DIRECTION('',(0.,0.,1.));
#2072=DIRECTION('',(1.,0.,0.));
#2073=DIRECTION('',(0.316227766016837,0.948683298050514,0.));
#2074=DIRECTION('',(0.,0.,1.));
#2075=DIRECTION('',(1.,0.,0.));
#2076=DIRECTION('',(-0.707106781186547,-0.707106781186548,0.));
#2077=DIRECTION('',(0.,0.,1.));
#2078=DIRECTION('',(1.,0.,0.));
#2079=DIRECTION('',(0.,0.,1.));
#2080=DIRECTION('',(1.,0.,0.));
#2081=DIRECTION('',(0.,0.,1.));
#2082=DIRECTION('',(1.,0.,0.));
#2083=DIRECTION('',(0.707106781186548,-0.707106781186548,0.));
#2084=DIRECTION('',(0.707106781186548,0.707106781186548,0.));
#2085=DIRECTION('',(0.,0.,1.));
#2086=DIRECTION('',(1.,0.,0.));
#2087=DIRECTION('',(-0.707106781186548,0.707106781186548,0.));
#2088=DIRECTION('',(0.,0.,1.));
#2089=DIRECTION('',(1.,0.,0.));
#2090=DIRECTION('',(-1.,0.,0.));
#2091=DIRECTION('',(0.,0.,1.));
#2092=DIRECTION('',(1.,0.,0.));
#2093=DIRECTION('',(-0.707106781186547,-0.707106781186548,0.));
#2094=DIRECTION('',(0.,0.,1.));
#2095=DIRECTION('',(1.,0.,0.));
#2096=DIRECTION('',(0.707106781186548,-0.707106781186547,0.));
#2097=DIRECTION('',(0.,0.,1.));
#2098=DIRECTION('',(1.,0.,0.));
#2099=DIRECTION('',(0.,-1.,0.));
#2100=DIRECTION('',(0.,0.,-1.));
#2101=DIRECTION('',(0.,0.,-1.));
#2102=DIRECTION('',(0.,0.,-1.));
#2103=DIRECTION('',(-1.,-4.55307998944044E-16,0.));
#2104=DIRECTION('',(4.55307998944044E-16,-1.,0.));
#2105=DIRECTION('',(0.,0.,-1.));
#2106=DIRECTION('',(0.,0.,-1.));
#2107=DIRECTION('',(1.82123199577617E-16,-1.,0.));
#2108=DIRECTION('',(1.,1.82123199577617E-16,0.));
#2109=DIRECTION('',(0.,0.,-1.));
#2110=DIRECTION('',(-1.,-4.55307998944044E-16,0.));
#2111=DIRECTION('',(4.55307998944044E-16,-1.,0.));
#2112=DIRECTION('',(0.,0.,-1.));
#2113=DIRECTION('',(1.82123199577617E-16,-1.,0.));
#2114=DIRECTION('',(1.,1.82123199577617E-16,0.));
#2115=DIRECTION('',(0.,0.,-1.));
#2116=DIRECTION('',(-1.,0.,0.));
#2117=DIRECTION('',(0.,0.,-1.));
#2118=DIRECTION('',(-1.,0.,0.));
#2119=DIRECTION('',(0.,0.,-1.));
#2120=DIRECTION('',(-1.,0.,0.));
#2121=DIRECTION('',(0.,0.,-1.));
#2122=DIRECTION('',(-1.,0.,0.));
#2123=DIRECTION('',(0.,0.,-1.));
#2124=DIRECTION('',(-1.,0.,0.));
#2125=DIRECTION('',(0.,0.,-1.));
#2126=DIRECTION('',(-1.,0.,0.));
#2127=DIRECTION('',(0.,0.,-1.));
#2128=DIRECTION('',(0.,0.,-1.));
#2129=DIRECTION('',(0.,0.,-1.));
#2130=DIRECTION('',(-1.,0.,0.));
#2131=DIRECTION('',(0.,0.,-1.));
#2132=DIRECTION('',(0.,0.,-1.));
#2133=DIRECTION('',(0.,0.,-1.));
#2134=DIRECTION('',(-1.,0.,0.));
#2135=DIRECTION('',(0.,0.,-1.));
#2136=DIRECTION('',(0.,0.,-1.));
#2137=DIRECTION('',(1.82123199577617E-16,-1.,0.));
#2138=DIRECTION('',(1.,1.82123199577617E-16,0.));
#2139=DIRECTION('',(0.,0.,1.));
#2140=DIRECTION('',(0.,0.,1.));
#2141=DIRECTION('',(-0.707106781186547,-0.707106781186548,0.));
#2142=DIRECTION('',(0.707106781186548,-0.707106781186547,0.));
#2143=DIRECTION('',(0.,0.,1.));
#2144=DIRECTION('',(0.,0.,-1.));
#2145=DIRECTION('',(0.707106781186548,-0.707106781186547,0.));
#2146=DIRECTION('',(0.707106781186547,0.707106781186548,0.));
#2147=DIRECTION('',(0.,0.,-1.));
#2148=DIRECTION('',(0.,0.,1.));
#2149=DIRECTION('',(0.,0.,-1.));
#2150=DIRECTION('',(-1.,0.,0.));
#2151=DIRECTION('',(0.,0.,-1.));
#2152=DIRECTION('',(-1.,0.,0.));
#2153=DIRECTION('',(0.,0.,-1.));
#2154=DIRECTION('',(-1.,0.,0.));
#2155=DIRECTION('',(0.,0.,-1.));
#2156=DIRECTION('',(-1.,0.,0.));
#2157=DIRECTION('',(0.,0.,-1.));
#2158=DIRECTION('',(-1.,0.,0.));
#2159=DIRECTION('',(0.,0.,-1.));
#2160=DIRECTION('',(-1.,0.,0.));
#2161=DIRECTION('',(-1.,-4.55307998944044E-16,0.));
#2162=DIRECTION('',(4.55307998944044E-16,-1.,0.));
#2163=DIRECTION('',(0.,0.,-1.));
#2164=DIRECTION('',(0.,0.,1.));
#2165=DIRECTION('',(0.,0.,-1.));
#2166=DIRECTION('',(-1.,0.,0.));
#2167=DIRECTION('',(0.,0.,-1.));
#2168=DIRECTION('',(0.,0.,-1.));
#2169=DIRECTION('',(0.948683298050514,0.316227766016838,0.));
#2170=DIRECTION('',(-0.316227766016838,0.948683298050514,0.));
#2171=DIRECTION('',(0.,0.,1.));
#2172=DIRECTION('',(0.,0.,-1.));
#2173=DIRECTION('',(0.707106781186548,-0.707106781186547,0.));
#2174=DIRECTION('',(0.707106781186547,0.707106781186548,0.));
#2175=DIRECTION('',(0.,0.,-1.));
#2176=DIRECTION('',(0.,0.,-1.));
#2177=DIRECTION('',(0.,0.,-1.));
#2178=DIRECTION('',(-1.,0.,0.));
#2179=DIRECTION('',(0.,0.,-1.));
#2180=DIRECTION('',(-1.,0.,0.));
#2181=DIRECTION('',(0.,0.,1.));
#2182=DIRECTION('',(1.,0.,0.));
#2183=DIRECTION('',(0.,0.,-1.));
#2184=DIRECTION('',(-1.,0.,0.));
#2185=DIRECTION('',(1.82123199577617E-16,-1.,0.));
#2186=DIRECTION('',(1.,1.82123199577617E-16,0.));
#2187=DIRECTION('',(0.,0.,-1.));
#2188=DIRECTION('',(0.,0.,1.));
#2189=DIRECTION('',(0.,0.,-1.));
#2190=DIRECTION('',(-1.,0.,0.));
#2191=DIRECTION('',(0.,0.,-1.));
#2192=DIRECTION('',(0.,0.,-1.));
#2193=DIRECTION('',(-0.707106781186548,0.707106781186547,0.));
#2194=DIRECTION('',(-0.707106781186547,-0.707106781186548,0.));
#2195=DIRECTION('',(0.,0.,1.));
#2196=DIRECTION('',(0.,0.,1.));
#2197=DIRECTION('',(0.707106781186548,0.707106781186548,0.));
#2198=DIRECTION('',(-0.707106781186548,0.707106781186548,0.));
#2199=DIRECTION('',(0.,0.,1.));
#2200=DIRECTION('',(0.,0.,-1.));
#2201=DIRECTION('',(0.,0.,1.));
#2202=DIRECTION('',(1.,0.,0.));
#2203=DIRECTION('',(0.,0.,-1.));
#2204=DIRECTION('',(-1.,0.,0.));
#2205=DIRECTION('',(0.,0.,1.));
#2206=DIRECTION('',(1.,0.,0.));
#2207=DIRECTION('',(0.,0.,-1.));
#2208=DIRECTION('',(-1.,0.,0.));
#2209=DIRECTION('',(1.82123199577617E-16,-1.,0.));
#2210=DIRECTION('',(1.,1.82123199577617E-16,0.));
#2211=DIRECTION('',(0.,0.,-1.));
#2212=DIRECTION('',(0.,0.,-1.));
#2213=DIRECTION('',(0.,0.,-1.));
#2214=DIRECTION('',(-1.,0.,0.));
#2215=DIRECTION('',(0.,0.,-1.));
#2216=DIRECTION('',(0.,0.,-1.));
#2217=DIRECTION('',(0.707106781186547,0.707106781186548,0.));
#2218=DIRECTION('',(-0.707106781186548,0.707106781186547,0.));
#2219=DIRECTION('',(0.,0.,-1.));
#2220=DIRECTION('',(0.,0.,-1.));
#2221=DIRECTION('',(-0.707106781186548,0.707106781186547,0.));
#2222=DIRECTION('',(-0.707106781186547,-0.707106781186548,0.));
#2223=DIRECTION('',(0.,0.,-1.));
#2224=DIRECTION('',(0.,0.,-1.));
#2225=DIRECTION('',(0.,0.,-1.));
#2226=DIRECTION('',(-1.,0.,0.));
#2227=DIRECTION('',(0.,0.,-1.));
#2228=DIRECTION('',(-1.,0.,0.));
#2229=DIRECTION('',(0.,0.,-1.));
#2230=DIRECTION('',(-1.,0.,0.));
#2231=DIRECTION('',(0.,0.,-1.));
#2232=DIRECTION('',(-1.,0.,0.));
#2233=DIRECTION('',(-1.,-4.55307998944044E-16,0.));
#2234=DIRECTION('',(4.55307998944044E-16,-1.,0.));
#2235=DIRECTION('',(0.,0.,1.));
#2236=DIRECTION('',(0.,0.,1.));
#2237=DIRECTION('',(0.,0.,-1.));
#2238=DIRECTION('',(-1.,0.,0.));
#2239=DIRECTION('',(0.,0.,-1.));
#2240=DIRECTION('',(0.,0.,-1.));
#2241=DIRECTION('',(-0.948683298050514,0.316227766016837,0.));
#2242=DIRECTION('',(-0.316227766016837,-0.948683298050514,0.));
#2243=DIRECTION('',(0.,0.,-1.));
#2244=DIRECTION('',(0.,0.,1.));
#2245=DIRECTION('',(-0.707106781186548,-0.707106781186548,0.));
#2246=DIRECTION('',(0.707106781186548,-0.707106781186548,0.));
#2247=DIRECTION('',(0.,0.,-1.));
#2248=DIRECTION('',(0.,0.,-1.));
#2249=DIRECTION('',(0.,0.,-1.));
#2250=DIRECTION('',(-1.,0.,0.));
#2251=DIRECTION('',(0.,0.,-1.));
#2252=DIRECTION('',(-1.,0.,0.));
#2253=DIRECTION('',(0.,0.,-1.));
#2254=DIRECTION('',(-1.,0.,0.));
#2255=DIRECTION('',(0.,0.,-1.));
#2256=DIRECTION('',(-1.,0.,0.));
#2257=DIRECTION('',(0.,0.,-1.));
#2258=DIRECTION('',(-1.,0.,0.));
#2259=DIRECTION('',(0.,0.,-1.));
#2260=DIRECTION('',(0.,0.,-1.));
#2261=DIRECTION('',(0.948683298050514,-0.316227766016837,0.));
#2262=DIRECTION('',(0.316227766016837,0.948683298050514,0.));
#2263=DIRECTION('',(0.,0.,-1.));
#2264=DIRECTION('',(0.,0.,1.));
#2265=DIRECTION('',(-0.707106781186548,-0.707106781186548,0.));
#2266=DIRECTION('',(0.707106781186548,-0.707106781186548,0.));
#2267=DIRECTION('',(0.,0.,1.));
#2268=DIRECTION('',(0.,0.,1.));
#2269=DIRECTION('',(-0.707106781186548,0.707106781186547,0.));
#2270=DIRECTION('',(-0.707106781186547,-0.707106781186548,0.));
#2271=DIRECTION('',(0.,0.,1.));
#2272=DIRECTION('',(0.,0.,-1.));
#2273=DIRECTION('',(0.,0.,-1.));
#2274=DIRECTION('',(-1.,0.,0.));
#2275=DIRECTION('',(0.,0.,1.));
#2276=DIRECTION('',(1.,0.,0.));
#2277=DIRECTION('',(0.,0.,-1.));
#2278=DIRECTION('',(-1.,0.,0.));
#2279=DIRECTION('',(0.,0.,-1.));
#2280=DIRECTION('',(-1.,0.,0.));
#2281=DIRECTION('',(0.,0.,-1.));
#2282=DIRECTION('',(-1.,0.,0.));
#2283=DIRECTION('',(0.,0.,-1.));
#2284=DIRECTION('',(0.,0.,-1.));
#2285=DIRECTION('',(0.707106781186547,0.707106781186548,0.));
#2286=DIRECTION('',(-0.707106781186548,0.707106781186547,0.));
#2287=DIRECTION('',(0.,0.,1.));
#2288=DIRECTION('',(0.,0.,1.));
#2289=DIRECTION('',(0.707106781186548,-0.707106781186547,0.));
#2290=DIRECTION('',(0.707106781186547,0.707106781186548,0.));
#2291=DIRECTION('',(0.,0.,1.));
#2292=DIRECTION('',(0.,0.,1.));
#2293=DIRECTION('',(-0.948683298050514,-0.316227766016838,0.));
#2294=DIRECTION('',(0.316227766016838,-0.948683298050514,0.));
#2295=DIRECTION('',(0.,0.,1.));
#2296=DIRECTION('',(0.,0.,1.));
#2297=DIRECTION('',(0.,0.,1.));
#2298=DIRECTION('',(1.,0.,0.));
#2299=DIRECTION('',(0.,0.,1.));
#2300=DIRECTION('',(1.,0.,0.));
#2301=DIRECTION('',(0.,0.,-1.));
#2302=DIRECTION('',(-1.,0.,0.));
#2303=DIRECTION('',(0.,0.,-1.));
#2304=DIRECTION('',(-1.,0.,0.));
#2305=DIRECTION('',(0.,-1.,0.));
#2306=DIRECTION('',(0.,0.,-1.));
#2307=DIRECTION('',(0.,0.,1.));
#2308=DIRECTION('',(0.,0.,-1.));
#2309=DIRECTION('',(-0.707106781186548,0.707106781186547,0.));
#2310=DIRECTION('',(-0.707106781186547,-0.707106781186548,0.));
#2311=DIRECTION('',(0.,0.,1.));
#2312=DIRECTION('',(0.,0.,1.));
#2313=DIRECTION('',(-0.707106781186547,-0.707106781186548,0.));
#2314=DIRECTION('',(0.707106781186548,-0.707106781186547,0.));
#2315=DIRECTION('',(0.,0.,1.));
#2316=DIRECTION('',(0.,0.,1.));
#2317=DIRECTION('',(0.707106781186548,0.707106781186548,0.));
#2318=DIRECTION('',(-0.707106781186548,0.707106781186548,0.));
#2319=DIRECTION('',(0.,0.,-1.));
#2320=DIRECTION('',(0.,0.,-1.));
#2321=DIRECTION('',(0.707106781186548,-0.707106781186548,0.));
#2322=DIRECTION('',(0.707106781186548,0.707106781186548,0.));
#2323=DIRECTION('',(0.,0.,-1.));
#2324=DIRECTION('',(0.,0.,1.));
#2325=DIRECTION('',(0.,0.,1.));
#2326=DIRECTION('',(1.,0.,0.));
#2327=DIRECTION('',(0.,0.,-1.));
#2328=DIRECTION('',(-1.,0.,0.));
#2329=DIRECTION('',(0.,0.,1.));
#2330=DIRECTION('',(1.,0.,0.));
#2331=DIRECTION('',(0.,0.,-1.));
#2332=DIRECTION('',(-1.,0.,0.));
#2333=DIRECTION('',(0.,0.,1.));
#2334=DIRECTION('',(1.,0.,0.));
#2335=CARTESIAN_POINT('',(0.,0.,0.));
#2336=CARTESIAN_POINT('',(0.,6.93889390390723E-18,0.0127));
#2337=CARTESIAN_POINT('',(0.0281031125734804,-0.0219246963621849,0.0127));
#2338=CARTESIAN_POINT('',(0.0268099556920465,-0.0232178532436188,0.0127));
#2339=CARTESIAN_POINT('',(0.0298380645889552,-0.0213463790236933,0.0127));
#2340=CARTESIAN_POINT('',(0.00179605122421382,0.00179605122421383,0.0127));
#2341=CARTESIAN_POINT('',(0.00608956229616882,-0.00249745984774117,0.0127));
#2342=CARTESIAN_POINT('',(0.00738271917760277,-0.0012043029663072,0.0127));
#2343=CARTESIAN_POINT('',(0.00557777594912264,-0.000909872359943475,0.0127));
#2344=CARTESIAN_POINT('',(-1.10588621593521E-17,-1.04083408558608E-17,0.0127));
#2345=CARTESIAN_POINT('',(0.00557777594912264,0.000909872359943466,0.0127));
#2346=CARTESIAN_POINT('',(0.00738271917760277,0.0012043029663072,0.0127));
#2347=CARTESIAN_POINT('',(0.00608956229616881,0.00249745984774116,0.0127));
#2348=CARTESIAN_POINT('',(0.00179605122421384,-0.00179605122421383,0.0127));
#2349=CARTESIAN_POINT('',(0.015847607510954,0.0122555050625264,0.0127));
#2350=CARTESIAN_POINT('',(0.017140764392388,0.0109623481810924,0.0127));
#2351=CARTESIAN_POINT('',(0.0188757164078627,0.011540665519584,0.0127));
#2352=CARTESIAN_POINT('',(0.0204503444229517,0.00681678147431725,0.0127));
#2353=CARTESIAN_POINT('',(-0.0281031125734804,-0.0219246963621849,0.0127));
#2354=CARTESIAN_POINT('',(-0.0298380645889552,-0.0213463790236933,0.0127));
#2355=CARTESIAN_POINT('',(-0.0268099556920465,-0.0232178532436188,0.0127));
#2356=CARTESIAN_POINT('',(-0.0204503444229517,0.00681678147431723,0.0127));
#2357=CARTESIAN_POINT('',(-0.0188757164078628,0.011540665519584,0.0127));
#2358=CARTESIAN_POINT('',(-0.017140764392388,0.0109623481810924,0.0127));
#2359=CARTESIAN_POINT('',(-0.015847607510954,0.0122555050625264,0.0127));
#2360=CARTESIAN_POINT('',(-0.00179605122421384,-0.00179605122421383,0.0127));
#2361=CARTESIAN_POINT('',(-0.00608956229616884,0.00249745984774117,0.0127));
#2362=CARTESIAN_POINT('',(-0.00738271917760279,0.0012043029663072,0.0127));
#2363=CARTESIAN_POINT('',(-0.00557777594912266,0.000909872359943472,0.0127));
#2364=CARTESIAN_POINT('',(-1.10588621593521E-17,-1.04083408558608E-17,0.0127));
#2365=CARTESIAN_POINT('',(-0.00557777594912266,-0.000909872359943487,0.0127));
#2366=CARTESIAN_POINT('',(-0.0073827191776028,-0.00120430296630722,0.0127));
#2367=CARTESIAN_POINT('',(-0.00608956229616884,-0.00249745984774118,0.0127));
#2368=CARTESIAN_POINT('',(-0.00179605122421383,0.00179605122421384,0.0127));
#2369=CARTESIAN_POINT('',(-0.0240484437132599,0.0178700275019643,0.0127));
#2370=CARTESIAN_POINT('',(-0.022313491697785,0.0172917101634727,0.0127));
#2371=CARTESIAN_POINT('',(-0.0227552868318259,0.0191631843833982,0.0127));
#2372=CARTESIAN_POINT('',(-0.0252696555770484,0.00842321852568276,0.0127));
#2373=CARTESIAN_POINT('',(-0.0319962479845252,-0.0117565586967479,0.0127));
#2374=CARTESIAN_POINT('',(-0.0337312,-0.0111782413582563,0.0127));
#2375=CARTESIAN_POINT('',(-0.03556,-0.0111782413582563,0.0127));
#2376=CARTESIAN_POINT('',(-0.03556,-9.25185853854297E-18,0.0127));
#2377=CARTESIAN_POINT('',(-0.03556,0.0258225352824015,0.0127));
#2378=CARTESIAN_POINT('',(-0.0337312,0.0258225352824015,0.0127));
#2379=CARTESIAN_POINT('',(-0.0325696639851926,0.0272351015733433,0.0127));
#2380=CARTESIAN_POINT('',(-0.0301625,0.0301625,0.0127));
#2381=CARTESIAN_POINT('',(-0.0305609792202303,0.0263935061938171,0.0127));
#2382=CARTESIAN_POINT('',(-0.0307532585864459,0.0245748423751504,0.0127));
#2383=CARTESIAN_POINT('',(-0.029460101705012,0.0258679992565843,0.0127));
#2384=CARTESIAN_POINT('',(-0.00179605122421384,-0.00179605122421383,0.0127));
#2385=CARTESIAN_POINT('',(0.01905,0.0252284162112956,0.0127));
#2386=CARTESIAN_POINT('',(0.0177568431185661,0.0239352593298616,0.0127));
#2387=CARTESIAN_POINT('',(0.020343156881434,0.0239352593298617,0.0127));
#2388=CARTESIAN_POINT('',(0.0208460512242138,0.0208460512242139,0.0127));
#2389=CARTESIAN_POINT('',(0.00925405932986158,0.0324380431185661,0.0127));
#2390=CARTESIAN_POINT('',(0.0105472162112955,0.0337312,0.0127));
#2391=CARTESIAN_POINT('',(0.0105472162112955,0.03556,0.0127));
#2392=CARTESIAN_POINT('',(-6.47630097698008E-18,0.03556,0.0127));
#2393=CARTESIAN_POINT('',(0.0258225352824015,0.03556,0.0127));
#2394=CARTESIAN_POINT('',(0.0258225352824015,0.0337312,0.0127));
#2395=CARTESIAN_POINT('',(0.0272351015733433,0.0325696639851926,0.0127));
#2396=CARTESIAN_POINT('',(0.0301625,0.0301625,0.0127));
#2397=CARTESIAN_POINT('',(0.0263935061938171,0.0305609792202303,0.0127));
#2398=CARTESIAN_POINT('',(0.0245748423751504,0.0307532585864459,0.0127));
#2399=CARTESIAN_POINT('',(0.0258679992565843,0.029460101705012,0.0127));
#2400=CARTESIAN_POINT('',(-0.00179605122421383,0.00179605122421384,0.0127));
#2401=CARTESIAN_POINT('',(-0.01905,0.0252284162112956,0.0127));
#2402=CARTESIAN_POINT('',(-0.020343156881434,0.0239352593298617,0.0127));
#2403=CARTESIAN_POINT('',(-0.0177568431185661,0.0239352593298617,0.0127));
#2404=CARTESIAN_POINT('',(0.00179605122421383,0.00179605122421384,0.0127));
#2405=CARTESIAN_POINT('',(-0.0258679992565843,0.029460101705012,0.0127));
#2406=CARTESIAN_POINT('',(-0.0245748423751504,0.0307532585864459,0.0127));
#2407=CARTESIAN_POINT('',(-0.0263935061938172,0.0305609792202303,0.0127));
#2408=CARTESIAN_POINT('',(-0.0301625,0.0301625,0.0127));
#2409=CARTESIAN_POINT('',(-0.0272351015733433,0.0325696639851925,0.0127));
#2410=CARTESIAN_POINT('',(-0.0258225352824015,0.0337312,0.0127));
#2411=CARTESIAN_POINT('',(-0.0258225352824015,0.03556,0.0127));
#2412=CARTESIAN_POINT('',(-6.47630097698008E-18,0.03556,0.0127));
#2413=CARTESIAN_POINT('',(-0.0105472162112956,0.03556,0.0127));
#2414=CARTESIAN_POINT('',(-0.0105472162112956,0.0337312,0.0127));
#2415=CARTESIAN_POINT('',(-0.00925405932986165,0.0324380431185661,0.0127));
#2416=CARTESIAN_POINT('',(-0.0208460512242139,0.0208460512242139,0.0127));
#2417=CARTESIAN_POINT('',(0.0240484437132598,0.0178700275019643,0.0127));
#2418=CARTESIAN_POINT('',(0.0227552868318259,0.0191631843833982,0.0127));
#2419=CARTESIAN_POINT('',(0.022313491697785,0.0172917101634727,0.0127));
#2420=CARTESIAN_POINT('',(0.00179605122421384,-0.00179605122421383,0.0127));
#2421=CARTESIAN_POINT('',(0.029460101705012,0.0258679992565843,0.0127));
#2422=CARTESIAN_POINT('',(0.0307532585864459,0.0245748423751504,0.0127));
#2423=CARTESIAN_POINT('',(0.0305609792202303,0.0263935061938172,0.0127));
#2424=CARTESIAN_POINT('',(0.0301625,0.0301625,0.0127));
#2425=CARTESIAN_POINT('',(0.0325696639851925,0.0272351015733433,0.0127));
#2426=CARTESIAN_POINT('',(0.0337312,0.0258225352824015,0.0127));
#2427=CARTESIAN_POINT('',(0.03556,0.0258225352824015,0.0127));
#2428=CARTESIAN_POINT('',(0.03556,2.31296463463575E-17,0.0127));
#2429=CARTESIAN_POINT('',(0.03556,-0.0111782413582564,0.0127));
#2430=CARTESIAN_POINT('',(0.0337312,-0.0111782413582564,0.0127));
#2431=CARTESIAN_POINT('',(0.0319962479845252,-0.011756558696748,0.0127));
#2432=CARTESIAN_POINT('',(0.0252696555770483,0.00842321852568278,0.0127));
#2433=CARTESIAN_POINT('',(-0.00120430296630721,-0.0073827191776028,0.0127));
#2434=CARTESIAN_POINT('',(-0.000909872359943481,-0.00557777594912266,0.0127));
#2435=CARTESIAN_POINT('',(-0.00249745984774117,-0.00608956229616884,0.0127));
#2436=CARTESIAN_POINT('',(-1.10588621593521E-17,-1.04083408558608E-17,0.0127));
#2437=CARTESIAN_POINT('',(0.000909872359943478,-0.00557777594912266,0.0127));
#2438=CARTESIAN_POINT('',(0.00120430296630721,-0.00738271917760279,0.0127));
#2439=CARTESIAN_POINT('',(0.00249745984774117,-0.00608956229616883,0.0127));
#2440=CARTESIAN_POINT('',(-0.00179605122421384,-0.00179605122421383,0.0127));
#2441=CARTESIAN_POINT('',(0.0258679992565843,-0.029460101705012,0.0127));
#2442=CARTESIAN_POINT('',(0.0245748423751504,-0.0307532585864459,0.0127));
#2443=CARTESIAN_POINT('',(0.0263935061938172,-0.0305609792202303,0.0127));
#2444=CARTESIAN_POINT('',(0.0301625,-0.0301625,0.0127));
#2445=CARTESIAN_POINT('',(0.0272351015733433,-0.0325696639851925,0.0127));
#2446=CARTESIAN_POINT('',(0.0258225352824015,-0.0337312,0.0127));
#2447=CARTESIAN_POINT('',(0.0258225352824015,-0.03556,0.0127));
#2448=CARTESIAN_POINT('',(6.47630097698008E-18,-0.03556,0.0127));
#2449=CARTESIAN_POINT('',(-0.0258225352824015,-0.03556,0.0127));
#2450=CARTESIAN_POINT('',(-0.0258225352824015,-0.0337312,0.0127));
#2451=CARTESIAN_POINT('',(-0.0272351015733433,-0.0325696639851926,0.0127));
#2452=CARTESIAN_POINT('',(-0.0301625,-0.0301625,0.0127));
#2453=CARTESIAN_POINT('',(-0.0263935061938171,-0.0305609792202303,0.0127));
#2454=CARTESIAN_POINT('',(-0.0245748423751504,-0.0307532585864459,0.0127));
#2455=CARTESIAN_POINT('',(-0.0258679992565843,-0.029460101705012,0.0127));
#2456=CARTESIAN_POINT('',(0.00179605122421384,-0.00179605122421383,0.0127));
#2457=CARTESIAN_POINT('',(-0.0301625,-0.0301625,0.0127));
#2458=CARTESIAN_POINT('',(-0.0314125,-0.0301625,0.0127));
#2459=CARTESIAN_POINT('',(0.0301625,-0.0301625,0.0127));
#2460=CARTESIAN_POINT('',(0.0289125,-0.0301625,0.0127));
#2461=CARTESIAN_POINT('',(0.0301625,0.0301625,0.0127));
#2462=CARTESIAN_POINT('',(0.0289125,0.0301625,0.0127));
#2463=CARTESIAN_POINT('',(-0.0301625,0.0301625,0.0127));
#2464=CARTESIAN_POINT('',(-0.0314125,0.0301625,0.0127));
#2465=CARTESIAN_POINT('',(0.0381,0.,0.0127));
#2466=CARTESIAN_POINT('',(0.0381,-0.0381,0.0127));
#2467=CARTESIAN_POINT('',(0.0381,0.0381,0.0127));
#2468=CARTESIAN_POINT('',(-2.08166817117217E-17,0.0381,0.0127));
#2469=CARTESIAN_POINT('',(-0.0381,0.0381,0.0127));
#2470=CARTESIAN_POINT('',(-0.0381,0.,0.0127));
#2471=CARTESIAN_POINT('',(-0.0381,-0.0381,0.0127));
#2472=CARTESIAN_POINT('',(2.08166817117217E-17,-0.0381,0.0127));
#2473=CARTESIAN_POINT('',(-0.000950147595113517,0.0024638,0.0127));
#2474=CARTESIAN_POINT('',(0.00190029519022704,0.0024638,0.0127));
#2475=CARTESIAN_POINT('',(-0.00190029519022704,0.0024638,0.0127));
#2476=CARTESIAN_POINT('',(-1.10588621593521E-17,-1.04083408558608E-17,0.0127));
#2477=CARTESIAN_POINT('',(-3.64291929955129E-17,0.0319215837887044,0.0127));
#2478=CARTESIAN_POINT('',(0.00129315688143392,0.0332147406701384,0.0127));
#2479=CARTESIAN_POINT('',(-0.001293156881434,0.0332147406701384,0.0127));
#2480=CARTESIAN_POINT('',(0.0172539487757861,0.0172539487757862,0.0127));
#2481=CARTESIAN_POINT('',(0.0141647406701384,0.020343156881434,0.0127));
#2482=CARTESIAN_POINT('',(0.0128715837887044,0.01905,0.0127));
#2483=CARTESIAN_POINT('',(0.0141647406701384,0.0177568431185661,0.0127));
#2484=CARTESIAN_POINT('',(-0.00179605122421383,0.00179605122421384,0.0127));
#2485=CARTESIAN_POINT('',(0.00194734067013838,0.00553944311856604,0.0127));
#2486=CARTESIAN_POINT('',(0.000654183788704419,0.0068326,0.0127));
#2487=CARTESIAN_POINT('',(0.000654183788704419,0.0050038,0.0127));
#2488=CARTESIAN_POINT('',(0.,0.0050038,0.0127));
#2489=CARTESIAN_POINT('',(-0.00065418378870442,0.0050038,0.0127));
#2490=CARTESIAN_POINT('',(-0.00065418378870442,0.0068326,0.0127));
#2491=CARTESIAN_POINT('',(-0.00194734067013838,0.00553944311856604,0.0127));
#2492=CARTESIAN_POINT('',(0.00179605122421383,0.00179605122421384,0.0127));
#2493=CARTESIAN_POINT('',(-0.0141647406701384,0.0177568431185661,0.0127));
#2494=CARTESIAN_POINT('',(-0.0128715837887044,0.01905,0.0127));
#2495=CARTESIAN_POINT('',(-0.0141647406701384,0.020343156881434,0.0127));
#2496=CARTESIAN_POINT('',(-0.0172539487757862,0.0172539487757862,0.0127));
#2497=CARTESIAN_POINT('',(0.,6.93889390390723E-18,0.));
#2498=CARTESIAN_POINT('',(0.00738271917760277,-0.0012043029663072,0.));
#2499=CARTESIAN_POINT('',(0.00608956229616882,-0.00249745984774116,0.));
#2500=CARTESIAN_POINT('',(0.00557777594912264,-0.000909872359943475,0.));
#2501=CARTESIAN_POINT('',(0.00179605122421382,0.00179605122421383,0.));
#2502=CARTESIAN_POINT('',(0.0268099556920465,-0.0232178532436188,0.));
#2503=CARTESIAN_POINT('',(0.0281031125734804,-0.0219246963621849,0.));
#2504=CARTESIAN_POINT('',(0.0298380645889552,-0.0213463790236933,0.));
#2505=CARTESIAN_POINT('',(0.0204503444229517,0.00681678147431725,0.));
#2506=CARTESIAN_POINT('',(0.0188757164078627,0.011540665519584,0.));
#2507=CARTESIAN_POINT('',(0.017140764392388,0.0109623481810924,0.));
#2508=CARTESIAN_POINT('',(0.015847607510954,0.0122555050625264,0.));
#2509=CARTESIAN_POINT('',(0.00179605122421384,-0.00179605122421383,0.));
#2510=CARTESIAN_POINT('',(0.00608956229616881,0.00249745984774116,0.));
#2511=CARTESIAN_POINT('',(0.00738271917760277,0.0012043029663072,0.));
#2512=CARTESIAN_POINT('',(0.00557777594912264,0.000909872359943466,0.));
#2513=CARTESIAN_POINT('',(-1.10588621593521E-17,-1.04083408558608E-17,0.));
#2514=CARTESIAN_POINT('',(-0.0337312,-0.0111782413582563,0.));
#2515=CARTESIAN_POINT('',(-0.0319962479845252,-0.0117565586967479,0.));
#2516=CARTESIAN_POINT('',(-0.03556,-0.0111782413582563,0.));
#2517=CARTESIAN_POINT('',(-0.0252696555770484,0.00842321852568276,0.));
#2518=CARTESIAN_POINT('',(-0.022313491697785,0.0172917101634727,0.));
#2519=CARTESIAN_POINT('',(-0.0240484437132599,0.0178700275019643,0.));
#2520=CARTESIAN_POINT('',(-0.0227552868318259,0.0191631843833982,0.));
#2521=CARTESIAN_POINT('',(-0.00179605122421384,-0.00179605122421383,0.));
#2522=CARTESIAN_POINT('',(-0.029460101705012,0.0258679992565843,0.));
#2523=CARTESIAN_POINT('',(-0.0307532585864459,0.0245748423751504,0.));
#2524=CARTESIAN_POINT('',(-0.0305609792202303,0.0263935061938171,0.));
#2525=CARTESIAN_POINT('',(-0.0301625,0.0301625,0.));
#2526=CARTESIAN_POINT('',(-0.0325696639851926,0.0272351015733433,0.));
#2527=CARTESIAN_POINT('',(-0.0337312,0.0258225352824015,0.));
#2528=CARTESIAN_POINT('',(-0.03556,0.0258225352824015,0.));
#2529=CARTESIAN_POINT('',(-0.03556,1.15648231731787E-18,0.));
#2530=CARTESIAN_POINT('',(-0.0245748423751504,0.0307532585864459,0.));
#2531=CARTESIAN_POINT('',(-0.0258679992565843,0.029460101705012,0.));
#2532=CARTESIAN_POINT('',(-0.0263935061938172,0.0305609792202303,0.));
#2533=CARTESIAN_POINT('',(0.00179605122421383,0.00179605122421384,0.));
#2534=CARTESIAN_POINT('',(-0.020343156881434,0.0239352593298617,0.));
#2535=CARTESIAN_POINT('',(-0.01905,0.0252284162112956,0.));
#2536=CARTESIAN_POINT('',(-0.0177568431185661,0.0239352593298617,0.));
#2537=CARTESIAN_POINT('',(-0.0208460512242139,0.0208460512242139,0.));
#2538=CARTESIAN_POINT('',(-0.00925405932986166,0.0324380431185661,0.));
#2539=CARTESIAN_POINT('',(-0.0105472162112956,0.0337312,0.));
#2540=CARTESIAN_POINT('',(-0.0105472162112956,0.03556,0.));
#2541=CARTESIAN_POINT('',(-2.03540887847945E-17,0.03556,0.));
#2542=CARTESIAN_POINT('',(-0.0258225352824015,0.03556,0.));
#2543=CARTESIAN_POINT('',(-0.0258225352824015,0.0337312,0.));
#2544=CARTESIAN_POINT('',(-0.0272351015733433,0.0325696639851925,0.));
#2545=CARTESIAN_POINT('',(-0.0301625,0.0301625,0.));
#2546=CARTESIAN_POINT('',(-0.0301625,-0.0301625,0.));
#2547=CARTESIAN_POINT('',(-0.0263935061938171,-0.0305609792202303,0.));
#2548=CARTESIAN_POINT('',(-0.0272351015733433,-0.0325696639851926,0.));
#2549=CARTESIAN_POINT('',(-0.0258225352824015,-0.0337312,0.));
#2550=CARTESIAN_POINT('',(-0.0258225352824015,-0.03556,0.));
#2551=CARTESIAN_POINT('',(2.03540887847945E-17,-0.03556,0.));
#2552=CARTESIAN_POINT('',(0.0258225352824015,-0.03556,0.));
#2553=CARTESIAN_POINT('',(0.0258225352824015,-0.0337312,0.));
#2554=CARTESIAN_POINT('',(0.0272351015733433,-0.0325696639851925,0.));
#2555=CARTESIAN_POINT('',(0.0301625,-0.0301625,0.));
#2556=CARTESIAN_POINT('',(0.0263935061938172,-0.0305609792202303,0.));
#2557=CARTESIAN_POINT('',(0.0245748423751504,-0.0307532585864459,0.));
#2558=CARTESIAN_POINT('',(0.0258679992565843,-0.029460101705012,0.));
#2559=CARTESIAN_POINT('',(-0.00179605122421384,-0.00179605122421383,0.));
#2560=CARTESIAN_POINT('',(0.00249745984774117,-0.00608956229616883,0.));
#2561=CARTESIAN_POINT('',(0.00120430296630721,-0.00738271917760279,0.));
#2562=CARTESIAN_POINT('',(0.000909872359943478,-0.00557777594912266,0.));
#2563=CARTESIAN_POINT('',(-1.10588621593521E-17,-1.04083408558608E-17,0.));
#2564=CARTESIAN_POINT('',(-0.000909872359943481,-0.00557777594912266,0.));
#2565=CARTESIAN_POINT('',(-0.00120430296630721,-0.0073827191776028,0.));
#2566=CARTESIAN_POINT('',(-0.00249745984774117,-0.00608956229616884,0.));
#2567=CARTESIAN_POINT('',(0.00179605122421384,-0.00179605122421383,0.));
#2568=CARTESIAN_POINT('',(-0.0258679992565843,-0.029460101705012,0.));
#2569=CARTESIAN_POINT('',(-0.0245748423751504,-0.0307532585864459,0.));
#2570=CARTESIAN_POINT('',(-0.0301625,-0.0301625,0.));
#2571=CARTESIAN_POINT('',(-0.0289125,-0.0301625,0.));
#2572=CARTESIAN_POINT('',(0.0301625,-0.0301625,0.));
#2573=CARTESIAN_POINT('',(0.0314125,-0.0301625,0.));
#2574=CARTESIAN_POINT('',(0.0301625,0.0301625,0.));
#2575=CARTESIAN_POINT('',(0.0314125,0.0301625,0.));
#2576=CARTESIAN_POINT('',(-0.0301625,0.0301625,0.));
#2577=CARTESIAN_POINT('',(-0.0289125,0.0301625,0.));
#2578=CARTESIAN_POINT('',(0.0381,0.,0.));
#2579=CARTESIAN_POINT('',(0.0381,-0.0381,0.));
#2580=CARTESIAN_POINT('',(0.0381,0.0381,0.));
#2581=CARTESIAN_POINT('',(2.08166817117217E-17,-0.0381,0.));
#2582=CARTESIAN_POINT('',(-0.0381,-0.0381,0.));
#2583=CARTESIAN_POINT('',(-0.0381,0.,0.));
#2584=CARTESIAN_POINT('',(-0.0381,0.0381,0.));
#2585=CARTESIAN_POINT('',(-2.08166817117217E-17,0.0381,0.));
#2586=CARTESIAN_POINT('',(-0.000950147595113517,0.0024638,0.));
#2587=CARTESIAN_POINT('',(0.00190029519022704,0.0024638,0.));
#2588=CARTESIAN_POINT('',(-0.00190029519022704,0.0024638,0.));
#2589=CARTESIAN_POINT('',(-1.10588621593521E-17,-1.04083408558608E-17,0.));
#2590=CARTESIAN_POINT('',(0.0307532585864459,0.0245748423751504,0.));
#2591=CARTESIAN_POINT('',(0.029460101705012,0.0258679992565843,0.));
#2592=CARTESIAN_POINT('',(0.0305609792202303,0.0263935061938172,0.));
#2593=CARTESIAN_POINT('',(0.00179605122421384,-0.00179605122421383,0.));
#2594=CARTESIAN_POINT('',(0.0227552868318259,0.0191631843833982,0.));
#2595=CARTESIAN_POINT('',(0.0240484437132598,0.0178700275019643,0.));
#2596=CARTESIAN_POINT('',(0.022313491697785,0.0172917101634727,0.));
#2597=CARTESIAN_POINT('',(0.0252696555770483,0.00842321852568278,0.));
#2598=CARTESIAN_POINT('',(0.0319962479845252,-0.011756558696748,0.));
#2599=CARTESIAN_POINT('',(0.0337312,-0.0111782413582564,0.));
#2600=CARTESIAN_POINT('',(0.03556,-0.0111782413582564,0.));
#2601=CARTESIAN_POINT('',(0.03556,-1.15648231731787E-18,0.));
#2602=CARTESIAN_POINT('',(0.03556,0.0258225352824015,0.));
#2603=CARTESIAN_POINT('',(0.0337312,0.0258225352824015,0.));
#2604=CARTESIAN_POINT('',(0.0325696639851925,0.0272351015733433,0.));
#2605=CARTESIAN_POINT('',(0.0301625,0.0301625,0.));
#2606=CARTESIAN_POINT('',(0.0105472162112955,0.0337312,0.));
#2607=CARTESIAN_POINT('',(0.00925405932986159,0.0324380431185661,0.));
#2608=CARTESIAN_POINT('',(0.0105472162112955,0.03556,0.));
#2609=CARTESIAN_POINT('',(0.0208460512242138,0.0208460512242139,0.));
#2610=CARTESIAN_POINT('',(0.0177568431185661,0.0239352593298616,0.));
#2611=CARTESIAN_POINT('',(0.01905,0.0252284162112956,0.));
#2612=CARTESIAN_POINT('',(0.020343156881434,0.0239352593298617,0.));
#2613=CARTESIAN_POINT('',(-0.00179605122421383,0.00179605122421384,0.));
#2614=CARTESIAN_POINT('',(0.0258679992565843,0.029460101705012,0.));
#2615=CARTESIAN_POINT('',(0.0245748423751504,0.0307532585864459,0.));
#2616=CARTESIAN_POINT('',(0.0263935061938171,0.0305609792202303,0.));
#2617=CARTESIAN_POINT('',(0.0301625,0.0301625,0.));
#2618=CARTESIAN_POINT('',(0.0272351015733433,0.0325696639851926,0.));
#2619=CARTESIAN_POINT('',(0.0258225352824015,0.0337312,0.));
#2620=CARTESIAN_POINT('',(0.0258225352824015,0.03556,0.));
#2621=CARTESIAN_POINT('',(-2.03540887847945E-17,0.03556,0.));
#2622=CARTESIAN_POINT('',(-0.017140764392388,0.0109623481810924,0.));
#2623=CARTESIAN_POINT('',(-0.0188757164078628,0.011540665519584,0.));
#2624=CARTESIAN_POINT('',(-0.015847607510954,0.0122555050625264,0.));
#2625=CARTESIAN_POINT('',(-0.0204503444229517,0.00681678147431723,0.));
#2626=CARTESIAN_POINT('',(-0.0298380645889552,-0.0213463790236933,0.));
#2627=CARTESIAN_POINT('',(-0.0281031125734804,-0.0219246963621849,0.));
#2628=CARTESIAN_POINT('',(-0.0268099556920465,-0.0232178532436188,0.));
#2629=CARTESIAN_POINT('',(-0.00179605122421383,0.00179605122421384,0.));
#2630=CARTESIAN_POINT('',(-0.00608956229616884,-0.00249745984774118,0.));
#2631=CARTESIAN_POINT('',(-0.0073827191776028,-0.00120430296630722,0.));
#2632=CARTESIAN_POINT('',(-0.00557777594912266,-0.000909872359943487,0.));
#2633=CARTESIAN_POINT('',(-1.10588621593521E-17,-1.04083408558608E-17,0.));
#2634=CARTESIAN_POINT('',(-0.00557777594912266,0.000909872359943473,0.));
#2635=CARTESIAN_POINT('',(-0.00738271917760279,0.0012043029663072,0.));
#2636=CARTESIAN_POINT('',(-0.00608956229616884,0.00249745984774117,0.));
#2637=CARTESIAN_POINT('',(-0.00179605122421384,-0.00179605122421383,0.));
#2638=CARTESIAN_POINT('',(-0.0172539487757862,0.0172539487757862,0.));
#2639=CARTESIAN_POINT('',(-0.0141647406701384,0.020343156881434,0.));
#2640=CARTESIAN_POINT('',(-0.00129315688143399,0.0332147406701384,0.));
#2641=CARTESIAN_POINT('',(-0.0128715837887044,0.01905,0.));
#2642=CARTESIAN_POINT('',(-0.0141647406701384,0.0177568431185661,0.));
#2643=CARTESIAN_POINT('',(0.00179605122421383,0.00179605122421384,0.));
#2644=CARTESIAN_POINT('',(-0.00194734067013838,0.00553944311856605,0.));
#2645=CARTESIAN_POINT('',(-0.00065418378870442,0.0068326,0.));
#2646=CARTESIAN_POINT('',(-0.00065418378870442,0.0050038,0.));
#2647=CARTESIAN_POINT('',(-0.000950147595113517,0.0050038,0.));
#2648=CARTESIAN_POINT('',(0.000654183788704419,0.0050038,0.));
#2649=CARTESIAN_POINT('',(0.000654183788704419,0.0068326,0.));
#2650=CARTESIAN_POINT('',(0.00194734067013838,0.00553944311856604,0.));
#2651=CARTESIAN_POINT('',(-0.00179605122421383,0.00179605122421384,0.));
#2652=CARTESIAN_POINT('',(0.0141647406701384,0.0177568431185661,0.));
#2653=CARTESIAN_POINT('',(0.0128715837887044,0.01905,0.));
#2654=CARTESIAN_POINT('',(0.0141647406701384,0.020343156881434,0.));
#2655=CARTESIAN_POINT('',(0.0172539487757861,0.0172539487757862,0.));
#2656=CARTESIAN_POINT('',(0.00129315688143392,0.0332147406701384,0.));
#2657=CARTESIAN_POINT('',(-3.64291929955129E-17,0.0319215837887044,0.));
#2658=CARTESIAN_POINT('',(-0.000950147595113517,0.0024638,0.0127));
#2659=CARTESIAN_POINT('',(0.00190029519022704,0.0024638,0.0127));
#2660=CARTESIAN_POINT('',(-0.00190029519022704,0.0024638,0.0127));
#2661=CARTESIAN_POINT('',(0.0381,0.,0.0127));
#2662=CARTESIAN_POINT('',(0.0381,0.0381,0.0127));
#2663=CARTESIAN_POINT('',(0.0381,-0.0381,0.0127));
#2664=CARTESIAN_POINT('',(-2.08166817117217E-17,0.0381,0.0127));
#2665=CARTESIAN_POINT('',(-0.0381,0.0381,0.0127));
#2666=CARTESIAN_POINT('',(-0.0381,0.,0.0127));
#2667=CARTESIAN_POINT('',(-0.0381,-0.0381,0.0127));
#2668=CARTESIAN_POINT('',(2.08166817117217E-17,-0.0381,0.0127));
#2669=CARTESIAN_POINT('',(-1.10588621593521E-17,-1.04083408558608E-17,0.0127));
#2670=CARTESIAN_POINT('',(-0.0301625,0.0301625,0.0127));
#2671=CARTESIAN_POINT('',(0.0301625,0.0301625,0.0127));
#2672=CARTESIAN_POINT('',(0.0301625,-0.0301625,0.0127));
#2673=CARTESIAN_POINT('',(-0.0301625,-0.0301625,0.0127));
#2674=CARTESIAN_POINT('',(-1.10588621593521E-17,-1.04083408558608E-17,0.0297688));
#2675=CARTESIAN_POINT('',(-0.000909872359943481,-0.00557777594912266,0.));
#2676=CARTESIAN_POINT('',(0.000909872359943478,-0.00557777594912266,0.0254));
#2677=CARTESIAN_POINT('',(-0.0301625,-0.0301625,0.0297688));
#2678=CARTESIAN_POINT('',(-0.0272351015733433,-0.0325696639851926,0.));
#2679=CARTESIAN_POINT('',(-0.0263935061938171,-0.0305609792202303,0.0254));
#2680=CARTESIAN_POINT('',(0.0301625,-0.0301625,0.0297688));
#2681=CARTESIAN_POINT('',(0.0263935061938172,-0.0305609792202303,0.));
#2682=CARTESIAN_POINT('',(0.0272351015733433,-0.0325696639851925,0.0254));
#2683=CARTESIAN_POINT('',(2.03540887847945E-17,-0.03556,0.0297688));
#2684=CARTESIAN_POINT('',(0.0258225352824015,-0.03556,0.0297688));
#2685=CARTESIAN_POINT('',(-0.0258225352824015,-0.03556,0.0297688));
#2686=CARTESIAN_POINT('',(0.0172539487757862,-0.0208460512242139,0.0297688));
#2687=CARTESIAN_POINT('',(0.00249745984774117,-0.00608956229616883,0.0297688));
#2688=CARTESIAN_POINT('',(0.0258679992565843,-0.029460101705012,0.0297688));
#2689=CARTESIAN_POINT('',(-0.0172539487757861,-0.0208460512242139,0.0297688));
#2690=CARTESIAN_POINT('',(-0.0258679992565843,-0.029460101705012,0.0297688));
#2691=CARTESIAN_POINT('',(-0.00249745984774117,-0.00608956229616884,0.0297688));
#2692=CARTESIAN_POINT('',(0.00120430296630721,-0.00738271917760279,0.0297688));
#2693=CARTESIAN_POINT('',(-0.00120430296630721,-0.0073827191776028,0.0297688));
#2694=CARTESIAN_POINT('',(-0.0245748423751504,-0.0307532585864459,0.0297688));
#2695=CARTESIAN_POINT('',(0.0245748423751504,-0.0307532585864459,0.0297688));
#2696=CARTESIAN_POINT('',(-0.0258225352824015,-0.0337312,0.0297688));
#2697=CARTESIAN_POINT('',(0.0258225352824015,-0.0337312,0.0297688));
#2698=CARTESIAN_POINT('',(0.03556,-1.15648231731787E-18,0.0297688));
#2699=CARTESIAN_POINT('',(0.03556,0.0258225352824015,0.0297688));
#2700=CARTESIAN_POINT('',(0.03556,-0.0111782413582564,0.0297688));
#2701=CARTESIAN_POINT('',(0.0301625,0.0301625,0.0297688));
#2702=CARTESIAN_POINT('',(0.0305609792202303,0.0263935061938172,0.));
#2703=CARTESIAN_POINT('',(0.0325696639851925,0.0272351015733433,0.0254));
#2704=CARTESIAN_POINT('',(0.0309846555770483,-0.00872178147431722,0.0297688));
#2705=CARTESIAN_POINT('',(0.0319962479845252,-0.011756558696748,0.0297688));
#2706=CARTESIAN_POINT('',(0.022313491697785,0.0172917101634727,0.0297688));
#2707=CARTESIAN_POINT('',(0.0208460512242138,0.0172539487757861,0.0297688));
#2708=CARTESIAN_POINT('',(0.0227552868318259,0.0191631843833982,0.0297688));
#2709=CARTESIAN_POINT('',(0.029460101705012,0.0258679992565843,0.0297688));
#2710=CARTESIAN_POINT('',(0.0240484437132598,0.0178700275019643,0.0297688));
#2711=CARTESIAN_POINT('',(0.0307532585864459,0.0245748423751504,0.0297688));
#2712=CARTESIAN_POINT('',(0.0337312,-0.0111782413582564,0.0297688));
#2713=CARTESIAN_POINT('',(0.0337312,0.0258225352824015,0.0297688));
#2714=CARTESIAN_POINT('',(-2.03540887847945E-17,0.03556,0.0297688));
#2715=CARTESIAN_POINT('',(-0.0258225352824015,0.03556,0.0297688));
#2716=CARTESIAN_POINT('',(-0.0105472162112956,0.03556,0.0297688));
#2717=CARTESIAN_POINT('',(-0.0301625,0.0301625,0.0297688));
#2718=CARTESIAN_POINT('',(-0.0263935061938172,0.0305609792202303,0.));
#2719=CARTESIAN_POINT('',(-0.0272351015733433,0.0325696639851925,0.0254));
#2720=CARTESIAN_POINT('',(-0.0113210512242139,0.0303710512242138,0.0297688));
#2721=CARTESIAN_POINT('',(-0.00925405932986165,0.0324380431185661,0.0297688));
#2722=CARTESIAN_POINT('',(-0.0177568431185661,0.0239352593298617,0.0297688));
#2723=CARTESIAN_POINT('',(-0.0172539487757862,0.0208460512242139,0.0297688));
#2724=CARTESIAN_POINT('',(-0.020343156881434,0.0239352593298617,0.0297688));
#2725=CARTESIAN_POINT('',(-0.0258679992565843,0.029460101705012,0.0297688));
#2726=CARTESIAN_POINT('',(-0.01905,0.0252284162112956,0.0297688));
#2727=CARTESIAN_POINT('',(-0.0245748423751504,0.0307532585864459,0.0297688));
#2728=CARTESIAN_POINT('',(-0.0105472162112956,0.0337312,0.0297688));
#2729=CARTESIAN_POINT('',(-0.0258225352824015,0.0337312,0.0297688));
#2730=CARTESIAN_POINT('',(-2.03540887847945E-17,0.03556,0.0297688));
#2731=CARTESIAN_POINT('',(0.0105472162112955,0.03556,0.0297688));
#2732=CARTESIAN_POINT('',(0.0258225352824015,0.03556,0.0297688));
#2733=CARTESIAN_POINT('',(0.0301625,0.0301625,0.0297688));
#2734=CARTESIAN_POINT('',(0.0272351015733433,0.0325696639851926,0.));
#2735=CARTESIAN_POINT('',(0.0263935061938171,0.0305609792202303,0.0254));
#2736=CARTESIAN_POINT('',(0.0113210512242138,0.0303710512242138,0.0297688));
#2737=CARTESIAN_POINT('',(0.0177568431185661,0.0239352593298616,0.0297688));
#2738=CARTESIAN_POINT('',(0.00925405932986158,0.0324380431185661,0.0297688));
#2739=CARTESIAN_POINT('',(0.0172539487757861,0.0208460512242139,0.0297688));
#2740=CARTESIAN_POINT('',(0.0258679992565843,0.029460101705012,0.0297688));
#2741=CARTESIAN_POINT('',(0.020343156881434,0.0239352593298617,0.0297688));
#2742=CARTESIAN_POINT('',(0.01905,0.0252284162112956,0.0297688));
#2743=CARTESIAN_POINT('',(0.0245748423751504,0.0307532585864459,0.0297688));
#2744=CARTESIAN_POINT('',(0.0105472162112955,0.0337312,0.0297688));
#2745=CARTESIAN_POINT('',(0.0258225352824015,0.0337312,0.0297688));
#2746=CARTESIAN_POINT('',(-0.03556,1.15648231731787E-18,0.0297688));
#2747=CARTESIAN_POINT('',(-0.03556,-0.0111782413582563,0.0297688));
#2748=CARTESIAN_POINT('',(-0.03556,0.0258225352824015,0.0297688));
#2749=CARTESIAN_POINT('',(-0.0301625,0.0301625,0.0297688));
#2750=CARTESIAN_POINT('',(-0.0325696639851926,0.0272351015733433,0.));
#2751=CARTESIAN_POINT('',(-0.0305609792202303,0.0263935061938171,0.0254));
#2752=CARTESIAN_POINT('',(-0.0309846555770483,-0.00872178147431721,0.0297688));
#2753=CARTESIAN_POINT('',(-0.022313491697785,0.0172917101634727,0.0297688));
#2754=CARTESIAN_POINT('',(-0.0319962479845252,-0.0117565586967479,0.0297688));
#2755=CARTESIAN_POINT('',(-0.0208460512242139,0.0172539487757862,0.0297688));
#2756=CARTESIAN_POINT('',(-0.029460101705012,0.0258679992565843,0.0297688));
#2757=CARTESIAN_POINT('',(-0.0227552868318259,0.0191631843833982,0.0297688));
#2758=CARTESIAN_POINT('',(-0.0240484437132599,0.0178700275019643,0.0297688));
#2759=CARTESIAN_POINT('',(-0.0307532585864459,0.0245748423751504,0.0297688));
#2760=CARTESIAN_POINT('',(-0.0337312,-0.0111782413582563,0.0297688));
#2761=CARTESIAN_POINT('',(-0.0337312,0.0258225352824015,0.0297688));
#2762=CARTESIAN_POINT('',(-1.10588621593521E-17,-1.04083408558608E-17,0.0297688));
#2763=CARTESIAN_POINT('',(-0.00557777594912266,0.000909872359943473,0.));
#2764=CARTESIAN_POINT('',(-0.00557777594912266,-0.000909872359943487,0.0254));
#2765=CARTESIAN_POINT('',(-0.0261653444229517,-0.0103282185256827,0.0297688));
#2766=CARTESIAN_POINT('',(-0.0298380645889552,-0.0213463790236933,0.0297688));
#2767=CARTESIAN_POINT('',(-0.0188757164078628,0.011540665519584,0.0297688));
#2768=CARTESIAN_POINT('',(-0.0208460512242139,0.0172539487757862,0.0297688));
#2769=CARTESIAN_POINT('',(-0.015847607510954,0.0122555050625264,0.0297688));
#2770=CARTESIAN_POINT('',(-0.00608956229616884,0.00249745984774117,0.0297688));
#2771=CARTESIAN_POINT('',(-0.0208460512242138,-0.0172539487757861,0.0297688));
#2772=CARTESIAN_POINT('',(-0.00608956229616884,-0.00249745984774118,0.0297688));
#2773=CARTESIAN_POINT('',(-0.0268099556920465,-0.0232178532436188,0.0297688));
#2774=CARTESIAN_POINT('',(-0.0281031125734804,-0.0219246963621849,0.0297688));
#2775=CARTESIAN_POINT('',(-0.017140764392388,0.0109623481810924,0.0297688));
#2776=CARTESIAN_POINT('',(-0.0073827191776028,-0.00120430296630722,0.0297688));
#2777=CARTESIAN_POINT('',(-0.00738271917760279,0.0012043029663072,0.0297688));
#2778=CARTESIAN_POINT('',(-1.10588621593521E-17,-1.04083408558608E-17,0.0297688));
#2779=CARTESIAN_POINT('',(0.00557777594912264,-0.000909872359943475,0.));
#2780=CARTESIAN_POINT('',(0.00557777594912264,0.000909872359943466,0.0254));
#2781=CARTESIAN_POINT('',(0.0208460512242139,-0.0172539487757861,0.0297688));
#2782=CARTESIAN_POINT('',(0.0268099556920465,-0.0232178532436188,0.0297688));
#2783=CARTESIAN_POINT('',(0.00608956229616882,-0.00249745984774117,0.0297688));
#2784=CARTESIAN_POINT('',(0.0208460512242138,0.0172539487757861,0.0297688));
#2785=CARTESIAN_POINT('',(0.00608956229616882,0.00249745984774116,0.0297688));
#2786=CARTESIAN_POINT('',(0.015847607510954,0.0122555050625264,0.0297688));
#2787=CARTESIAN_POINT('',(0.0261653444229517,-0.0103282185256828,0.0297688));
#2788=CARTESIAN_POINT('',(0.0188757164078627,0.011540665519584,0.0297688));
#2789=CARTESIAN_POINT('',(0.0298380645889552,-0.0213463790236933,0.0297688));
#2790=CARTESIAN_POINT('',(0.0281031125734804,-0.0219246963621849,0.0297688));
#2791=CARTESIAN_POINT('',(0.017140764392388,0.0109623481810924,0.0297688));
#2792=CARTESIAN_POINT('',(0.00738271917760277,-0.0012043029663072,0.0297688));
#2793=CARTESIAN_POINT('',(0.00738271917760277,0.0012043029663072,0.0297688));
#2794=CARTESIAN_POINT('',(-0.000950147595113517,0.0050038,0.0297688));
#2795=CARTESIAN_POINT('',(0.000654183788704419,0.0050038,0.0297688));
#2796=CARTESIAN_POINT('',(-0.00065418378870442,0.0050038,0.0297688));
#2797=CARTESIAN_POINT('',(0.0172539487757861,0.0208460512242139,0.0297688));
#2798=CARTESIAN_POINT('',(0.0141647406701384,0.0177568431185661,0.0297688));
#2799=CARTESIAN_POINT('',(0.00194734067013838,0.00553944311856604,0.0297688));
#2800=CARTESIAN_POINT('',(0.00772894877578614,0.0267789487757862,0.0297688));
#2801=CARTESIAN_POINT('',(0.00129315688143392,0.0332147406701384,0.0297688));
#2802=CARTESIAN_POINT('',(0.0141647406701384,0.020343156881434,0.0297688));
#2803=CARTESIAN_POINT('',(-0.0172539487757862,0.0208460512242139,0.0297688));
#2804=CARTESIAN_POINT('',(-0.00194734067013838,0.00553944311856605,0.0297688));
#2805=CARTESIAN_POINT('',(-0.0141647406701384,0.0177568431185661,0.0297688));
#2806=CARTESIAN_POINT('',(-0.0077289487757862,0.0267789487757862,0.0297688));
#2807=CARTESIAN_POINT('',(-0.0141647406701384,0.020343156881434,0.0297688));
#2808=CARTESIAN_POINT('',(-0.001293156881434,0.0332147406701384,0.0297688));
#2809=CARTESIAN_POINT('',(0.0128715837887044,0.01905,0.0297688));
#2810=CARTESIAN_POINT('',(-0.0128715837887044,0.01905,0.0297688));
#2811=CARTESIAN_POINT('',(-3.64291929955129E-17,0.0319215837887044,0.0297688));
#2812=CARTESIAN_POINT('',(0.000654183788704419,0.0068326,0.0297688));
#2813=CARTESIAN_POINT('',(-0.00065418378870442,0.0068326,0.0297688));
#2814=MECHANICAL_DESIGN_GEOMETRIC_PRESENTATION_REPRESENTATION('',(#1643),
#2815);
#2815=(
GEOMETRIC_REPRESENTATION_CONTEXT(3)
GLOBAL_UNCERTAINTY_ASSIGNED_CONTEXT((#2816))
GLOBAL_UNIT_ASSIGNED_CONTEXT((#2819,#2818,#2817))
REPRESENTATION_CONTEXT('Part 1','TOP_LEVEL_ASSEMBLY_PART')
);
#2816=UNCERTAINTY_MEASURE_WITH_UNIT(LENGTH_MEASURE(1.E-8),#2819,
'DISTANCE_ACCURACY_VALUE','Maximum Tolerance applied to model');
#2817=(
NAMED_UNIT(*)
SI_UNIT($,.STERADIAN.)
SOLID_ANGLE_UNIT()
);
#2818=(
NAMED_UNIT(*)
PLANE_ANGLE_UNIT()
SI_UNIT($,.RADIAN.)
);
#2819=(
LENGTH_UNIT()
NAMED_UNIT(*)
SI_UNIT($,.METRE.)
);
#2820=PRODUCT_DEFINITION_SHAPE('','',#2821);
#2821=PRODUCT_DEFINITION('','',#2823,#2822);
#2822=PRODUCT_DEFINITION_CONTEXT('',#2829,'design');
#2823=PRODUCT_DEFINITION_FORMATION_WITH_SPECIFIED_SOURCE('','',#2825,
 .NOT_KNOWN.);
#2824=PRODUCT_RELATED_PRODUCT_CATEGORY('','',(#2825));
#2825=PRODUCT('Part 1','Part 1','Part 1',(#2827));
#2826=PRODUCT_CATEGORY('','');
#2827=PRODUCT_CONTEXT('',#2829,'mechanical');
#2828=APPLICATION_PROTOCOL_DEFINITION('international standard',
'ap242_managed_model_based_3d_engineering',2020,#2829);
#2829=APPLICATION_CONTEXT('managed model based 3d engineering');
ENDSEC;
END-ISO-10303-21;
