ISO-10303-21;
HEADER;
/* Generated by software containing ST-Developer
 * from STEP Tools, Inc. (www.steptools.com) 
 */
/* OPTION: using custom renumber hook */

FILE_DESCRIPTION(
/* description */ ('STEP AP242 Edition 2',
'CAx-IF Rec.Pracs.---Representation and Presentation of Product Manufa
cturing Information (PMI)---4.0---2014-10-13',
'CAx-IF Rec.Pracs.---3D Tessellated Geometry---0.4---2014-09-14','2;1',
'CAx-IF Rec.Pracs.---User Defined Attributes---1.5---2016-08-15'),
/* implementation_level */ '2;1');

FILE_NAME(
/* name */ 'Part Studio 2',
/* time_stamp */ '2026-05-28T22:10:25Z',
/* author */ (''),
/* organization */ (''),
/* preprocessor_version */ 'ST-DEVELOPER v20',
/* originating_system */ 'ONSHAPE BY PTC INC, 1.215',
/* authorisation */ '  ');

FILE_SCHEMA (('AP242_MANAGED_MODEL_BASED_3D_ENGINEERING_MIM_LF { 1 0 10303 442 3 1 4 }'));
ENDSEC;

DATA;
#10=SHAPE_REPRESENTATION_RELATIONSHIP('','',#1479,#11);
#11=ADVANCED_BREP_SHAPE_REPRESENTATION('',(#1477),#2509);
#12=B_SPLINE_CURVE_WITH_KNOTS('',3,(#2415,#2416,#2417,#2418,#2419,#2420,
#2421),.UNSPECIFIED.,.F.,.F.,(4,1,1,1,4),(5.00615017348972E-18,0.000842060882264659,
0.00168412176452931,0.00252618264679397,0.00336824352905862),
 .UNSPECIFIED.);
#13=B_SPLINE_CURVE_WITH_KNOTS('',3,(#2448,#2449,#2450,#2451,#2452,#2453,
#2454),.UNSPECIFIED.,.F.,.F.,(4,1,1,1,4),(0.,0.000842060882264649,0.0016841217645293,
0.00252618264679395,0.0033682435290586),.UNSPECIFIED.);
#14=ELLIPSE('',#1507,0.0029379037646519,0.0018288);
#15=ELLIPSE('',#1508,0.00258631376286791,0.0018288);
#16=ELLIPSE('',#1586,0.0029379037646519,0.0018288);
#17=ELLIPSE('',#1588,0.00258631376286791,0.0018288);
#18=ELLIPSE('',#1591,0.00807369116238662,0.0018288);
#19=ELLIPSE('',#1601,0.00807369116238664,0.0018288);
#20=CYLINDRICAL_SURFACE('',#1506,0.0018288);
#21=CYLINDRICAL_SURFACE('',#1552,0.00635);
#22=CYLINDRICAL_SURFACE('',#1564,0.00635);
#23=CYLINDRICAL_SURFACE('',#1570,0.00381);
#24=CYLINDRICAL_SURFACE('',#1573,0.00381);
#25=CYLINDRICAL_SURFACE('',#1576,0.00889);
#26=CYLINDRICAL_SURFACE('',#1578,0.0018288);
#27=CYLINDRICAL_SURFACE('',#1579,0.0018288);
#28=CYLINDRICAL_SURFACE('',#1580,0.0018288);
#29=CYLINDRICAL_SURFACE('',#1581,0.0018288);
#30=CYLINDRICAL_SURFACE('',#1584,0.00889);
#31=CYLINDRICAL_SURFACE('',#1587,0.0018288);
#32=CYLINDRICAL_SURFACE('',#1589,0.0018288);
#33=CYLINDRICAL_SURFACE('',#1592,0.0018288);
#34=CYLINDRICAL_SURFACE('',#1593,0.0018288);
#35=CYLINDRICAL_SURFACE('',#1594,0.0018288);
#36=CYLINDRICAL_SURFACE('',#1597,0.0018288);
#37=CYLINDRICAL_SURFACE('',#1598,0.0018288);
#38=CYLINDRICAL_SURFACE('',#1602,0.0018288);
#39=CYLINDRICAL_SURFACE('',#1603,0.0018288);
#40=CYLINDRICAL_SURFACE('',#1607,0.0018288);
#41=CYLINDRICAL_SURFACE('',#1608,0.0018288);
#42=CYLINDRICAL_SURFACE('',#1609,0.0018288);
#43=CYLINDRICAL_SURFACE('',#1611,0.00889);
#44=CYLINDRICAL_SURFACE('',#1612,0.0018288);
#45=CYLINDRICAL_SURFACE('',#1613,0.0018288);
#46=CYLINDRICAL_SURFACE('',#1614,0.0018288);
#47=CYLINDRICAL_SURFACE('',#1615,0.0018288);
#48=CYLINDRICAL_SURFACE('',#1620,0.0018288);
#49=CYLINDRICAL_SURFACE('',#1621,0.0018288);
#50=CYLINDRICAL_SURFACE('',#1622,0.0018288);
#51=CYLINDRICAL_SURFACE('',#1625,0.00889);
#52=CYLINDRICAL_SURFACE('',#1627,0.0018288);
#53=CYLINDRICAL_SURFACE('',#1628,0.0018288);
#54=CYLINDRICAL_SURFACE('',#1629,0.0018288);
#55=CYLINDRICAL_SURFACE('',#1630,0.0018288);
#56=CIRCLE('',#1482,0.0018288);
#57=CIRCLE('',#1483,0.0018288);
#58=CIRCLE('',#1484,0.0018288);
#59=CIRCLE('',#1485,0.00889);
#60=CIRCLE('',#1486,0.0018288);
#61=CIRCLE('',#1487,0.0018288);
#62=CIRCLE('',#1488,0.00889);
#63=CIRCLE('',#1489,0.0018288);
#64=CIRCLE('',#1490,0.0018288);
#65=CIRCLE('',#1491,0.0018288);
#66=CIRCLE('',#1492,0.0018288);
#67=CIRCLE('',#1493,0.0018288);
#68=CIRCLE('',#1495,0.0018288);
#69=CIRCLE('',#1496,0.0018288);
#70=CIRCLE('',#1497,0.0018288);
#71=CIRCLE('',#1498,0.00889);
#72=CIRCLE('',#1499,0.0018288);
#73=CIRCLE('',#1500,0.00635);
#74=CIRCLE('',#1501,0.0018288);
#75=CIRCLE('',#1502,0.0018288);
#76=CIRCLE('',#1503,0.0018288);
#77=CIRCLE('',#1505,0.0018288);
#78=CIRCLE('',#1509,0.0018288);
#79=CIRCLE('',#1511,0.0018288);
#80=CIRCLE('',#1512,0.0018288);
#81=CIRCLE('',#1513,0.0018288);
#82=CIRCLE('',#1514,0.0018288);
#83=CIRCLE('',#1515,0.0018288);
#84=CIRCLE('',#1516,0.0018288);
#85=CIRCLE('',#1517,0.0018288);
#86=CIRCLE('',#1518,0.0018288);
#87=CIRCLE('',#1520,0.0018288);
#88=CIRCLE('',#1521,0.0018288);
#89=CIRCLE('',#1522,0.0018288);
#90=CIRCLE('',#1523,0.0018288);
#91=CIRCLE('',#1524,0.0018288);
#92=CIRCLE('',#1526,0.0018288);
#93=CIRCLE('',#1527,0.0018288);
#94=CIRCLE('',#1528,0.0018288);
#95=CIRCLE('',#1529,0.0018288);
#96=CIRCLE('',#1530,0.00889);
#97=CIRCLE('',#1531,0.00635);
#98=CIRCLE('',#1536,0.0018288);
#99=CIRCLE('',#1537,0.0018288);
#100=CIRCLE('',#1538,0.0018288);
#101=CIRCLE('',#1539,0.00889);
#102=CIRCLE('',#1540,0.0018288);
#103=CIRCLE('',#1541,0.00635);
#104=CIRCLE('',#1543,0.0018288);
#105=CIRCLE('',#1544,0.0018288);
#106=CIRCLE('',#1545,0.00889);
#107=CIRCLE('',#1546,0.0018288);
#108=CIRCLE('',#1547,0.0018288);
#109=CIRCLE('',#1548,0.0018288);
#110=CIRCLE('',#1549,0.00889);
#111=CIRCLE('',#1550,0.0018288);
#112=CIRCLE('',#1551,0.0018288);
#113=CIRCLE('',#1553,0.00635);
#114=CIRCLE('',#1555,0.00381);
#115=CIRCLE('',#1558,0.0018288);
#116=CIRCLE('',#1559,0.0018288);
#117=CIRCLE('',#1560,0.0018288);
#118=CIRCLE('',#1561,0.0018288);
#119=CIRCLE('',#1562,0.00889);
#120=CIRCLE('',#1563,0.00635);
#121=CIRCLE('',#1565,0.00635);
#122=CIRCLE('',#1567,0.00381);
#123=CIRCLE('',#1569,0.00381);
#124=CIRCLE('',#1572,0.00381);
#125=CIRCLE('',#1590,0.0018288);
#126=ORIENTED_EDGE('',*,*,#550,.F.);
#127=ORIENTED_EDGE('',*,*,#551,.T.);
#128=ORIENTED_EDGE('',*,*,#552,.F.);
#129=ORIENTED_EDGE('',*,*,#553,.T.);
#130=ORIENTED_EDGE('',*,*,#554,.T.);
#131=ORIENTED_EDGE('',*,*,#555,.T.);
#132=ORIENTED_EDGE('',*,*,#556,.T.);
#133=ORIENTED_EDGE('',*,*,#557,.T.);
#134=ORIENTED_EDGE('',*,*,#558,.T.);
#135=ORIENTED_EDGE('',*,*,#559,.T.);
#136=ORIENTED_EDGE('',*,*,#560,.T.);
#137=ORIENTED_EDGE('',*,*,#561,.T.);
#138=ORIENTED_EDGE('',*,*,#562,.T.);
#139=ORIENTED_EDGE('',*,*,#563,.T.);
#140=ORIENTED_EDGE('',*,*,#564,.F.);
#141=ORIENTED_EDGE('',*,*,#565,.F.);
#142=ORIENTED_EDGE('',*,*,#566,.F.);
#143=ORIENTED_EDGE('',*,*,#567,.T.);
#144=ORIENTED_EDGE('',*,*,#568,.T.);
#145=ORIENTED_EDGE('',*,*,#569,.F.);
#146=ORIENTED_EDGE('',*,*,#570,.F.);
#147=ORIENTED_EDGE('',*,*,#571,.T.);
#148=ORIENTED_EDGE('',*,*,#572,.F.);
#149=ORIENTED_EDGE('',*,*,#573,.T.);
#150=ORIENTED_EDGE('',*,*,#574,.T.);
#151=ORIENTED_EDGE('',*,*,#575,.T.);
#152=ORIENTED_EDGE('',*,*,#576,.F.);
#153=ORIENTED_EDGE('',*,*,#577,.T.);
#154=ORIENTED_EDGE('',*,*,#578,.F.);
#155=ORIENTED_EDGE('',*,*,#579,.T.);
#156=ORIENTED_EDGE('',*,*,#580,.F.);
#157=ORIENTED_EDGE('',*,*,#581,.F.);
#158=ORIENTED_EDGE('',*,*,#582,.F.);
#159=ORIENTED_EDGE('',*,*,#583,.F.);
#160=ORIENTED_EDGE('',*,*,#584,.T.);
#161=ORIENTED_EDGE('',*,*,#585,.F.);
#162=ORIENTED_EDGE('',*,*,#586,.F.);
#163=ORIENTED_EDGE('',*,*,#587,.T.);
#164=ORIENTED_EDGE('',*,*,#588,.F.);
#165=ORIENTED_EDGE('',*,*,#589,.T.);
#166=ORIENTED_EDGE('',*,*,#590,.F.);
#167=ORIENTED_EDGE('',*,*,#591,.F.);
#168=ORIENTED_EDGE('',*,*,#592,.F.);
#169=ORIENTED_EDGE('',*,*,#593,.T.);
#170=ORIENTED_EDGE('',*,*,#594,.F.);
#171=ORIENTED_EDGE('',*,*,#595,.T.);
#172=ORIENTED_EDGE('',*,*,#596,.F.);
#173=ORIENTED_EDGE('',*,*,#597,.F.);
#174=ORIENTED_EDGE('',*,*,#598,.F.);
#175=ORIENTED_EDGE('',*,*,#599,.F.);
#176=ORIENTED_EDGE('',*,*,#600,.T.);
#177=ORIENTED_EDGE('',*,*,#601,.T.);
#178=ORIENTED_EDGE('',*,*,#602,.T.);
#179=ORIENTED_EDGE('',*,*,#596,.T.);
#180=ORIENTED_EDGE('',*,*,#603,.F.);
#181=ORIENTED_EDGE('',*,*,#604,.T.);
#182=ORIENTED_EDGE('',*,*,#605,.F.);
#183=ORIENTED_EDGE('',*,*,#597,.T.);
#184=ORIENTED_EDGE('',*,*,#602,.F.);
#185=ORIENTED_EDGE('',*,*,#606,.F.);
#186=ORIENTED_EDGE('',*,*,#607,.T.);
#187=ORIENTED_EDGE('',*,*,#608,.F.);
#188=ORIENTED_EDGE('',*,*,#609,.F.);
#189=ORIENTED_EDGE('',*,*,#610,.T.);
#190=ORIENTED_EDGE('',*,*,#611,.F.);
#191=ORIENTED_EDGE('',*,*,#612,.T.);
#192=ORIENTED_EDGE('',*,*,#613,.F.);
#193=ORIENTED_EDGE('',*,*,#614,.T.);
#194=ORIENTED_EDGE('',*,*,#615,.F.);
#195=ORIENTED_EDGE('',*,*,#616,.T.);
#196=ORIENTED_EDGE('',*,*,#617,.F.);
#197=ORIENTED_EDGE('',*,*,#618,.T.);
#198=ORIENTED_EDGE('',*,*,#619,.F.);
#199=ORIENTED_EDGE('',*,*,#620,.F.);
#200=ORIENTED_EDGE('',*,*,#621,.F.);
#201=ORIENTED_EDGE('',*,*,#622,.F.);
#202=ORIENTED_EDGE('',*,*,#623,.F.);
#203=ORIENTED_EDGE('',*,*,#569,.T.);
#204=ORIENTED_EDGE('',*,*,#624,.T.);
#205=ORIENTED_EDGE('',*,*,#625,.F.);
#206=ORIENTED_EDGE('',*,*,#626,.F.);
#207=ORIENTED_EDGE('',*,*,#627,.F.);
#208=ORIENTED_EDGE('',*,*,#628,.T.);
#209=ORIENTED_EDGE('',*,*,#629,.F.);
#210=ORIENTED_EDGE('',*,*,#630,.F.);
#211=ORIENTED_EDGE('',*,*,#565,.T.);
#212=ORIENTED_EDGE('',*,*,#631,.T.);
#213=ORIENTED_EDGE('',*,*,#632,.F.);
#214=ORIENTED_EDGE('',*,*,#633,.F.);
#215=ORIENTED_EDGE('',*,*,#634,.T.);
#216=ORIENTED_EDGE('',*,*,#635,.F.);
#217=ORIENTED_EDGE('',*,*,#636,.T.);
#218=ORIENTED_EDGE('',*,*,#637,.F.);
#219=ORIENTED_EDGE('',*,*,#638,.T.);
#220=ORIENTED_EDGE('',*,*,#639,.F.);
#221=ORIENTED_EDGE('',*,*,#640,.F.);
#222=ORIENTED_EDGE('',*,*,#641,.F.);
#223=ORIENTED_EDGE('',*,*,#642,.T.);
#224=ORIENTED_EDGE('',*,*,#643,.F.);
#225=ORIENTED_EDGE('',*,*,#644,.T.);
#226=ORIENTED_EDGE('',*,*,#645,.F.);
#227=ORIENTED_EDGE('',*,*,#646,.T.);
#228=ORIENTED_EDGE('',*,*,#647,.F.);
#229=ORIENTED_EDGE('',*,*,#648,.F.);
#230=ORIENTED_EDGE('',*,*,#649,.T.);
#231=ORIENTED_EDGE('',*,*,#650,.T.);
#232=ORIENTED_EDGE('',*,*,#651,.F.);
#233=ORIENTED_EDGE('',*,*,#652,.F.);
#234=ORIENTED_EDGE('',*,*,#648,.T.);
#235=ORIENTED_EDGE('',*,*,#653,.T.);
#236=ORIENTED_EDGE('',*,*,#609,.T.);
#237=ORIENTED_EDGE('',*,*,#654,.F.);
#238=ORIENTED_EDGE('',*,*,#587,.F.);
#239=ORIENTED_EDGE('',*,*,#655,.T.);
#240=ORIENTED_EDGE('',*,*,#566,.T.);
#241=ORIENTED_EDGE('',*,*,#630,.T.);
#242=ORIENTED_EDGE('',*,*,#656,.T.);
#243=ORIENTED_EDGE('',*,*,#657,.F.);
#244=ORIENTED_EDGE('',*,*,#649,.F.);
#245=ORIENTED_EDGE('',*,*,#652,.T.);
#246=ORIENTED_EDGE('',*,*,#658,.T.);
#247=ORIENTED_EDGE('',*,*,#624,.F.);
#248=ORIENTED_EDGE('',*,*,#568,.F.);
#249=ORIENTED_EDGE('',*,*,#659,.F.);
#250=ORIENTED_EDGE('',*,*,#585,.T.);
#251=ORIENTED_EDGE('',*,*,#660,.T.);
#252=ORIENTED_EDGE('',*,*,#607,.F.);
#253=ORIENTED_EDGE('',*,*,#661,.F.);
#254=ORIENTED_EDGE('',*,*,#650,.F.);
#255=ORIENTED_EDGE('',*,*,#657,.T.);
#256=ORIENTED_EDGE('',*,*,#662,.F.);
#257=ORIENTED_EDGE('',*,*,#663,.T.);
#258=ORIENTED_EDGE('',*,*,#664,.F.);
#259=ORIENTED_EDGE('',*,*,#665,.F.);
#260=ORIENTED_EDGE('',*,*,#666,.F.);
#261=ORIENTED_EDGE('',*,*,#667,.T.);
#262=ORIENTED_EDGE('',*,*,#668,.F.);
#263=ORIENTED_EDGE('',*,*,#669,.T.);
#264=ORIENTED_EDGE('',*,*,#670,.F.);
#265=ORIENTED_EDGE('',*,*,#661,.T.);
#266=ORIENTED_EDGE('',*,*,#610,.F.);
#267=ORIENTED_EDGE('',*,*,#653,.F.);
#268=ORIENTED_EDGE('',*,*,#671,.T.);
#269=ORIENTED_EDGE('',*,*,#625,.T.);
#270=ORIENTED_EDGE('',*,*,#658,.F.);
#271=ORIENTED_EDGE('',*,*,#656,.F.);
#272=ORIENTED_EDGE('',*,*,#651,.T.);
#273=ORIENTED_EDGE('',*,*,#629,.T.);
#274=ORIENTED_EDGE('',*,*,#672,.F.);
#275=ORIENTED_EDGE('',*,*,#673,.T.);
#276=ORIENTED_EDGE('',*,*,#674,.F.);
#277=ORIENTED_EDGE('',*,*,#675,.T.);
#278=ORIENTED_EDGE('',*,*,#676,.F.);
#279=ORIENTED_EDGE('',*,*,#677,.T.);
#280=ORIENTED_EDGE('',*,*,#678,.F.);
#281=ORIENTED_EDGE('',*,*,#679,.T.);
#282=ORIENTED_EDGE('',*,*,#680,.T.);
#283=ORIENTED_EDGE('',*,*,#681,.T.);
#284=ORIENTED_EDGE('',*,*,#682,.F.);
#285=ORIENTED_EDGE('',*,*,#683,.T.);
#286=ORIENTED_EDGE('',*,*,#684,.F.);
#287=ORIENTED_EDGE('',*,*,#685,.T.);
#288=ORIENTED_EDGE('',*,*,#686,.F.);
#289=ORIENTED_EDGE('',*,*,#647,.T.);
#290=ORIENTED_EDGE('',*,*,#670,.T.);
#291=ORIENTED_EDGE('',*,*,#687,.F.);
#292=ORIENTED_EDGE('',*,*,#686,.T.);
#293=ORIENTED_EDGE('',*,*,#567,.F.);
#294=ORIENTED_EDGE('',*,*,#655,.F.);
#295=ORIENTED_EDGE('',*,*,#586,.T.);
#296=ORIENTED_EDGE('',*,*,#659,.T.);
#297=ORIENTED_EDGE('',*,*,#688,.F.);
#298=ORIENTED_EDGE('',*,*,#689,.T.);
#299=ORIENTED_EDGE('',*,*,#690,.F.);
#300=ORIENTED_EDGE('',*,*,#691,.T.);
#301=ORIENTED_EDGE('',*,*,#692,.F.);
#302=ORIENTED_EDGE('',*,*,#693,.F.);
#303=ORIENTED_EDGE('',*,*,#694,.F.);
#304=ORIENTED_EDGE('',*,*,#695,.F.);
#305=ORIENTED_EDGE('',*,*,#696,.T.);
#306=ORIENTED_EDGE('',*,*,#654,.T.);
#307=ORIENTED_EDGE('',*,*,#608,.T.);
#308=ORIENTED_EDGE('',*,*,#660,.F.);
#309=ORIENTED_EDGE('',*,*,#697,.T.);
#310=ORIENTED_EDGE('',*,*,#584,.F.);
#311=ORIENTED_EDGE('',*,*,#696,.F.);
#312=ORIENTED_EDGE('',*,*,#698,.T.);
#313=ORIENTED_EDGE('',*,*,#697,.F.);
#314=ORIENTED_EDGE('',*,*,#699,.T.);
#315=ORIENTED_EDGE('',*,*,#699,.F.);
#316=ORIENTED_EDGE('',*,*,#687,.T.);
#317=ORIENTED_EDGE('',*,*,#700,.F.);
#318=ORIENTED_EDGE('',*,*,#700,.T.);
#319=ORIENTED_EDGE('',*,*,#698,.F.);
#320=ORIENTED_EDGE('',*,*,#701,.F.);
#321=ORIENTED_EDGE('',*,*,#640,.T.);
#322=ORIENTED_EDGE('',*,*,#702,.F.);
#323=ORIENTED_EDGE('',*,*,#680,.F.);
#324=ORIENTED_EDGE('',*,*,#684,.T.);
#325=ORIENTED_EDGE('',*,*,#703,.F.);
#326=ORIENTED_EDGE('',*,*,#644,.F.);
#327=ORIENTED_EDGE('',*,*,#704,.F.);
#328=ORIENTED_EDGE('',*,*,#682,.T.);
#329=ORIENTED_EDGE('',*,*,#705,.F.);
#330=ORIENTED_EDGE('',*,*,#646,.F.);
#331=ORIENTED_EDGE('',*,*,#706,.F.);
#332=ORIENTED_EDGE('',*,*,#678,.T.);
#333=ORIENTED_EDGE('',*,*,#707,.F.);
#334=ORIENTED_EDGE('',*,*,#642,.F.);
#335=ORIENTED_EDGE('',*,*,#708,.F.);
#336=ORIENTED_EDGE('',*,*,#708,.T.);
#337=ORIENTED_EDGE('',*,*,#641,.T.);
#338=ORIENTED_EDGE('',*,*,#701,.T.);
#339=ORIENTED_EDGE('',*,*,#679,.F.);
#340=ORIENTED_EDGE('',*,*,#704,.T.);
#341=ORIENTED_EDGE('',*,*,#643,.T.);
#342=ORIENTED_EDGE('',*,*,#707,.T.);
#343=ORIENTED_EDGE('',*,*,#685,.F.);
#344=ORIENTED_EDGE('',*,*,#702,.T.);
#345=ORIENTED_EDGE('',*,*,#639,.T.);
#346=ORIENTED_EDGE('',*,*,#705,.T.);
#347=ORIENTED_EDGE('',*,*,#681,.F.);
#348=ORIENTED_EDGE('',*,*,#706,.T.);
#349=ORIENTED_EDGE('',*,*,#645,.T.);
#350=ORIENTED_EDGE('',*,*,#703,.T.);
#351=ORIENTED_EDGE('',*,*,#683,.F.);
#352=ORIENTED_EDGE('',*,*,#674,.T.);
#353=ORIENTED_EDGE('',*,*,#709,.F.);
#354=ORIENTED_EDGE('',*,*,#669,.F.);
#355=ORIENTED_EDGE('',*,*,#710,.F.);
#356=ORIENTED_EDGE('',*,*,#626,.T.);
#357=ORIENTED_EDGE('',*,*,#671,.F.);
#358=ORIENTED_EDGE('',*,*,#711,.F.);
#359=ORIENTED_EDGE('',*,*,#665,.T.);
#360=ORIENTED_EDGE('',*,*,#712,.F.);
#361=ORIENTED_EDGE('',*,*,#713,.F.);
#362=ORIENTED_EDGE('',*,*,#620,.T.);
#363=ORIENTED_EDGE('',*,*,#714,.F.);
#364=ORIENTED_EDGE('',*,*,#676,.T.);
#365=ORIENTED_EDGE('',*,*,#715,.F.);
#366=ORIENTED_EDGE('',*,*,#667,.F.);
#367=ORIENTED_EDGE('',*,*,#716,.F.);
#368=ORIENTED_EDGE('',*,*,#717,.F.);
#369=ORIENTED_EDGE('',*,*,#718,.F.);
#370=ORIENTED_EDGE('',*,*,#719,.F.);
#371=ORIENTED_EDGE('',*,*,#663,.F.);
#372=ORIENTED_EDGE('',*,*,#720,.F.);
#373=ORIENTED_EDGE('',*,*,#719,.T.);
#374=ORIENTED_EDGE('',*,*,#721,.T.);
#375=ORIENTED_EDGE('',*,*,#712,.T.);
#376=ORIENTED_EDGE('',*,*,#664,.T.);
#377=ORIENTED_EDGE('',*,*,#722,.T.);
#378=ORIENTED_EDGE('',*,*,#723,.T.);
#379=ORIENTED_EDGE('',*,*,#720,.T.);
#380=ORIENTED_EDGE('',*,*,#662,.T.);
#381=ORIENTED_EDGE('',*,*,#709,.T.);
#382=ORIENTED_EDGE('',*,*,#673,.F.);
#383=ORIENTED_EDGE('',*,*,#724,.F.);
#384=ORIENTED_EDGE('',*,*,#716,.T.);
#385=ORIENTED_EDGE('',*,*,#666,.T.);
#386=ORIENTED_EDGE('',*,*,#711,.T.);
#387=ORIENTED_EDGE('',*,*,#677,.F.);
#388=ORIENTED_EDGE('',*,*,#710,.T.);
#389=ORIENTED_EDGE('',*,*,#668,.T.);
#390=ORIENTED_EDGE('',*,*,#715,.T.);
#391=ORIENTED_EDGE('',*,*,#675,.F.);
#392=ORIENTED_EDGE('',*,*,#725,.T.);
#393=ORIENTED_EDGE('',*,*,#617,.T.);
#394=ORIENTED_EDGE('',*,*,#726,.T.);
#395=ORIENTED_EDGE('',*,*,#722,.F.);
#396=ORIENTED_EDGE('',*,*,#717,.T.);
#397=ORIENTED_EDGE('',*,*,#723,.F.);
#398=ORIENTED_EDGE('',*,*,#726,.F.);
#399=ORIENTED_EDGE('',*,*,#622,.T.);
#400=ORIENTED_EDGE('',*,*,#727,.F.);
#401=ORIENTED_EDGE('',*,*,#728,.F.);
#402=ORIENTED_EDGE('',*,*,#618,.F.);
#403=ORIENTED_EDGE('',*,*,#725,.F.);
#404=ORIENTED_EDGE('',*,*,#724,.T.);
#405=ORIENTED_EDGE('',*,*,#672,.T.);
#406=ORIENTED_EDGE('',*,*,#628,.F.);
#407=ORIENTED_EDGE('',*,*,#627,.T.);
#408=ORIENTED_EDGE('',*,*,#714,.T.);
#409=ORIENTED_EDGE('',*,*,#619,.T.);
#410=ORIENTED_EDGE('',*,*,#728,.T.);
#411=ORIENTED_EDGE('',*,*,#718,.T.);
#412=ORIENTED_EDGE('',*,*,#727,.T.);
#413=ORIENTED_EDGE('',*,*,#621,.T.);
#414=ORIENTED_EDGE('',*,*,#713,.T.);
#415=ORIENTED_EDGE('',*,*,#721,.F.);
#416=ORIENTED_EDGE('',*,*,#601,.F.);
#417=ORIENTED_EDGE('',*,*,#729,.F.);
#418=ORIENTED_EDGE('',*,*,#689,.F.);
#419=ORIENTED_EDGE('',*,*,#730,.F.);
#420=ORIENTED_EDGE('',*,*,#558,.F.);
#421=ORIENTED_EDGE('',*,*,#623,.T.);
#422=ORIENTED_EDGE('',*,*,#731,.F.);
#423=ORIENTED_EDGE('',*,*,#606,.T.);
#424=ORIENTED_EDGE('',*,*,#732,.F.);
#425=ORIENTED_EDGE('',*,*,#733,.F.);
#426=ORIENTED_EDGE('',*,*,#604,.F.);
#427=ORIENTED_EDGE('',*,*,#734,.F.);
#428=ORIENTED_EDGE('',*,*,#631,.F.);
#429=ORIENTED_EDGE('',*,*,#564,.T.);
#430=ORIENTED_EDGE('',*,*,#632,.T.);
#431=ORIENTED_EDGE('',*,*,#734,.T.);
#432=ORIENTED_EDGE('',*,*,#603,.T.);
#433=ORIENTED_EDGE('',*,*,#731,.T.);
#434=ORIENTED_EDGE('',*,*,#733,.T.);
#435=ORIENTED_EDGE('',*,*,#735,.T.);
#436=ORIENTED_EDGE('',*,*,#598,.T.);
#437=ORIENTED_EDGE('',*,*,#605,.T.);
#438=ORIENTED_EDGE('',*,*,#736,.F.);
#439=ORIENTED_EDGE('',*,*,#616,.F.);
#440=ORIENTED_EDGE('',*,*,#737,.F.);
#441=ORIENTED_EDGE('',*,*,#636,.F.);
#442=ORIENTED_EDGE('',*,*,#738,.F.);
#443=ORIENTED_EDGE('',*,*,#614,.F.);
#444=ORIENTED_EDGE('',*,*,#739,.F.);
#445=ORIENTED_EDGE('',*,*,#638,.F.);
#446=ORIENTED_EDGE('',*,*,#740,.F.);
#447=ORIENTED_EDGE('',*,*,#612,.F.);
#448=ORIENTED_EDGE('',*,*,#741,.F.);
#449=ORIENTED_EDGE('',*,*,#634,.F.);
#450=ORIENTED_EDGE('',*,*,#633,.T.);
#451=ORIENTED_EDGE('',*,*,#739,.T.);
#452=ORIENTED_EDGE('',*,*,#613,.T.);
#453=ORIENTED_EDGE('',*,*,#740,.T.);
#454=ORIENTED_EDGE('',*,*,#635,.T.);
#455=ORIENTED_EDGE('',*,*,#741,.T.);
#456=ORIENTED_EDGE('',*,*,#611,.T.);
#457=ORIENTED_EDGE('',*,*,#736,.T.);
#458=ORIENTED_EDGE('',*,*,#637,.T.);
#459=ORIENTED_EDGE('',*,*,#737,.T.);
#460=ORIENTED_EDGE('',*,*,#615,.T.);
#461=ORIENTED_EDGE('',*,*,#738,.T.);
#462=ORIENTED_EDGE('',*,*,#742,.F.);
#463=ORIENTED_EDGE('',*,*,#693,.T.);
#464=ORIENTED_EDGE('',*,*,#743,.F.);
#465=ORIENTED_EDGE('',*,*,#562,.F.);
#466=ORIENTED_EDGE('',*,*,#744,.F.);
#467=ORIENTED_EDGE('',*,*,#695,.T.);
#468=ORIENTED_EDGE('',*,*,#745,.F.);
#469=ORIENTED_EDGE('',*,*,#560,.F.);
#470=ORIENTED_EDGE('',*,*,#730,.T.);
#471=ORIENTED_EDGE('',*,*,#688,.T.);
#472=ORIENTED_EDGE('',*,*,#744,.T.);
#473=ORIENTED_EDGE('',*,*,#559,.F.);
#474=ORIENTED_EDGE('',*,*,#745,.T.);
#475=ORIENTED_EDGE('',*,*,#694,.T.);
#476=ORIENTED_EDGE('',*,*,#742,.T.);
#477=ORIENTED_EDGE('',*,*,#561,.F.);
#478=ORIENTED_EDGE('',*,*,#743,.T.);
#479=ORIENTED_EDGE('',*,*,#692,.T.);
#480=ORIENTED_EDGE('',*,*,#746,.T.);
#481=ORIENTED_EDGE('',*,*,#594,.T.);
#482=ORIENTED_EDGE('',*,*,#735,.F.);
#483=ORIENTED_EDGE('',*,*,#732,.T.);
#484=ORIENTED_EDGE('',*,*,#563,.F.);
#485=ORIENTED_EDGE('',*,*,#747,.T.);
#486=ORIENTED_EDGE('',*,*,#690,.T.);
#487=ORIENTED_EDGE('',*,*,#729,.T.);
#488=ORIENTED_EDGE('',*,*,#600,.F.);
#489=ORIENTED_EDGE('',*,*,#746,.F.);
#490=ORIENTED_EDGE('',*,*,#691,.F.);
#491=ORIENTED_EDGE('',*,*,#747,.F.);
#492=ORIENTED_EDGE('',*,*,#599,.T.);
#493=ORIENTED_EDGE('',*,*,#595,.F.);
#494=ORIENTED_EDGE('',*,*,#572,.T.);
#495=ORIENTED_EDGE('',*,*,#748,.F.);
#496=ORIENTED_EDGE('',*,*,#593,.F.);
#497=ORIENTED_EDGE('',*,*,#749,.F.);
#498=ORIENTED_EDGE('',*,*,#750,.F.);
#499=ORIENTED_EDGE('',*,*,#591,.T.);
#500=ORIENTED_EDGE('',*,*,#751,.F.);
#501=ORIENTED_EDGE('',*,*,#574,.F.);
#502=ORIENTED_EDGE('',*,*,#570,.T.);
#503=ORIENTED_EDGE('',*,*,#752,.F.);
#504=ORIENTED_EDGE('',*,*,#589,.F.);
#505=ORIENTED_EDGE('',*,*,#753,.F.);
#506=ORIENTED_EDGE('',*,*,#751,.T.);
#507=ORIENTED_EDGE('',*,*,#590,.T.);
#508=ORIENTED_EDGE('',*,*,#752,.T.);
#509=ORIENTED_EDGE('',*,*,#575,.F.);
#510=ORIENTED_EDGE('',*,*,#753,.T.);
#511=ORIENTED_EDGE('',*,*,#588,.T.);
#512=ORIENTED_EDGE('',*,*,#748,.T.);
#513=ORIENTED_EDGE('',*,*,#571,.F.);
#514=ORIENTED_EDGE('',*,*,#749,.T.);
#515=ORIENTED_EDGE('',*,*,#592,.T.);
#516=ORIENTED_EDGE('',*,*,#750,.T.);
#517=ORIENTED_EDGE('',*,*,#573,.F.);
#518=ORIENTED_EDGE('',*,*,#754,.F.);
#519=ORIENTED_EDGE('',*,*,#583,.T.);
#520=ORIENTED_EDGE('',*,*,#755,.F.);
#521=ORIENTED_EDGE('',*,*,#554,.F.);
#522=ORIENTED_EDGE('',*,*,#550,.T.);
#523=ORIENTED_EDGE('',*,*,#756,.F.);
#524=ORIENTED_EDGE('',*,*,#579,.F.);
#525=ORIENTED_EDGE('',*,*,#757,.F.);
#526=ORIENTED_EDGE('',*,*,#758,.F.);
#527=ORIENTED_EDGE('',*,*,#581,.T.);
#528=ORIENTED_EDGE('',*,*,#759,.F.);
#529=ORIENTED_EDGE('',*,*,#556,.F.);
#530=ORIENTED_EDGE('',*,*,#552,.T.);
#531=ORIENTED_EDGE('',*,*,#760,.F.);
#532=ORIENTED_EDGE('',*,*,#577,.F.);
#533=ORIENTED_EDGE('',*,*,#761,.F.);
#534=ORIENTED_EDGE('',*,*,#757,.T.);
#535=ORIENTED_EDGE('',*,*,#578,.T.);
#536=ORIENTED_EDGE('',*,*,#760,.T.);
#537=ORIENTED_EDGE('',*,*,#551,.F.);
#538=ORIENTED_EDGE('',*,*,#761,.T.);
#539=ORIENTED_EDGE('',*,*,#576,.T.);
#540=ORIENTED_EDGE('',*,*,#754,.T.);
#541=ORIENTED_EDGE('',*,*,#553,.F.);
#542=ORIENTED_EDGE('',*,*,#759,.T.);
#543=ORIENTED_EDGE('',*,*,#580,.T.);
#544=ORIENTED_EDGE('',*,*,#756,.T.);
#545=ORIENTED_EDGE('',*,*,#557,.F.);
#546=ORIENTED_EDGE('',*,*,#755,.T.);
#547=ORIENTED_EDGE('',*,*,#582,.T.);
#548=ORIENTED_EDGE('',*,*,#758,.T.);
#549=ORIENTED_EDGE('',*,*,#555,.F.);
#550=EDGE_CURVE('',#762,#763,#904,.T.);
#551=EDGE_CURVE('',#762,#764,#56,.T.);
#552=EDGE_CURVE('',#765,#764,#905,.T.);
#553=EDGE_CURVE('',#765,#766,#57,.T.);
#554=EDGE_CURVE('',#766,#767,#906,.T.);
#555=EDGE_CURVE('',#767,#768,#58,.T.);
#556=EDGE_CURVE('',#768,#769,#59,.F.);
#557=EDGE_CURVE('',#769,#763,#60,.T.);
#558=EDGE_CURVE('',#770,#771,#907,.T.);
#559=EDGE_CURVE('',#771,#772,#61,.T.);
#560=EDGE_CURVE('',#772,#773,#62,.F.);
#561=EDGE_CURVE('',#773,#774,#63,.T.);
#562=EDGE_CURVE('',#774,#775,#908,.T.);
#563=EDGE_CURVE('',#775,#776,#64,.T.);
#564=EDGE_CURVE('',#777,#776,#909,.T.);
#565=EDGE_CURVE('',#778,#777,#910,.T.);
#566=EDGE_CURVE('',#779,#778,#911,.T.);
#567=EDGE_CURVE('',#779,#780,#912,.T.);
#568=EDGE_CURVE('',#780,#781,#913,.T.);
#569=EDGE_CURVE('',#770,#781,#914,.T.);
#570=EDGE_CURVE('',#782,#783,#915,.T.);
#571=EDGE_CURVE('',#782,#784,#65,.T.);
#572=EDGE_CURVE('',#785,#784,#916,.T.);
#573=EDGE_CURVE('',#785,#786,#66,.T.);
#574=EDGE_CURVE('',#786,#787,#917,.T.);
#575=EDGE_CURVE('',#787,#783,#67,.T.);
#576=EDGE_CURVE('',#788,#789,#68,.T.);
#577=EDGE_CURVE('',#788,#790,#918,.T.);
#578=EDGE_CURVE('',#791,#790,#69,.T.);
#579=EDGE_CURVE('',#791,#792,#919,.T.);
#580=EDGE_CURVE('',#793,#792,#70,.T.);
#581=EDGE_CURVE('',#794,#793,#71,.F.);
#582=EDGE_CURVE('',#795,#794,#72,.T.);
#583=EDGE_CURVE('',#789,#795,#920,.T.);
#584=EDGE_CURVE('',#796,#797,#73,.T.);
#585=EDGE_CURVE('',#798,#797,#921,.T.);
#586=EDGE_CURVE('',#799,#798,#922,.T.);
#587=EDGE_CURVE('',#799,#796,#923,.T.);
#588=EDGE_CURVE('',#800,#801,#74,.T.);
#589=EDGE_CURVE('',#800,#802,#924,.T.);
#590=EDGE_CURVE('',#803,#802,#75,.T.);
#591=EDGE_CURVE('',#804,#803,#925,.T.);
#592=EDGE_CURVE('',#805,#804,#76,.T.);
#593=EDGE_CURVE('',#805,#801,#926,.T.);
#594=EDGE_CURVE('',#806,#807,#77,.T.);
#595=EDGE_CURVE('',#806,#808,#927,.T.);
#596=EDGE_CURVE('',#809,#808,#928,.T.);
#597=EDGE_CURVE('',#810,#809,#929,.T.);
#598=EDGE_CURVE('',#807,#810,#930,.F.);
#599=EDGE_CURVE('',#811,#808,#14,.F.);
#600=EDGE_CURVE('',#811,#812,#15,.F.);
#601=EDGE_CURVE('',#812,#813,#931,.F.);
#602=EDGE_CURVE('',#813,#809,#78,.T.);
#603=EDGE_CURVE('',#814,#815,#79,.T.);
#604=EDGE_CURVE('',#814,#816,#932,.T.);
#605=EDGE_CURVE('',#810,#816,#80,.T.);
#606=EDGE_CURVE('',#815,#813,#933,.T.);
#607=EDGE_CURVE('',#817,#818,#934,.T.);
#608=EDGE_CURVE('',#819,#818,#935,.T.);
#609=EDGE_CURVE('',#820,#819,#936,.T.);
#610=EDGE_CURVE('',#820,#817,#937,.T.);
#611=EDGE_CURVE('',#821,#822,#81,.T.);
#612=EDGE_CURVE('',#821,#823,#938,.T.);
#613=EDGE_CURVE('',#824,#823,#82,.T.);
#614=EDGE_CURVE('',#824,#825,#939,.T.);
#615=EDGE_CURVE('',#826,#825,#83,.T.);
#616=EDGE_CURVE('',#826,#822,#940,.T.);
#617=EDGE_CURVE('',#827,#828,#84,.T.);
#618=EDGE_CURVE('',#827,#829,#941,.T.);
#619=EDGE_CURVE('',#830,#829,#85,.T.);
#620=EDGE_CURVE('',#831,#830,#942,.T.);
#621=EDGE_CURVE('',#832,#831,#86,.T.);
#622=EDGE_CURVE('',#828,#832,#943,.T.);
#623=EDGE_CURVE('',#770,#833,#944,.T.);
#624=EDGE_CURVE('',#781,#834,#945,.T.);
#625=EDGE_CURVE('',#835,#834,#946,.T.);
#626=EDGE_CURVE('',#836,#835,#947,.T.);
#627=EDGE_CURVE('',#837,#836,#87,.T.);
#628=EDGE_CURVE('',#837,#838,#948,.T.);
#629=EDGE_CURVE('',#839,#838,#949,.T.);
#630=EDGE_CURVE('',#778,#839,#950,.T.);
#631=EDGE_CURVE('',#777,#840,#951,.T.);
#632=EDGE_CURVE('',#833,#840,#88,.T.);
#633=EDGE_CURVE('',#841,#842,#89,.T.);
#634=EDGE_CURVE('',#841,#843,#952,.T.);
#635=EDGE_CURVE('',#844,#843,#90,.T.);
#636=EDGE_CURVE('',#844,#845,#953,.T.);
#637=EDGE_CURVE('',#846,#845,#91,.T.);
#638=EDGE_CURVE('',#846,#842,#954,.T.);
#639=EDGE_CURVE('',#847,#848,#92,.T.);
#640=EDGE_CURVE('',#849,#847,#955,.T.);
#641=EDGE_CURVE('',#850,#849,#93,.T.);
#642=EDGE_CURVE('',#850,#851,#956,.T.);
#643=EDGE_CURVE('',#852,#851,#94,.T.);
#644=EDGE_CURVE('',#852,#853,#957,.T.);
#645=EDGE_CURVE('',#854,#853,#95,.T.);
#646=EDGE_CURVE('',#854,#848,#96,.T.);
#647=EDGE_CURVE('',#855,#856,#97,.T.);
#648=EDGE_CURVE('',#857,#855,#958,.T.);
#649=EDGE_CURVE('',#857,#858,#959,.T.);
#650=EDGE_CURVE('',#858,#856,#960,.T.);
#651=EDGE_CURVE('',#859,#839,#961,.T.);
#652=EDGE_CURVE('',#857,#859,#962,.T.);
#653=EDGE_CURVE('',#855,#820,#963,.T.);
#654=EDGE_CURVE('',#796,#819,#964,.T.);
#655=EDGE_CURVE('',#799,#779,#965,.T.);
#656=EDGE_CURVE('',#859,#860,#966,.T.);
#657=EDGE_CURVE('',#858,#860,#967,.T.);
#658=EDGE_CURVE('',#860,#834,#968,.T.);
#659=EDGE_CURVE('',#798,#780,#969,.T.);
#660=EDGE_CURVE('',#797,#818,#970,.T.);
#661=EDGE_CURVE('',#856,#817,#971,.T.);
#662=EDGE_CURVE('',#861,#862,#98,.T.);
#663=EDGE_CURVE('',#861,#863,#972,.T.);
#664=EDGE_CURVE('',#864,#863,#99,.T.);
#665=EDGE_CURVE('',#865,#864,#973,.T.);
#666=EDGE_CURVE('',#866,#865,#100,.T.);
#667=EDGE_CURVE('',#866,#867,#101,.T.);
#668=EDGE_CURVE('',#868,#867,#102,.T.);
#669=EDGE_CURVE('',#868,#862,#974,.T.);
#670=EDGE_CURVE('',#856,#855,#103,.T.);
#671=EDGE_CURVE('',#869,#835,#975,.T.);
#672=EDGE_CURVE('',#870,#838,#976,.T.);
#673=EDGE_CURVE('',#870,#871,#104,.T.);
#674=EDGE_CURVE('',#872,#871,#977,.T.);
#675=EDGE_CURVE('',#872,#873,#105,.T.);
#676=EDGE_CURVE('',#874,#873,#106,.T.);
#677=EDGE_CURVE('',#874,#869,#107,.T.);
#678=EDGE_CURVE('',#875,#876,#978,.T.);
#679=EDGE_CURVE('',#875,#877,#108,.T.);
#680=EDGE_CURVE('',#877,#878,#979,.T.);
#681=EDGE_CURVE('',#878,#879,#109,.T.);
#682=EDGE_CURVE('',#880,#879,#110,.T.);
#683=EDGE_CURVE('',#880,#881,#111,.T.);
#684=EDGE_CURVE('',#882,#881,#980,.T.);
#685=EDGE_CURVE('',#882,#876,#112,.T.);
#686=EDGE_CURVE('',#883,#883,#113,.T.);
#687=EDGE_CURVE('',#884,#884,#114,.T.);
#688=EDGE_CURVE('',#885,#886,#115,.T.);
#689=EDGE_CURVE('',#885,#887,#981,.T.);
#690=EDGE_CURVE('',#888,#887,#116,.T.);
#691=EDGE_CURVE('',#888,#889,#982,.T.);
#692=EDGE_CURVE('',#890,#889,#117,.T.);
#693=EDGE_CURVE('',#891,#890,#983,.T.);
#694=EDGE_CURVE('',#892,#891,#118,.T.);
#695=EDGE_CURVE('',#886,#892,#119,.F.);
#696=EDGE_CURVE('',#797,#796,#120,.T.);
#697=EDGE_CURVE('',#893,#893,#121,.T.);
#698=EDGE_CURVE('',#894,#894,#122,.F.);
#699=EDGE_CURVE('',#895,#895,#123,.T.);
#700=EDGE_CURVE('',#896,#896,#124,.F.);
#701=EDGE_CURVE('',#849,#877,#984,.T.);
#702=EDGE_CURVE('',#878,#847,#985,.F.);
#703=EDGE_CURVE('',#853,#881,#986,.F.);
#704=EDGE_CURVE('',#882,#852,#987,.F.);
#705=EDGE_CURVE('',#848,#879,#988,.F.);
#706=EDGE_CURVE('',#880,#854,#989,.T.);
#707=EDGE_CURVE('',#851,#876,#990,.T.);
#708=EDGE_CURVE('',#875,#850,#991,.F.);
#709=EDGE_CURVE('',#862,#871,#992,.F.);
#710=EDGE_CURVE('',#872,#868,#993,.T.);
#711=EDGE_CURVE('',#865,#869,#994,.T.);
#712=EDGE_CURVE('',#897,#864,#995,.T.);
#713=EDGE_CURVE('',#831,#897,#996,.T.);
#714=EDGE_CURVE('',#836,#830,#997,.T.);
#715=EDGE_CURVE('',#867,#873,#998,.F.);
#716=EDGE_CURVE('',#874,#866,#999,.T.);
#717=EDGE_CURVE('',#898,#899,#1000,.T.);
#718=EDGE_CURVE('',#900,#898,#16,.T.);
#719=EDGE_CURVE('',#863,#900,#1001,.F.);
#720=EDGE_CURVE('',#899,#861,#1002,.T.);
#721=EDGE_CURVE('',#900,#897,#17,.T.);
#722=EDGE_CURVE('',#901,#902,#12,.T.);
#723=EDGE_CURVE('',#902,#899,#125,.F.);
#724=EDGE_CURVE('',#901,#870,#18,.F.);
#725=EDGE_CURVE('',#901,#827,#1003,.F.);
#726=EDGE_CURVE('',#828,#902,#1004,.T.);
#727=EDGE_CURVE('',#898,#832,#1005,.F.);
#728=EDGE_CURVE('',#829,#837,#1006,.F.);
#729=EDGE_CURVE('',#887,#812,#1007,.F.);
#730=EDGE_CURVE('',#771,#885,#1008,.F.);
#731=EDGE_CURVE('',#815,#833,#1009,.T.);
#732=EDGE_CURVE('',#903,#776,#19,.T.);
#733=EDGE_CURVE('',#816,#903,#1010,.T.);
#734=EDGE_CURVE('',#840,#814,#1011,.F.);
#735=EDGE_CURVE('',#903,#807,#13,.T.);
#736=EDGE_CURVE('',#822,#844,#1012,.F.);
#737=EDGE_CURVE('',#845,#826,#1013,.F.);
#738=EDGE_CURVE('',#825,#846,#1014,.T.);
#739=EDGE_CURVE('',#842,#824,#1015,.F.);
#740=EDGE_CURVE('',#823,#841,#1016,.T.);
#741=EDGE_CURVE('',#843,#821,#1017,.T.);
#742=EDGE_CURVE('',#891,#774,#1018,.F.);
#743=EDGE_CURVE('',#775,#890,#1019,.T.);
#744=EDGE_CURVE('',#886,#772,#1020,.F.);
#745=EDGE_CURVE('',#773,#892,#1021,.T.);
#746=EDGE_CURVE('',#889,#806,#1022,.F.);
#747=EDGE_CURVE('',#811,#888,#1023,.T.);
#748=EDGE_CURVE('',#801,#784,#1024,.F.);
#749=EDGE_CURVE('',#785,#805,#1025,.F.);
#750=EDGE_CURVE('',#804,#786,#1026,.T.);
#751=EDGE_CURVE('',#787,#803,#1027,.T.);
#752=EDGE_CURVE('',#802,#783,#1028,.F.);
#753=EDGE_CURVE('',#782,#800,#1029,.T.);
#754=EDGE_CURVE('',#789,#766,#1030,.T.);
#755=EDGE_CURVE('',#767,#795,#1031,.T.);
#756=EDGE_CURVE('',#792,#763,#1032,.T.);
#757=EDGE_CURVE('',#762,#791,#1033,.F.);
#758=EDGE_CURVE('',#794,#768,#1034,.F.);
#759=EDGE_CURVE('',#769,#793,#1035,.T.);
#760=EDGE_CURVE('',#790,#764,#1036,.T.);
#761=EDGE_CURVE('',#765,#788,#1037,.F.);
#762=VERTEX_POINT('',#2070);
#763=VERTEX_POINT('',#2071);
#764=VERTEX_POINT('',#2073);
#765=VERTEX_POINT('',#2075);
#766=VERTEX_POINT('',#2077);
#767=VERTEX_POINT('',#2079);
#768=VERTEX_POINT('',#2081);
#769=VERTEX_POINT('',#2083);
#770=VERTEX_POINT('',#2086);
#771=VERTEX_POINT('',#2087);
#772=VERTEX_POINT('',#2089);
#773=VERTEX_POINT('',#2091);
#774=VERTEX_POINT('',#2093);
#775=VERTEX_POINT('',#2095);
#776=VERTEX_POINT('',#2097);
#777=VERTEX_POINT('',#2099);
#778=VERTEX_POINT('',#2101);
#779=VERTEX_POINT('',#2103);
#780=VERTEX_POINT('',#2105);
#781=VERTEX_POINT('',#2107);
#782=VERTEX_POINT('',#2110);
#783=VERTEX_POINT('',#2111);
#784=VERTEX_POINT('',#2113);
#785=VERTEX_POINT('',#2115);
#786=VERTEX_POINT('',#2117);
#787=VERTEX_POINT('',#2119);
#788=VERTEX_POINT('',#2123);
#789=VERTEX_POINT('',#2124);
#790=VERTEX_POINT('',#2126);
#791=VERTEX_POINT('',#2128);
#792=VERTEX_POINT('',#2130);
#793=VERTEX_POINT('',#2132);
#794=VERTEX_POINT('',#2134);
#795=VERTEX_POINT('',#2136);
#796=VERTEX_POINT('',#2139);
#797=VERTEX_POINT('',#2140);
#798=VERTEX_POINT('',#2142);
#799=VERTEX_POINT('',#2144);
#800=VERTEX_POINT('',#2147);
#801=VERTEX_POINT('',#2148);
#802=VERTEX_POINT('',#2150);
#803=VERTEX_POINT('',#2152);
#804=VERTEX_POINT('',#2154);
#805=VERTEX_POINT('',#2156);
#806=VERTEX_POINT('',#2160);
#807=VERTEX_POINT('',#2161);
#808=VERTEX_POINT('',#2163);
#809=VERTEX_POINT('',#2165);
#810=VERTEX_POINT('',#2167);
#811=VERTEX_POINT('',#2171);
#812=VERTEX_POINT('',#2173);
#813=VERTEX_POINT('',#2175);
#814=VERTEX_POINT('',#2179);
#815=VERTEX_POINT('',#2180);
#816=VERTEX_POINT('',#2182);
#817=VERTEX_POINT('',#2186);
#818=VERTEX_POINT('',#2187);
#819=VERTEX_POINT('',#2189);
#820=VERTEX_POINT('',#2191);
#821=VERTEX_POINT('',#2194);
#822=VERTEX_POINT('',#2195);
#823=VERTEX_POINT('',#2197);
#824=VERTEX_POINT('',#2199);
#825=VERTEX_POINT('',#2201);
#826=VERTEX_POINT('',#2203);
#827=VERTEX_POINT('',#2206);
#828=VERTEX_POINT('',#2207);
#829=VERTEX_POINT('',#2209);
#830=VERTEX_POINT('',#2211);
#831=VERTEX_POINT('',#2213);
#832=VERTEX_POINT('',#2215);
#833=VERTEX_POINT('',#2219);
#834=VERTEX_POINT('',#2221);
#835=VERTEX_POINT('',#2223);
#836=VERTEX_POINT('',#2225);
#837=VERTEX_POINT('',#2227);
#838=VERTEX_POINT('',#2229);
#839=VERTEX_POINT('',#2231);
#840=VERTEX_POINT('',#2234);
#841=VERTEX_POINT('',#2237);
#842=VERTEX_POINT('',#2238);
#843=VERTEX_POINT('',#2240);
#844=VERTEX_POINT('',#2242);
#845=VERTEX_POINT('',#2244);
#846=VERTEX_POINT('',#2246);
#847=VERTEX_POINT('',#2250);
#848=VERTEX_POINT('',#2251);
#849=VERTEX_POINT('',#2253);
#850=VERTEX_POINT('',#2255);
#851=VERTEX_POINT('',#2257);
#852=VERTEX_POINT('',#2259);
#853=VERTEX_POINT('',#2261);
#854=VERTEX_POINT('',#2263);
#855=VERTEX_POINT('',#2266);
#856=VERTEX_POINT('',#2267);
#857=VERTEX_POINT('',#2269);
#858=VERTEX_POINT('',#2271);
#859=VERTEX_POINT('',#2275);
#860=VERTEX_POINT('',#2282);
#861=VERTEX_POINT('',#2291);
#862=VERTEX_POINT('',#2292);
#863=VERTEX_POINT('',#2294);
#864=VERTEX_POINT('',#2296);
#865=VERTEX_POINT('',#2298);
#866=VERTEX_POINT('',#2300);
#867=VERTEX_POINT('',#2302);
#868=VERTEX_POINT('',#2304);
#869=VERTEX_POINT('',#2309);
#870=VERTEX_POINT('',#2311);
#871=VERTEX_POINT('',#2313);
#872=VERTEX_POINT('',#2315);
#873=VERTEX_POINT('',#2317);
#874=VERTEX_POINT('',#2319);
#875=VERTEX_POINT('',#2322);
#876=VERTEX_POINT('',#2323);
#877=VERTEX_POINT('',#2325);
#878=VERTEX_POINT('',#2327);
#879=VERTEX_POINT('',#2329);
#880=VERTEX_POINT('',#2331);
#881=VERTEX_POINT('',#2333);
#882=VERTEX_POINT('',#2335);
#883=VERTEX_POINT('',#2339);
#884=VERTEX_POINT('',#2342);
#885=VERTEX_POINT('',#2346);
#886=VERTEX_POINT('',#2347);
#887=VERTEX_POINT('',#2349);
#888=VERTEX_POINT('',#2351);
#889=VERTEX_POINT('',#2353);
#890=VERTEX_POINT('',#2355);
#891=VERTEX_POINT('',#2357);
#892=VERTEX_POINT('',#2359);
#893=VERTEX_POINT('',#2364);
#894=VERTEX_POINT('',#2367);
#895=VERTEX_POINT('',#2370);
#896=VERTEX_POINT('',#2374);
#897=VERTEX_POINT('',#2398);
#898=VERTEX_POINT('',#2406);
#899=VERTEX_POINT('',#2407);
#900=VERTEX_POINT('',#2409);
#901=VERTEX_POINT('',#2422);
#902=VERTEX_POINT('',#2423);
#903=VERTEX_POINT('',#2443);
#904=LINE('',#2069,#1038);
#905=LINE('',#2074,#1039);
#906=LINE('',#2078,#1040);
#907=LINE('',#2085,#1041);
#908=LINE('',#2094,#1042);
#909=LINE('',#2098,#1043);
#910=LINE('',#2100,#1044);
#911=LINE('',#2102,#1045);
#912=LINE('',#2104,#1046);
#913=LINE('',#2106,#1047);
#914=LINE('',#2108,#1048);
#915=LINE('',#2109,#1049);
#916=LINE('',#2114,#1050);
#917=LINE('',#2118,#1051);
#918=LINE('',#2125,#1052);
#919=LINE('',#2129,#1053);
#920=LINE('',#2137,#1054);
#921=LINE('',#2141,#1055);
#922=LINE('',#2143,#1056);
#923=LINE('',#2145,#1057);
#924=LINE('',#2149,#1058);
#925=LINE('',#2153,#1059);
#926=LINE('',#2157,#1060);
#927=LINE('',#2162,#1061);
#928=LINE('',#2164,#1062);
#929=LINE('',#2166,#1063);
#930=LINE('',#2168,#1064);
#931=LINE('',#2174,#1065);
#932=LINE('',#2181,#1066);
#933=LINE('',#2184,#1067);
#934=LINE('',#2185,#1068);
#935=LINE('',#2188,#1069);
#936=LINE('',#2190,#1070);
#937=LINE('',#2192,#1071);
#938=LINE('',#2196,#1072);
#939=LINE('',#2200,#1073);
#940=LINE('',#2204,#1074);
#941=LINE('',#2208,#1075);
#942=LINE('',#2212,#1076);
#943=LINE('',#2216,#1077);
#944=LINE('',#2218,#1078);
#945=LINE('',#2220,#1079);
#946=LINE('',#2222,#1080);
#947=LINE('',#2224,#1081);
#948=LINE('',#2228,#1082);
#949=LINE('',#2230,#1083);
#950=LINE('',#2232,#1084);
#951=LINE('',#2233,#1085);
#952=LINE('',#2239,#1086);
#953=LINE('',#2243,#1087);
#954=LINE('',#2247,#1088);
#955=LINE('',#2252,#1089);
#956=LINE('',#2256,#1090);
#957=LINE('',#2260,#1091);
#958=LINE('',#2268,#1092);
#959=LINE('',#2270,#1093);
#960=LINE('',#2272,#1094);
#961=LINE('',#2274,#1095);
#962=LINE('',#2276,#1096);
#963=LINE('',#2277,#1097);
#964=LINE('',#2278,#1098);
#965=LINE('',#2279,#1099);
#966=LINE('',#2281,#1100);
#967=LINE('',#2283,#1101);
#968=LINE('',#2285,#1102);
#969=LINE('',#2286,#1103);
#970=LINE('',#2287,#1104);
#971=LINE('',#2288,#1105);
#972=LINE('',#2293,#1106);
#973=LINE('',#2297,#1107);
#974=LINE('',#2305,#1108);
#975=LINE('',#2308,#1109);
#976=LINE('',#2310,#1110);
#977=LINE('',#2314,#1111);
#978=LINE('',#2321,#1112);
#979=LINE('',#2326,#1113);
#980=LINE('',#2334,#1114);
#981=LINE('',#2348,#1115);
#982=LINE('',#2352,#1116);
#983=LINE('',#2356,#1117);
#984=LINE('',#2377,#1118);
#985=LINE('',#2378,#1119);
#986=LINE('',#2380,#1120);
#987=LINE('',#2381,#1121);
#988=LINE('',#2383,#1122);
#989=LINE('',#2384,#1123);
#990=LINE('',#2386,#1124);
#991=LINE('',#2387,#1125);
#992=LINE('',#2393,#1126);
#993=LINE('',#2394,#1127);
#994=LINE('',#2396,#1128);
#995=LINE('',#2397,#1129);
#996=LINE('',#2399,#1130);
#997=LINE('',#2400,#1131);
#998=LINE('',#2402,#1132);
#999=LINE('',#2403,#1133);
#1000=LINE('',#2405,#1134);
#1001=LINE('',#2410,#1135);
#1002=LINE('',#2411,#1136);
#1003=LINE('',#2429,#1137);
#1004=LINE('',#2430,#1138);
#1005=LINE('',#2432,#1139);
#1006=LINE('',#2434,#1140);
#1007=LINE('',#2438,#1141);
#1008=LINE('',#2439,#1142);
#1009=LINE('',#2440,#1143);
#1010=LINE('',#2444,#1144);
#1011=LINE('',#2445,#1145);
#1012=LINE('',#2456,#1146);
#1013=LINE('',#2457,#1147);
#1014=LINE('',#2459,#1148);
#1015=LINE('',#2460,#1149);
#1016=LINE('',#2462,#1150);
#1017=LINE('',#2463,#1151);
#1018=LINE('',#2468,#1152);
#1019=LINE('',#2469,#1153);
#1020=LINE('',#2471,#1154);
#1021=LINE('',#2472,#1155);
#1022=LINE('',#2476,#1156);
#1023=LINE('',#2478,#1157);
#1024=LINE('',#2481,#1158);
#1025=LINE('',#2482,#1159);
#1026=LINE('',#2484,#1160);
#1027=LINE('',#2485,#1161);
#1028=LINE('',#2487,#1162);
#1029=LINE('',#2488,#1163);
#1030=LINE('',#2493,#1164);
#1031=LINE('',#2494,#1165);
#1032=LINE('',#2496,#1166);
#1033=LINE('',#2497,#1167);
#1034=LINE('',#2499,#1168);
#1035=LINE('',#2500,#1169);
#1036=LINE('',#2502,#1170);
#1037=LINE('',#2503,#1171);
#1038=VECTOR('',#1635,1.);
#1039=VECTOR('',#1638,1.);
#1040=VECTOR('',#1641,1.);
#1041=VECTOR('',#1648,1.);
#1042=VECTOR('',#1655,1.);
#1043=VECTOR('',#1658,1.);
#1044=VECTOR('',#1659,1.);
#1045=VECTOR('',#1660,1.);
#1046=VECTOR('',#1661,1.);
#1047=VECTOR('',#1662,1.);
#1048=VECTOR('',#1663,1.);
#1049=VECTOR('',#1664,1.);
#1050=VECTOR('',#1667,1.);
#1051=VECTOR('',#1670,1.);
#1052=VECTOR('',#1677,1.);
#1053=VECTOR('',#1680,1.);
#1054=VECTOR('',#1687,1.);
#1055=VECTOR('',#1690,1.);
#1056=VECTOR('',#1691,1.);
#1057=VECTOR('',#1692,1.);
#1058=VECTOR('',#1695,1.);
#1059=VECTOR('',#1698,1.);
#1060=VECTOR('',#1701,1.);
#1061=VECTOR('',#1706,1.);
#1062=VECTOR('',#1707,1.);
#1063=VECTOR('',#1708,1.);
#1064=VECTOR('',#1709,1.);
#1065=VECTOR('',#1716,1.);
#1066=VECTOR('',#1723,1.);
#1067=VECTOR('',#1726,1.);
#1068=VECTOR('',#1727,1.);
#1069=VECTOR('',#1728,1.);
#1070=VECTOR('',#1729,1.);
#1071=VECTOR('',#1730,1.);
#1072=VECTOR('',#1733,1.);
#1073=VECTOR('',#1736,1.);
#1074=VECTOR('',#1739,1.);
#1075=VECTOR('',#1742,1.);
#1076=VECTOR('',#1745,1.);
#1077=VECTOR('',#1748,1.);
#1078=VECTOR('',#1751,1.);
#1079=VECTOR('',#1752,1.);
#1080=VECTOR('',#1753,1.);
#1081=VECTOR('',#1754,1.);
#1082=VECTOR('',#1757,1.);
#1083=VECTOR('',#1758,1.);
#1084=VECTOR('',#1759,1.);
#1085=VECTOR('',#1760,1.);
#1086=VECTOR('',#1765,1.);
#1087=VECTOR('',#1768,1.);
#1088=VECTOR('',#1771,1.);
#1089=VECTOR('',#1776,1.);
#1090=VECTOR('',#1779,1.);
#1091=VECTOR('',#1782,1.);
#1092=VECTOR('',#1789,1.);
#1093=VECTOR('',#1790,1.);
#1094=VECTOR('',#1791,1.);
#1095=VECTOR('',#1794,1.);
#1096=VECTOR('',#1795,1.);
#1097=VECTOR('',#1796,1.);
#1098=VECTOR('',#1797,1.);
#1099=VECTOR('',#1798,1.);
#1100=VECTOR('',#1801,1.);
#1101=VECTOR('',#1802,1.);
#1102=VECTOR('',#1805,1.);
#1103=VECTOR('',#1806,1.);
#1104=VECTOR('',#1807,1.);
#1105=VECTOR('',#1808,1.);
#1106=VECTOR('',#1813,1.);
#1107=VECTOR('',#1816,1.);
#1108=VECTOR('',#1823,1.);
#1109=VECTOR('',#1828,1.);
#1110=VECTOR('',#1829,1.);
#1111=VECTOR('',#1832,1.);
#1112=VECTOR('',#1839,1.);
#1113=VECTOR('',#1842,1.);
#1114=VECTOR('',#1849,1.);
#1115=VECTOR('',#1866,1.);
#1116=VECTOR('',#1869,1.);
#1117=VECTOR('',#1872,1.);
#1118=VECTOR('',#1901,1.);
#1119=VECTOR('',#1902,1.);
#1120=VECTOR('',#1905,1.);
#1121=VECTOR('',#1906,1.);
#1122=VECTOR('',#1909,1.);
#1123=VECTOR('',#1910,1.);
#1124=VECTOR('',#1913,1.);
#1125=VECTOR('',#1914,1.);
#1126=VECTOR('',#1925,1.);
#1127=VECTOR('',#1926,1.);
#1128=VECTOR('',#1929,1.);
#1129=VECTOR('',#1930,1.);
#1130=VECTOR('',#1931,1.);
#1131=VECTOR('',#1932,1.);
#1132=VECTOR('',#1935,1.);
#1133=VECTOR('',#1936,1.);
#1134=VECTOR('',#1939,1.);
#1135=VECTOR('',#1942,1.);
#1136=VECTOR('',#1943,1.);
#1137=VECTOR('',#1960,1.);
#1138=VECTOR('',#1961,1.);
#1139=VECTOR('',#1964,1.);
#1140=VECTOR('',#1967,1.);
#1141=VECTOR('',#1974,1.);
#1142=VECTOR('',#1975,1.);
#1143=VECTOR('',#1976,1.);
#1144=VECTOR('',#1981,1.);
#1145=VECTOR('',#1982,1.);
#1146=VECTOR('',#1989,1.);
#1147=VECTOR('',#1990,1.);
#1148=VECTOR('',#1993,1.);
#1149=VECTOR('',#1994,1.);
#1150=VECTOR('',#1997,1.);
#1151=VECTOR('',#1998,1.);
#1152=VECTOR('',#2007,1.);
#1153=VECTOR('',#2008,1.);
#1154=VECTOR('',#2011,1.);
#1155=VECTOR('',#2012,1.);
#1156=VECTOR('',#2019,1.);
#1157=VECTOR('',#2022,1.);
#1158=VECTOR('',#2027,1.);
#1159=VECTOR('',#2028,1.);
#1160=VECTOR('',#2031,1.);
#1161=VECTOR('',#2032,1.);
#1162=VECTOR('',#2035,1.);
#1163=VECTOR('',#2036,1.);
#1164=VECTOR('',#2045,1.);
#1165=VECTOR('',#2046,1.);
#1166=VECTOR('',#2049,1.);
#1167=VECTOR('',#2050,1.);
#1168=VECTOR('',#2053,1.);
#1169=VECTOR('',#2054,1.);
#1170=VECTOR('',#2057,1.);
#1171=VECTOR('',#2058,1.);
#1172=EDGE_LOOP('',(#126,#127,#128,#129,#130,#131,#132,#133));
#1173=EDGE_LOOP('',(#134,#135,#136,#137,#138,#139,#140,#141,#142,#143,#144,
#145));
#1174=EDGE_LOOP('',(#146,#147,#148,#149,#150,#151));
#1175=EDGE_LOOP('',(#152,#153,#154,#155,#156,#157,#158,#159));
#1176=EDGE_LOOP('',(#160,#161,#162,#163));
#1177=EDGE_LOOP('',(#164,#165,#166,#167,#168,#169));
#1178=EDGE_LOOP('',(#170,#171,#172,#173,#174));
#1179=EDGE_LOOP('',(#175,#176,#177,#178,#179));
#1180=EDGE_LOOP('',(#180,#181,#182,#183,#184,#185));
#1181=EDGE_LOOP('',(#186,#187,#188,#189));
#1182=EDGE_LOOP('',(#190,#191,#192,#193,#194,#195));
#1183=EDGE_LOOP('',(#196,#197,#198,#199,#200,#201));
#1184=EDGE_LOOP('',(#202,#203,#204,#205,#206,#207,#208,#209,#210,#211,#212,
#213));
#1185=EDGE_LOOP('',(#214,#215,#216,#217,#218,#219));
#1186=EDGE_LOOP('',(#220,#221,#222,#223,#224,#225,#226,#227));
#1187=EDGE_LOOP('',(#228,#229,#230,#231));
#1188=EDGE_LOOP('',(#232,#233,#234,#235,#236,#237,#238,#239,#240,#241));
#1189=EDGE_LOOP('',(#242,#243,#244,#245));
#1190=EDGE_LOOP('',(#246,#247,#248,#249,#250,#251,#252,#253,#254,#255));
#1191=EDGE_LOOP('',(#256,#257,#258,#259,#260,#261,#262,#263));
#1192=EDGE_LOOP('',(#264,#265,#266,#267));
#1193=EDGE_LOOP('',(#268,#269,#270,#271,#272,#273,#274,#275,#276,#277,#278,
#279));
#1194=EDGE_LOOP('',(#280,#281,#282,#283,#284,#285,#286,#287));
#1195=EDGE_LOOP('',(#288));
#1196=EDGE_LOOP('',(#289,#290));
#1197=EDGE_LOOP('',(#291));
#1198=EDGE_LOOP('',(#292));
#1199=EDGE_LOOP('',(#293,#294,#295,#296));
#1200=EDGE_LOOP('',(#297,#298,#299,#300,#301,#302,#303,#304));
#1201=EDGE_LOOP('',(#305,#306,#307,#308));
#1202=EDGE_LOOP('',(#309));
#1203=EDGE_LOOP('',(#310,#311));
#1204=EDGE_LOOP('',(#312));
#1205=EDGE_LOOP('',(#313));
#1206=EDGE_LOOP('',(#314));
#1207=EDGE_LOOP('',(#315));
#1208=EDGE_LOOP('',(#316));
#1209=EDGE_LOOP('',(#317));
#1210=EDGE_LOOP('',(#318));
#1211=EDGE_LOOP('',(#319));
#1212=EDGE_LOOP('',(#320,#321,#322,#323));
#1213=EDGE_LOOP('',(#324,#325,#326,#327));
#1214=EDGE_LOOP('',(#328,#329,#330,#331));
#1215=EDGE_LOOP('',(#332,#333,#334,#335));
#1216=EDGE_LOOP('',(#336,#337,#338,#339));
#1217=EDGE_LOOP('',(#340,#341,#342,#343));
#1218=EDGE_LOOP('',(#344,#345,#346,#347));
#1219=EDGE_LOOP('',(#348,#349,#350,#351));
#1220=EDGE_LOOP('',(#352,#353,#354,#355));
#1221=EDGE_LOOP('',(#356,#357,#358,#359,#360,#361,#362,#363));
#1222=EDGE_LOOP('',(#364,#365,#366,#367));
#1223=EDGE_LOOP('',(#368,#369,#370,#371,#372));
#1224=EDGE_LOOP('',(#373,#374,#375,#376));
#1225=EDGE_LOOP('',(#377,#378,#379,#380,#381,#382,#383));
#1226=EDGE_LOOP('',(#384,#385,#386,#387));
#1227=EDGE_LOOP('',(#388,#389,#390,#391));
#1228=EDGE_LOOP('',(#392,#393,#394,#395));
#1229=EDGE_LOOP('',(#396,#397,#398,#399,#400));
#1230=EDGE_LOOP('',(#401,#402,#403,#404,#405,#406));
#1231=EDGE_LOOP('',(#407,#408,#409,#410));
#1232=EDGE_LOOP('',(#411,#412,#413,#414,#415));
#1233=EDGE_LOOP('',(#416,#417,#418,#419,#420,#421,#422,#423));
#1234=EDGE_LOOP('',(#424,#425,#426,#427,#428,#429));
#1235=EDGE_LOOP('',(#430,#431,#432,#433));
#1236=EDGE_LOOP('',(#434,#435,#436,#437));
#1237=EDGE_LOOP('',(#438,#439,#440,#441));
#1238=EDGE_LOOP('',(#442,#443,#444,#445));
#1239=EDGE_LOOP('',(#446,#447,#448,#449));
#1240=EDGE_LOOP('',(#450,#451,#452,#453));
#1241=EDGE_LOOP('',(#454,#455,#456,#457));
#1242=EDGE_LOOP('',(#458,#459,#460,#461));
#1243=EDGE_LOOP('',(#462,#463,#464,#465));
#1244=EDGE_LOOP('',(#466,#467,#468,#469));
#1245=EDGE_LOOP('',(#470,#471,#472,#473));
#1246=EDGE_LOOP('',(#474,#475,#476,#477));
#1247=EDGE_LOOP('',(#478,#479,#480,#481,#482,#483,#484));
#1248=EDGE_LOOP('',(#485,#486,#487,#488));
#1249=EDGE_LOOP('',(#489,#490,#491,#492,#493));
#1250=EDGE_LOOP('',(#494,#495,#496,#497));
#1251=EDGE_LOOP('',(#498,#499,#500,#501));
#1252=EDGE_LOOP('',(#502,#503,#504,#505));
#1253=EDGE_LOOP('',(#506,#507,#508,#509));
#1254=EDGE_LOOP('',(#510,#511,#512,#513));
#1255=EDGE_LOOP('',(#514,#515,#516,#517));
#1256=EDGE_LOOP('',(#518,#519,#520,#521));
#1257=EDGE_LOOP('',(#522,#523,#524,#525));
#1258=EDGE_LOOP('',(#526,#527,#528,#529));
#1259=EDGE_LOOP('',(#530,#531,#532,#533));
#1260=EDGE_LOOP('',(#534,#535,#536,#537));
#1261=EDGE_LOOP('',(#538,#539,#540,#541));
#1262=EDGE_LOOP('',(#542,#543,#544,#545));
#1263=EDGE_LOOP('',(#546,#547,#548,#549));
#1264=FACE_BOUND('',#1172,.T.);
#1265=FACE_BOUND('',#1173,.T.);
#1266=FACE_BOUND('',#1174,.T.);
#1267=FACE_BOUND('',#1175,.T.);
#1268=FACE_BOUND('',#1176,.T.);
#1269=FACE_BOUND('',#1177,.T.);
#1270=FACE_BOUND('',#1178,.T.);
#1271=FACE_BOUND('',#1179,.T.);
#1272=FACE_BOUND('',#1180,.T.);
#1273=FACE_BOUND('',#1181,.T.);
#1274=FACE_BOUND('',#1182,.T.);
#1275=FACE_BOUND('',#1183,.T.);
#1276=FACE_BOUND('',#1184,.T.);
#1277=FACE_BOUND('',#1185,.T.);
#1278=FACE_BOUND('',#1186,.T.);
#1279=FACE_BOUND('',#1187,.T.);
#1280=FACE_BOUND('',#1188,.T.);
#1281=FACE_BOUND('',#1189,.T.);
#1282=FACE_BOUND('',#1190,.T.);
#1283=FACE_BOUND('',#1191,.T.);
#1284=FACE_BOUND('',#1192,.T.);
#1285=FACE_BOUND('',#1193,.T.);
#1286=FACE_BOUND('',#1194,.T.);
#1287=FACE_BOUND('',#1195,.T.);
#1288=FACE_BOUND('',#1196,.T.);
#1289=FACE_BOUND('',#1197,.T.);
#1290=FACE_BOUND('',#1198,.T.);
#1291=FACE_BOUND('',#1199,.T.);
#1292=FACE_BOUND('',#1200,.T.);
#1293=FACE_BOUND('',#1201,.T.);
#1294=FACE_BOUND('',#1202,.T.);
#1295=FACE_BOUND('',#1203,.T.);
#1296=FACE_BOUND('',#1204,.T.);
#1297=FACE_BOUND('',#1205,.T.);
#1298=FACE_BOUND('',#1206,.T.);
#1299=FACE_BOUND('',#1207,.T.);
#1300=FACE_BOUND('',#1208,.T.);
#1301=FACE_BOUND('',#1209,.T.);
#1302=FACE_BOUND('',#1210,.T.);
#1303=FACE_BOUND('',#1211,.T.);
#1304=FACE_BOUND('',#1212,.T.);
#1305=FACE_BOUND('',#1213,.T.);
#1306=FACE_BOUND('',#1214,.T.);
#1307=FACE_BOUND('',#1215,.T.);
#1308=FACE_BOUND('',#1216,.T.);
#1309=FACE_BOUND('',#1217,.T.);
#1310=FACE_BOUND('',#1218,.T.);
#1311=FACE_BOUND('',#1219,.T.);
#1312=FACE_BOUND('',#1220,.T.);
#1313=FACE_BOUND('',#1221,.T.);
#1314=FACE_BOUND('',#1222,.T.);
#1315=FACE_BOUND('',#1223,.T.);
#1316=FACE_BOUND('',#1224,.T.);
#1317=FACE_BOUND('',#1225,.T.);
#1318=FACE_BOUND('',#1226,.T.);
#1319=FACE_BOUND('',#1227,.T.);
#1320=FACE_BOUND('',#1228,.T.);
#1321=FACE_BOUND('',#1229,.T.);
#1322=FACE_BOUND('',#1230,.T.);
#1323=FACE_BOUND('',#1231,.T.);
#1324=FACE_BOUND('',#1232,.T.);
#1325=FACE_BOUND('',#1233,.T.);
#1326=FACE_BOUND('',#1234,.T.);
#1327=FACE_BOUND('',#1235,.T.);
#1328=FACE_BOUND('',#1236,.T.);
#1329=FACE_BOUND('',#1237,.T.);
#1330=FACE_BOUND('',#1238,.T.);
#1331=FACE_BOUND('',#1239,.T.);
#1332=FACE_BOUND('',#1240,.T.);
#1333=FACE_BOUND('',#1241,.T.);
#1334=FACE_BOUND('',#1242,.T.);
#1335=FACE_BOUND('',#1243,.T.);
#1336=FACE_BOUND('',#1244,.T.);
#1337=FACE_BOUND('',#1245,.T.);
#1338=FACE_BOUND('',#1246,.T.);
#1339=FACE_BOUND('',#1247,.T.);
#1340=FACE_BOUND('',#1248,.T.);
#1341=FACE_BOUND('',#1249,.T.);
#1342=FACE_BOUND('',#1250,.T.);
#1343=FACE_BOUND('',#1251,.T.);
#1344=FACE_BOUND('',#1252,.T.);
#1345=FACE_BOUND('',#1253,.T.);
#1346=FACE_BOUND('',#1254,.T.);
#1347=FACE_BOUND('',#1255,.T.);
#1348=FACE_BOUND('',#1256,.T.);
#1349=FACE_BOUND('',#1257,.T.);
#1350=FACE_BOUND('',#1258,.T.);
#1351=FACE_BOUND('',#1259,.T.);
#1352=FACE_BOUND('',#1260,.T.);
#1353=FACE_BOUND('',#1261,.T.);
#1354=FACE_BOUND('',#1262,.T.);
#1355=FACE_BOUND('',#1263,.T.);
#1356=PLANE('',#1481);
#1357=PLANE('',#1494);
#1358=PLANE('',#1504);
#1359=PLANE('',#1510);
#1360=PLANE('',#1519);
#1361=PLANE('',#1525);
#1362=PLANE('',#1532);
#1363=PLANE('',#1533);
#1364=PLANE('',#1534);
#1365=PLANE('',#1535);
#1366=PLANE('',#1542);
#1367=PLANE('',#1554);
#1368=PLANE('',#1556);
#1369=PLANE('',#1557);
#1370=PLANE('',#1566);
#1371=PLANE('',#1568);
#1372=PLANE('',#1571);
#1373=PLANE('',#1574);
#1374=PLANE('',#1575);
#1375=PLANE('',#1577);
#1376=PLANE('',#1582);
#1377=PLANE('',#1583);
#1378=PLANE('',#1585);
#1379=PLANE('',#1595);
#1380=PLANE('',#1596);
#1381=PLANE('',#1599);
#1382=PLANE('',#1600);
#1383=PLANE('',#1604);
#1384=PLANE('',#1605);
#1385=PLANE('',#1606);
#1386=PLANE('',#1610);
#1387=PLANE('',#1616);
#1388=PLANE('',#1617);
#1389=PLANE('',#1618);
#1390=PLANE('',#1619);
#1391=PLANE('',#1623);
#1392=PLANE('',#1624);
#1393=PLANE('',#1626);
#1394=ADVANCED_FACE('',(#1264,#1265,#1266),#1356,.F.);
#1395=ADVANCED_FACE('',(#1267,#1268,#1269),#1357,.T.);
#1396=ADVANCED_FACE('',(#1270),#1358,.T.);
#1397=ADVANCED_FACE('',(#1271),#20,.F.);
#1398=ADVANCED_FACE('',(#1272,#1273,#1274,#1275),#1359,.T.);
#1399=ADVANCED_FACE('',(#1276,#1277),#1360,.T.);
#1400=ADVANCED_FACE('',(#1278,#1279),#1361,.T.);
#1401=ADVANCED_FACE('',(#1280),#1362,.T.);
#1402=ADVANCED_FACE('',(#1281),#1363,.F.);
#1403=ADVANCED_FACE('',(#1282),#1364,.F.);
#1404=ADVANCED_FACE('',(#1283,#1284),#1365,.T.);
#1405=ADVANCED_FACE('',(#1285,#1286),#1366,.F.);
#1406=ADVANCED_FACE('',(#1287,#1288),#21,.T.);
#1407=ADVANCED_FACE('',(#1289,#1290),#1367,.T.);
#1408=ADVANCED_FACE('',(#1291),#1368,.F.);
#1409=ADVANCED_FACE('',(#1292,#1293),#1369,.T.);
#1410=ADVANCED_FACE('',(#1294,#1295),#22,.T.);
#1411=ADVANCED_FACE('',(#1296,#1297),#1370,.T.);
#1412=ADVANCED_FACE('',(#1298),#1371,.T.);
#1413=ADVANCED_FACE('',(#1299,#1300),#23,.F.);
#1414=ADVANCED_FACE('',(#1301),#1372,.T.);
#1415=ADVANCED_FACE('',(#1302,#1303),#24,.F.);
#1416=ADVANCED_FACE('',(#1304),#1373,.F.);
#1417=ADVANCED_FACE('',(#1305),#1374,.T.);
#1418=ADVANCED_FACE('',(#1306),#25,.T.);
#1419=ADVANCED_FACE('',(#1307),#1375,.T.);
#1420=ADVANCED_FACE('',(#1308),#26,.F.);
#1421=ADVANCED_FACE('',(#1309),#27,.F.);
#1422=ADVANCED_FACE('',(#1310),#28,.F.);
#1423=ADVANCED_FACE('',(#1311),#29,.F.);
#1424=ADVANCED_FACE('',(#1312),#1376,.T.);
#1425=ADVANCED_FACE('',(#1313),#1377,.F.);
#1426=ADVANCED_FACE('',(#1314),#30,.T.);
#1427=ADVANCED_FACE('',(#1315),#1378,.T.);
#1428=ADVANCED_FACE('',(#1316),#31,.F.);
#1429=ADVANCED_FACE('',(#1317),#32,.F.);
#1430=ADVANCED_FACE('',(#1318),#33,.F.);
#1431=ADVANCED_FACE('',(#1319),#34,.F.);
#1432=ADVANCED_FACE('',(#1320),#35,.F.);
#1433=ADVANCED_FACE('',(#1321),#1379,.F.);
#1434=ADVANCED_FACE('',(#1322),#1380,.T.);
#1435=ADVANCED_FACE('',(#1323),#36,.F.);
#1436=ADVANCED_FACE('',(#1324),#37,.F.);
#1437=ADVANCED_FACE('',(#1325),#1381,.F.);
#1438=ADVANCED_FACE('',(#1326),#1382,.T.);
#1439=ADVANCED_FACE('',(#1327),#38,.F.);
#1440=ADVANCED_FACE('',(#1328),#39,.F.);
#1441=ADVANCED_FACE('',(#1329),#1383,.T.);
#1442=ADVANCED_FACE('',(#1330),#1384,.T.);
#1443=ADVANCED_FACE('',(#1331),#1385,.T.);
#1444=ADVANCED_FACE('',(#1332),#40,.F.);
#1445=ADVANCED_FACE('',(#1333),#41,.F.);
#1446=ADVANCED_FACE('',(#1334),#42,.F.);
#1447=ADVANCED_FACE('',(#1335),#1386,.F.);
#1448=ADVANCED_FACE('',(#1336),#43,.T.);
#1449=ADVANCED_FACE('',(#1337),#44,.F.);
#1450=ADVANCED_FACE('',(#1338),#45,.F.);
#1451=ADVANCED_FACE('',(#1339),#46,.F.);
#1452=ADVANCED_FACE('',(#1340),#47,.F.);
#1453=ADVANCED_FACE('',(#1341),#1387,.T.);
#1454=ADVANCED_FACE('',(#1342),#1388,.T.);
#1455=ADVANCED_FACE('',(#1343),#1389,.F.);
#1456=ADVANCED_FACE('',(#1344),#1390,.T.);
#1457=ADVANCED_FACE('',(#1345),#48,.F.);
#1458=ADVANCED_FACE('',(#1346),#49,.F.);
#1459=ADVANCED_FACE('',(#1347),#50,.F.);
#1460=ADVANCED_FACE('',(#1348),#1391,.F.);
#1461=ADVANCED_FACE('',(#1349),#1392,.T.);
#1462=ADVANCED_FACE('',(#1350),#51,.T.);
#1463=ADVANCED_FACE('',(#1351),#1393,.T.);
#1464=ADVANCED_FACE('',(#1352),#52,.F.);
#1465=ADVANCED_FACE('',(#1353),#53,.F.);
#1466=ADVANCED_FACE('',(#1354),#54,.F.);
#1467=ADVANCED_FACE('',(#1355),#55,.F.);
#1468=CLOSED_SHELL('',(#1394,#1395,#1396,#1397,#1398,#1399,#1400,#1401,
#1402,#1403,#1404,#1405,#1406,#1407,#1408,#1409,#1410,#1411,#1412,#1413,
#1414,#1415,#1416,#1417,#1418,#1419,#1420,#1421,#1422,#1423,#1424,#1425,
#1426,#1427,#1428,#1429,#1430,#1431,#1432,#1433,#1434,#1435,#1436,#1437,
#1438,#1439,#1440,#1441,#1442,#1443,#1444,#1445,#1446,#1447,#1448,#1449,
#1450,#1451,#1452,#1453,#1454,#1455,#1456,#1457,#1458,#1459,#1460,#1461,
#1462,#1463,#1464,#1465,#1466,#1467));
#1469=STYLED_ITEM('',(#1470),#1477);
#1470=PRESENTATION_STYLE_ASSIGNMENT((#1471));
#1471=SURFACE_STYLE_USAGE(.BOTH.,#1472);
#1472=SURFACE_SIDE_STYLE('',(#1473));
#1473=SURFACE_STYLE_FILL_AREA(#1474);
#1474=FILL_AREA_STYLE('',(#1475));
#1475=FILL_AREA_STYLE_COLOUR('',#1476);
#1476=COLOUR_RGB('',0.615686274509804,0.811764705882353,0.929411764705882);
#1477=MANIFOLD_SOLID_BREP('Part 1',#1468);
#1478=SHAPE_DEFINITION_REPRESENTATION(#2514,#1479);
#1479=SHAPE_REPRESENTATION('Part 1',(#1480),#2509);
#1480=AXIS2_PLACEMENT_3D('',#2067,#1631,#1632);
#1481=AXIS2_PLACEMENT_3D('',#2068,#1633,#1634);
#1482=AXIS2_PLACEMENT_3D('',#2072,#1636,#1637);
#1483=AXIS2_PLACEMENT_3D('',#2076,#1639,#1640);
#1484=AXIS2_PLACEMENT_3D('',#2080,#1642,#1643);
#1485=AXIS2_PLACEMENT_3D('',#2082,#1644,#1645);
#1486=AXIS2_PLACEMENT_3D('',#2084,#1646,#1647);
#1487=AXIS2_PLACEMENT_3D('',#2088,#1649,#1650);
#1488=AXIS2_PLACEMENT_3D('',#2090,#1651,#1652);
#1489=AXIS2_PLACEMENT_3D('',#2092,#1653,#1654);
#1490=AXIS2_PLACEMENT_3D('',#2096,#1656,#1657);
#1491=AXIS2_PLACEMENT_3D('',#2112,#1665,#1666);
#1492=AXIS2_PLACEMENT_3D('',#2116,#1668,#1669);
#1493=AXIS2_PLACEMENT_3D('',#2120,#1671,#1672);
#1494=AXIS2_PLACEMENT_3D('',#2121,#1673,#1674);
#1495=AXIS2_PLACEMENT_3D('',#2122,#1675,#1676);
#1496=AXIS2_PLACEMENT_3D('',#2127,#1678,#1679);
#1497=AXIS2_PLACEMENT_3D('',#2131,#1681,#1682);
#1498=AXIS2_PLACEMENT_3D('',#2133,#1683,#1684);
#1499=AXIS2_PLACEMENT_3D('',#2135,#1685,#1686);
#1500=AXIS2_PLACEMENT_3D('',#2138,#1688,#1689);
#1501=AXIS2_PLACEMENT_3D('',#2146,#1693,#1694);
#1502=AXIS2_PLACEMENT_3D('',#2151,#1696,#1697);
#1503=AXIS2_PLACEMENT_3D('',#2155,#1699,#1700);
#1504=AXIS2_PLACEMENT_3D('',#2158,#1702,#1703);
#1505=AXIS2_PLACEMENT_3D('',#2159,#1704,#1705);
#1506=AXIS2_PLACEMENT_3D('',#2169,#1710,#1711);
#1507=AXIS2_PLACEMENT_3D('',#2170,#1712,#1713);
#1508=AXIS2_PLACEMENT_3D('',#2172,#1714,#1715);
#1509=AXIS2_PLACEMENT_3D('',#2176,#1717,#1718);
#1510=AXIS2_PLACEMENT_3D('',#2177,#1719,#1720);
#1511=AXIS2_PLACEMENT_3D('',#2178,#1721,#1722);
#1512=AXIS2_PLACEMENT_3D('',#2183,#1724,#1725);
#1513=AXIS2_PLACEMENT_3D('',#2193,#1731,#1732);
#1514=AXIS2_PLACEMENT_3D('',#2198,#1734,#1735);
#1515=AXIS2_PLACEMENT_3D('',#2202,#1737,#1738);
#1516=AXIS2_PLACEMENT_3D('',#2205,#1740,#1741);
#1517=AXIS2_PLACEMENT_3D('',#2210,#1743,#1744);
#1518=AXIS2_PLACEMENT_3D('',#2214,#1746,#1747);
#1519=AXIS2_PLACEMENT_3D('',#2217,#1749,#1750);
#1520=AXIS2_PLACEMENT_3D('',#2226,#1755,#1756);
#1521=AXIS2_PLACEMENT_3D('',#2235,#1761,#1762);
#1522=AXIS2_PLACEMENT_3D('',#2236,#1763,#1764);
#1523=AXIS2_PLACEMENT_3D('',#2241,#1766,#1767);
#1524=AXIS2_PLACEMENT_3D('',#2245,#1769,#1770);
#1525=AXIS2_PLACEMENT_3D('',#2248,#1772,#1773);
#1526=AXIS2_PLACEMENT_3D('',#2249,#1774,#1775);
#1527=AXIS2_PLACEMENT_3D('',#2254,#1777,#1778);
#1528=AXIS2_PLACEMENT_3D('',#2258,#1780,#1781);
#1529=AXIS2_PLACEMENT_3D('',#2262,#1783,#1784);
#1530=AXIS2_PLACEMENT_3D('',#2264,#1785,#1786);
#1531=AXIS2_PLACEMENT_3D('',#2265,#1787,#1788);
#1532=AXIS2_PLACEMENT_3D('',#2273,#1792,#1793);
#1533=AXIS2_PLACEMENT_3D('',#2280,#1799,#1800);
#1534=AXIS2_PLACEMENT_3D('',#2284,#1803,#1804);
#1535=AXIS2_PLACEMENT_3D('',#2289,#1809,#1810);
#1536=AXIS2_PLACEMENT_3D('',#2290,#1811,#1812);
#1537=AXIS2_PLACEMENT_3D('',#2295,#1814,#1815);
#1538=AXIS2_PLACEMENT_3D('',#2299,#1817,#1818);
#1539=AXIS2_PLACEMENT_3D('',#2301,#1819,#1820);
#1540=AXIS2_PLACEMENT_3D('',#2303,#1821,#1822);
#1541=AXIS2_PLACEMENT_3D('',#2306,#1824,#1825);
#1542=AXIS2_PLACEMENT_3D('',#2307,#1826,#1827);
#1543=AXIS2_PLACEMENT_3D('',#2312,#1830,#1831);
#1544=AXIS2_PLACEMENT_3D('',#2316,#1833,#1834);
#1545=AXIS2_PLACEMENT_3D('',#2318,#1835,#1836);
#1546=AXIS2_PLACEMENT_3D('',#2320,#1837,#1838);
#1547=AXIS2_PLACEMENT_3D('',#2324,#1840,#1841);
#1548=AXIS2_PLACEMENT_3D('',#2328,#1843,#1844);
#1549=AXIS2_PLACEMENT_3D('',#2330,#1845,#1846);
#1550=AXIS2_PLACEMENT_3D('',#2332,#1847,#1848);
#1551=AXIS2_PLACEMENT_3D('',#2336,#1850,#1851);
#1552=AXIS2_PLACEMENT_3D('',#2337,#1852,#1853);
#1553=AXIS2_PLACEMENT_3D('',#2338,#1854,#1855);
#1554=AXIS2_PLACEMENT_3D('',#2340,#1856,#1857);
#1555=AXIS2_PLACEMENT_3D('',#2341,#1858,#1859);
#1556=AXIS2_PLACEMENT_3D('',#2343,#1860,#1861);
#1557=AXIS2_PLACEMENT_3D('',#2344,#1862,#1863);
#1558=AXIS2_PLACEMENT_3D('',#2345,#1864,#1865);
#1559=AXIS2_PLACEMENT_3D('',#2350,#1867,#1868);
#1560=AXIS2_PLACEMENT_3D('',#2354,#1870,#1871);
#1561=AXIS2_PLACEMENT_3D('',#2358,#1873,#1874);
#1562=AXIS2_PLACEMENT_3D('',#2360,#1875,#1876);
#1563=AXIS2_PLACEMENT_3D('',#2361,#1877,#1878);
#1564=AXIS2_PLACEMENT_3D('',#2362,#1879,#1880);
#1565=AXIS2_PLACEMENT_3D('',#2363,#1881,#1882);
#1566=AXIS2_PLACEMENT_3D('',#2365,#1883,#1884);
#1567=AXIS2_PLACEMENT_3D('',#2366,#1885,#1886);
#1568=AXIS2_PLACEMENT_3D('',#2368,#1887,#1888);
#1569=AXIS2_PLACEMENT_3D('',#2369,#1889,#1890);
#1570=AXIS2_PLACEMENT_3D('',#2371,#1891,#1892);
#1571=AXIS2_PLACEMENT_3D('',#2372,#1893,#1894);
#1572=AXIS2_PLACEMENT_3D('',#2373,#1895,#1896);
#1573=AXIS2_PLACEMENT_3D('',#2375,#1897,#1898);
#1574=AXIS2_PLACEMENT_3D('',#2376,#1899,#1900);
#1575=AXIS2_PLACEMENT_3D('',#2379,#1903,#1904);
#1576=AXIS2_PLACEMENT_3D('',#2382,#1907,#1908);
#1577=AXIS2_PLACEMENT_3D('',#2385,#1911,#1912);
#1578=AXIS2_PLACEMENT_3D('',#2388,#1915,#1916);
#1579=AXIS2_PLACEMENT_3D('',#2389,#1917,#1918);
#1580=AXIS2_PLACEMENT_3D('',#2390,#1919,#1920);
#1581=AXIS2_PLACEMENT_3D('',#2391,#1921,#1922);
#1582=AXIS2_PLACEMENT_3D('',#2392,#1923,#1924);
#1583=AXIS2_PLACEMENT_3D('',#2395,#1927,#1928);
#1584=AXIS2_PLACEMENT_3D('',#2401,#1933,#1934);
#1585=AXIS2_PLACEMENT_3D('',#2404,#1937,#1938);
#1586=AXIS2_PLACEMENT_3D('',#2408,#1940,#1941);
#1587=AXIS2_PLACEMENT_3D('',#2412,#1944,#1945);
#1588=AXIS2_PLACEMENT_3D('',#2413,#1946,#1947);
#1589=AXIS2_PLACEMENT_3D('',#2414,#1948,#1949);
#1590=AXIS2_PLACEMENT_3D('',#2424,#1950,#1951);
#1591=AXIS2_PLACEMENT_3D('',#2425,#1952,#1953);
#1592=AXIS2_PLACEMENT_3D('',#2426,#1954,#1955);
#1593=AXIS2_PLACEMENT_3D('',#2427,#1956,#1957);
#1594=AXIS2_PLACEMENT_3D('',#2428,#1958,#1959);
#1595=AXIS2_PLACEMENT_3D('',#2431,#1962,#1963);
#1596=AXIS2_PLACEMENT_3D('',#2433,#1965,#1966);
#1597=AXIS2_PLACEMENT_3D('',#2435,#1968,#1969);
#1598=AXIS2_PLACEMENT_3D('',#2436,#1970,#1971);
#1599=AXIS2_PLACEMENT_3D('',#2437,#1972,#1973);
#1600=AXIS2_PLACEMENT_3D('',#2441,#1977,#1978);
#1601=AXIS2_PLACEMENT_3D('',#2442,#1979,#1980);
#1602=AXIS2_PLACEMENT_3D('',#2446,#1983,#1984);
#1603=AXIS2_PLACEMENT_3D('',#2447,#1985,#1986);
#1604=AXIS2_PLACEMENT_3D('',#2455,#1987,#1988);
#1605=AXIS2_PLACEMENT_3D('',#2458,#1991,#1992);
#1606=AXIS2_PLACEMENT_3D('',#2461,#1995,#1996);
#1607=AXIS2_PLACEMENT_3D('',#2464,#1999,#2000);
#1608=AXIS2_PLACEMENT_3D('',#2465,#2001,#2002);
#1609=AXIS2_PLACEMENT_3D('',#2466,#2003,#2004);
#1610=AXIS2_PLACEMENT_3D('',#2467,#2005,#2006);
#1611=AXIS2_PLACEMENT_3D('',#2470,#2009,#2010);
#1612=AXIS2_PLACEMENT_3D('',#2473,#2013,#2014);
#1613=AXIS2_PLACEMENT_3D('',#2474,#2015,#2016);
#1614=AXIS2_PLACEMENT_3D('',#2475,#2017,#2018);
#1615=AXIS2_PLACEMENT_3D('',#2477,#2020,#2021);
#1616=AXIS2_PLACEMENT_3D('',#2479,#2023,#2024);
#1617=AXIS2_PLACEMENT_3D('',#2480,#2025,#2026);
#1618=AXIS2_PLACEMENT_3D('',#2483,#2029,#2030);
#1619=AXIS2_PLACEMENT_3D('',#2486,#2033,#2034);
#1620=AXIS2_PLACEMENT_3D('',#2489,#2037,#2038);
#1621=AXIS2_PLACEMENT_3D('',#2490,#2039,#2040);
#1622=AXIS2_PLACEMENT_3D('',#2491,#2041,#2042);
#1623=AXIS2_PLACEMENT_3D('',#2492,#2043,#2044);
#1624=AXIS2_PLACEMENT_3D('',#2495,#2047,#2048);
#1625=AXIS2_PLACEMENT_3D('',#2498,#2051,#2052);
#1626=AXIS2_PLACEMENT_3D('',#2501,#2055,#2056);
#1627=AXIS2_PLACEMENT_3D('',#2504,#2059,#2060);
#1628=AXIS2_PLACEMENT_3D('',#2505,#2061,#2062);
#1629=AXIS2_PLACEMENT_3D('',#2506,#2063,#2064);
#1630=AXIS2_PLACEMENT_3D('',#2507,#2065,#2066);
#1631=DIRECTION('',(0.,0.,1.));
#1632=DIRECTION('',(1.,0.,0.));
#1633=DIRECTION('',(-1.,0.,0.));
#1634=DIRECTION('',(0.,1.,0.));
#1635=DIRECTION('',(0.,-1.,-1.13826999736011E-16));
#1636=DIRECTION('',(-1.,0.,0.));
#1637=DIRECTION('',(0.,0.,1.));
#1638=DIRECTION('',(0.,0.832050294337844,0.554700196225229));
#1639=DIRECTION('',(-1.,0.,0.));
#1640=DIRECTION('',(0.,0.,1.));
#1641=DIRECTION('',(0.,-1.,-1.13826999736011E-16));
#1642=DIRECTION('',(-1.,0.,0.));
#1643=DIRECTION('',(0.,0.,1.));
#1644=DIRECTION('',(-1.,0.,0.));
#1645=DIRECTION('',(0.,0.,1.));
#1646=DIRECTION('',(-1.,0.,0.));
#1647=DIRECTION('',(0.,0.,1.));
#1648=DIRECTION('',(0.,1.,0.));
#1649=DIRECTION('',(-1.,0.,0.));
#1650=DIRECTION('',(0.,0.,1.));
#1651=DIRECTION('',(-1.,0.,0.));
#1652=DIRECTION('',(0.,0.,1.));
#1653=DIRECTION('',(-1.,0.,0.));
#1654=DIRECTION('',(0.,0.,1.));
#1655=DIRECTION('',(0.,-1.,-1.13826999736011E-16));
#1656=DIRECTION('',(-1.,0.,0.));
#1657=DIRECTION('',(0.,0.,1.));
#1658=DIRECTION('',(0.,1.,0.));
#1659=DIRECTION('',(0.,0.,1.));
#1660=DIRECTION('',(0.,-1.,-1.13826999736011E-16));
#1661=DIRECTION('',(0.,0.,1.));
#1662=DIRECTION('',(0.,-1.,-1.13826999736011E-16));
#1663=DIRECTION('',(0.,0.,1.));
#1664=DIRECTION('',(0.,-0.832050294337844,-0.554700196225229));
#1665=DIRECTION('',(-1.,0.,0.));
#1666=DIRECTION('',(0.,0.,1.));
#1667=DIRECTION('',(0.,0.,1.));
#1668=DIRECTION('',(-1.,0.,0.));
#1669=DIRECTION('',(0.,0.,1.));
#1670=DIRECTION('',(0.,-1.,-1.13826999736011E-16));
#1671=DIRECTION('',(-1.,0.,0.));
#1672=DIRECTION('',(0.,0.,1.));
#1673=DIRECTION('',(-1.,0.,0.));
#1674=DIRECTION('',(0.,1.,0.));
#1675=DIRECTION('',(-1.,0.,0.));
#1676=DIRECTION('',(0.,0.,1.));
#1677=DIRECTION('',(0.,0.832050294337844,0.554700196225229));
#1678=DIRECTION('',(-1.,0.,0.));
#1679=DIRECTION('',(0.,0.,1.));
#1680=DIRECTION('',(0.,-1.,-1.13826999736011E-16));
#1681=DIRECTION('',(-1.,0.,0.));
#1682=DIRECTION('',(0.,0.,1.));
#1683=DIRECTION('',(-1.,0.,0.));
#1684=DIRECTION('',(0.,0.,1.));
#1685=DIRECTION('',(-1.,0.,0.));
#1686=DIRECTION('',(0.,0.,1.));
#1687=DIRECTION('',(0.,-1.,-1.13826999736011E-16));
#1688=DIRECTION('',(1.,0.,0.));
#1689=DIRECTION('',(0.,0.,-1.));
#1690=DIRECTION('',(0.,-1.,-1.13826999736011E-16));
#1691=DIRECTION('',(0.,0.,1.));
#1692=DIRECTION('',(0.,-1.,-1.13826999736011E-16));
#1693=DIRECTION('',(-1.,0.,0.));
#1694=DIRECTION('',(0.,0.,1.));
#1695=DIRECTION('',(0.,-0.832050294337844,-0.554700196225229));
#1696=DIRECTION('',(-1.,0.,0.));
#1697=DIRECTION('',(0.,0.,1.));
#1698=DIRECTION('',(0.,-1.,-1.13826999736011E-16));
#1699=DIRECTION('',(-1.,0.,0.));
#1700=DIRECTION('',(0.,0.,1.));
#1701=DIRECTION('',(0.,0.,1.));
#1702=DIRECTION('',(1.,0.,0.));
#1703=DIRECTION('',(0.,0.,-1.));
#1704=DIRECTION('',(1.,0.,0.));
#1705=DIRECTION('',(0.,0.,-1.));
#1706=DIRECTION('',(0.,0.78263200746234,0.622484651132433));
#1707=DIRECTION('',(0.,1.,0.));
#1708=DIRECTION('',(0.,0.,1.));
#1709=DIRECTION('',(0.,1.,0.));
#1710=DIRECTION('',(0.,-1.,0.));
#1711=DIRECTION('',(0.,0.,-1.));
#1712=DIRECTION('',(0.,0.622484651132433,-0.78263200746234));
#1713=DIRECTION('',(0.,-0.78263200746234,-0.622484651132433));
#1714=DIRECTION('',(0.707106781186548,-0.707106781186548,0.));
#1715=DIRECTION('',(-0.707106781186548,-0.707106781186548,0.));
#1716=DIRECTION('',(0.,1.,0.));
#1717=DIRECTION('',(0.,-1.,0.));
#1718=DIRECTION('',(0.,0.,-1.));
#1719=DIRECTION('',(0.,-1.,0.));
#1720=DIRECTION('',(0.,0.,-1.));
#1721=DIRECTION('',(0.,-1.,0.));
#1722=DIRECTION('',(0.,0.,-1.));
#1723=DIRECTION('',(-0.974008027039197,0.,-0.226513494660278));
#1724=DIRECTION('',(0.,-1.,0.));
#1725=DIRECTION('',(0.,0.,-1.));
#1726=DIRECTION('',(-1.,0.,0.));
#1727=DIRECTION('',(-1.,0.,0.));
#1728=DIRECTION('',(0.,0.,1.));
#1729=DIRECTION('',(-1.,0.,0.));
#1730=DIRECTION('',(0.,0.,1.));
#1731=DIRECTION('',(0.,-1.,0.));
#1732=DIRECTION('',(0.,0.,-1.));
#1733=DIRECTION('',(0.974008027039197,0.,0.226513494660278));
#1734=DIRECTION('',(0.,-1.,0.));
#1735=DIRECTION('',(0.,0.,-1.));
#1736=DIRECTION('',(0.974008027039196,0.,-0.226513494660279));
#1737=DIRECTION('',(0.,-1.,0.));
#1738=DIRECTION('',(0.,0.,-1.));
#1739=DIRECTION('',(-1.,0.,0.));
#1740=DIRECTION('',(0.,-1.,0.));
#1741=DIRECTION('',(0.,0.,-1.));
#1742=DIRECTION('',(-0.974008027039196,0.,0.226513494660279));
#1743=DIRECTION('',(0.,-1.,0.));
#1744=DIRECTION('',(0.,0.,-1.));
#1745=DIRECTION('',(-1.,0.,0.));
#1746=DIRECTION('',(0.,-1.,0.));
#1747=DIRECTION('',(0.,0.,-1.));
#1748=DIRECTION('',(0.,0.,1.));
#1749=DIRECTION('',(0.,1.,0.));
#1750=DIRECTION('',(0.,0.,1.));
#1751=DIRECTION('',(1.,0.,0.));
#1752=DIRECTION('',(1.,0.,0.));
#1753=DIRECTION('',(0.,0.,1.));
#1754=DIRECTION('',(1.,0.,0.));
#1755=DIRECTION('',(0.,1.,0.));
#1756=DIRECTION('',(0.,0.,1.));
#1757=DIRECTION('',(0.974008027039197,0.,-0.226513494660279));
#1758=DIRECTION('',(0.,0.,1.));
#1759=DIRECTION('',(1.,0.,0.));
#1760=DIRECTION('',(0.974008027039197,0.,0.226513494660278));
#1761=DIRECTION('',(0.,1.,0.));
#1762=DIRECTION('',(0.,0.,1.));
#1763=DIRECTION('',(0.,1.,0.));
#1764=DIRECTION('',(0.,0.,1.));
#1765=DIRECTION('',(-0.974008027039197,0.,-0.226513494660278));
#1766=DIRECTION('',(0.,1.,0.));
#1767=DIRECTION('',(0.,0.,1.));
#1768=DIRECTION('',(1.,0.,0.));
#1769=DIRECTION('',(0.,1.,0.));
#1770=DIRECTION('',(0.,0.,1.));
#1771=DIRECTION('',(-0.974008027039197,0.,0.226513494660279));
#1772=DIRECTION('',(1.,0.,0.));
#1773=DIRECTION('',(0.,1.,0.));
#1774=DIRECTION('',(1.,0.,0.));
#1775=DIRECTION('',(0.,0.,-1.));
#1776=DIRECTION('',(0.,-1.,-1.13826999736011E-16));
#1777=DIRECTION('',(1.,0.,0.));
#1778=DIRECTION('',(0.,0.,-1.));
#1779=DIRECTION('',(0.,-0.782632007462341,-0.622484651132433));
#1780=DIRECTION('',(1.,0.,0.));
#1781=DIRECTION('',(0.,0.,-1.));
#1782=DIRECTION('',(0.,-1.,-1.13826999736011E-16));
#1783=DIRECTION('',(1.,0.,0.));
#1784=DIRECTION('',(0.,0.,-1.));
#1785=DIRECTION('',(1.,0.,0.));
#1786=DIRECTION('',(0.,0.,-1.));
#1787=DIRECTION('',(1.,0.,0.));
#1788=DIRECTION('',(0.,0.,-1.));
#1789=DIRECTION('',(0.,-1.,-1.13826999736011E-16));
#1790=DIRECTION('',(0.,0.,1.));
#1791=DIRECTION('',(0.,-1.,-1.13826999736011E-16));
#1792=DIRECTION('',(0.,1.13826999736011E-16,-1.));
#1793=DIRECTION('',(0.,1.,1.13826999736011E-16));
#1794=DIRECTION('',(0.,-1.,-1.13826999736011E-16));
#1795=DIRECTION('',(-1.,0.,0.));
#1796=DIRECTION('',(0.,-1.,-1.13826999736011E-16));
#1797=DIRECTION('',(0.,-1.,-1.13826999736011E-16));
#1798=DIRECTION('',(1.,0.,0.));
#1799=DIRECTION('',(0.,-1.,0.));
#1800=DIRECTION('',(0.,0.,-1.));
#1801=DIRECTION('',(0.,0.,1.));
#1802=DIRECTION('',(-1.,0.,0.));
#1803=DIRECTION('',(0.,1.13826999736011E-16,-1.));
#1804=DIRECTION('',(0.,1.,1.13826999736011E-16));
#1805=DIRECTION('',(0.,-1.,-1.13826999736011E-16));
#1806=DIRECTION('',(1.,0.,0.));
#1807=DIRECTION('',(0.,-1.,-1.13826999736011E-16));
#1808=DIRECTION('',(0.,-1.,-1.13826999736011E-16));
#1809=DIRECTION('',(1.,0.,0.));
#1810=DIRECTION('',(0.,1.,0.));
#1811=DIRECTION('',(1.,0.,0.));
#1812=DIRECTION('',(0.,0.,-1.));
#1813=DIRECTION('',(0.,0.78263200746234,0.622484651132433));
#1814=DIRECTION('',(1.,0.,0.));
#1815=DIRECTION('',(0.,0.,-1.));
#1816=DIRECTION('',(0.,-1.,-1.13826999736011E-16));
#1817=DIRECTION('',(1.,0.,0.));
#1818=DIRECTION('',(0.,0.,-1.));
#1819=DIRECTION('',(1.,0.,0.));
#1820=DIRECTION('',(0.,0.,-1.));
#1821=DIRECTION('',(1.,0.,0.));
#1822=DIRECTION('',(0.,0.,-1.));
#1823=DIRECTION('',(0.,-1.,-1.13826999736011E-16));
#1824=DIRECTION('',(1.,0.,0.));
#1825=DIRECTION('',(0.,0.,-1.));
#1826=DIRECTION('',(1.,0.,0.));
#1827=DIRECTION('',(0.,1.,0.));
#1828=DIRECTION('',(0.,-1.,-1.13826999736011E-16));
#1829=DIRECTION('',(0.,-1.,0.));
#1830=DIRECTION('',(1.,0.,0.));
#1831=DIRECTION('',(0.,0.,-1.));
#1832=DIRECTION('',(0.,-1.,-1.13826999736011E-16));
#1833=DIRECTION('',(1.,0.,0.));
#1834=DIRECTION('',(0.,0.,-1.));
#1835=DIRECTION('',(1.,0.,0.));
#1836=DIRECTION('',(0.,0.,-1.));
#1837=DIRECTION('',(1.,0.,0.));
#1838=DIRECTION('',(0.,0.,-1.));
#1839=DIRECTION('',(0.,-0.782632007462341,-0.622484651132433));
#1840=DIRECTION('',(1.,0.,0.));
#1841=DIRECTION('',(0.,0.,-1.));
#1842=DIRECTION('',(0.,-1.,-1.13826999736011E-16));
#1843=DIRECTION('',(1.,0.,0.));
#1844=DIRECTION('',(0.,0.,-1.));
#1845=DIRECTION('',(1.,0.,0.));
#1846=DIRECTION('',(0.,0.,-1.));
#1847=DIRECTION('',(1.,0.,0.));
#1848=DIRECTION('',(0.,0.,-1.));
#1849=DIRECTION('',(0.,-1.,-1.13826999736011E-16));
#1850=DIRECTION('',(1.,0.,0.));
#1851=DIRECTION('',(0.,0.,-1.));
#1852=DIRECTION('',(-1.,0.,0.));
#1853=DIRECTION('',(0.,0.,1.));
#1854=DIRECTION('',(1.,0.,0.));
#1855=DIRECTION('',(0.,0.,-1.));
#1856=DIRECTION('',(1.,0.,0.));
#1857=DIRECTION('',(0.,1.,0.));
#1858=DIRECTION('',(1.,0.,0.));
#1859=DIRECTION('',(0.,0.,-1.));
#1860=DIRECTION('',(0.,-1.,0.));
#1861=DIRECTION('',(0.,0.,-1.));
#1862=DIRECTION('',(-1.,0.,0.));
#1863=DIRECTION('',(0.,1.,0.));
#1864=DIRECTION('',(-1.,0.,0.));
#1865=DIRECTION('',(0.,0.,1.));
#1866=DIRECTION('',(0.,-1.,-1.13826999736011E-16));
#1867=DIRECTION('',(-1.,0.,0.));
#1868=DIRECTION('',(0.,0.,1.));
#1869=DIRECTION('',(0.,-0.78263200746234,-0.622484651132433));
#1870=DIRECTION('',(-1.,0.,0.));
#1871=DIRECTION('',(0.,0.,1.));
#1872=DIRECTION('',(0.,-1.,-1.13826999736011E-16));
#1873=DIRECTION('',(-1.,0.,0.));
#1874=DIRECTION('',(0.,0.,1.));
#1875=DIRECTION('',(-1.,0.,0.));
#1876=DIRECTION('',(0.,0.,1.));
#1877=DIRECTION('',(1.,0.,0.));
#1878=DIRECTION('',(0.,0.,-1.));
#1879=DIRECTION('',(1.,0.,0.));
#1880=DIRECTION('',(0.,0.,1.));
#1881=DIRECTION('',(1.,0.,0.));
#1882=DIRECTION('',(0.,0.,-1.));
#1883=DIRECTION('',(-1.,0.,0.));
#1884=DIRECTION('',(0.,1.,0.));
#1885=DIRECTION('',(-1.,0.,0.));
#1886=DIRECTION('',(0.,0.,1.));
#1887=DIRECTION('',(1.,0.,0.));
#1888=DIRECTION('',(0.,1.,0.));
#1889=DIRECTION('',(1.,0.,0.));
#1890=DIRECTION('',(0.,0.,-1.));
#1891=DIRECTION('',(1.,0.,0.));
#1892=DIRECTION('',(0.,0.,-1.));
#1893=DIRECTION('',(-1.,0.,0.));
#1894=DIRECTION('',(0.,1.,0.));
#1895=DIRECTION('',(-1.,0.,0.));
#1896=DIRECTION('',(0.,0.,1.));
#1897=DIRECTION('',(-1.,0.,0.));
#1898=DIRECTION('',(0.,0.,1.));
#1899=DIRECTION('',(0.,-1.13826999736011E-16,1.));
#1900=DIRECTION('',(0.,-1.,-1.13826999736011E-16));
#1901=DIRECTION('',(-1.,0.,0.));
#1902=DIRECTION('',(-1.,0.,0.));
#1903=DIRECTION('',(0.,-1.13826999736011E-16,1.));
#1904=DIRECTION('',(0.,-1.,-1.13826999736011E-16));
#1905=DIRECTION('',(1.,0.,0.));
#1906=DIRECTION('',(-1.,0.,0.));
#1907=DIRECTION('',(1.,0.,0.));
#1908=DIRECTION('',(0.,0.,-1.));
#1909=DIRECTION('',(1.,0.,0.));
#1910=DIRECTION('',(1.,0.,0.));
#1911=DIRECTION('',(0.,-0.622484651132433,0.782632007462341));
#1912=DIRECTION('',(0.,-0.782632007462341,-0.622484651132433));
#1913=DIRECTION('',(-1.,0.,0.));
#1914=DIRECTION('',(-1.,0.,0.));
#1915=DIRECTION('',(1.,0.,0.));
#1916=DIRECTION('',(0.,0.,-1.));
#1917=DIRECTION('',(-1.,0.,0.));
#1918=DIRECTION('',(0.,0.,1.));
#1919=DIRECTION('',(1.,0.,0.));
#1920=DIRECTION('',(0.,0.,-1.));
#1921=DIRECTION('',(1.,0.,0.));
#1922=DIRECTION('',(0.,0.,-1.));
#1923=DIRECTION('',(0.,-1.13826999736011E-16,1.));
#1924=DIRECTION('',(0.,-1.,-1.13826999736011E-16));
#1925=DIRECTION('',(1.,0.,0.));
#1926=DIRECTION('',(1.,0.,0.));
#1927=DIRECTION('',(0.,-1.13826999736011E-16,1.));
#1928=DIRECTION('',(0.,-1.,-1.13826999736011E-16));
#1929=DIRECTION('',(-1.,0.,0.));
#1930=DIRECTION('',(1.,0.,0.));
#1931=DIRECTION('',(0.,1.,0.));
#1932=DIRECTION('',(0.,-1.,0.));
#1933=DIRECTION('',(1.,0.,0.));
#1934=DIRECTION('',(0.,0.,-1.));
#1935=DIRECTION('',(1.,0.,0.));
#1936=DIRECTION('',(1.,0.,0.));
#1937=DIRECTION('',(0.,0.622484651132433,-0.78263200746234));
#1938=DIRECTION('',(0.,0.78263200746234,0.622484651132433));
#1939=DIRECTION('',(0.,-0.78263200746234,-0.622484651132433));
#1940=DIRECTION('',(0.,0.622484651132433,-0.78263200746234));
#1941=DIRECTION('',(0.,0.78263200746234,0.622484651132433));
#1942=DIRECTION('',(1.,0.,0.));
#1943=DIRECTION('',(1.,0.,0.));
#1944=DIRECTION('',(-1.,0.,0.));
#1945=DIRECTION('',(0.,0.,1.));
#1946=DIRECTION('',(-0.707106781186548,-0.707106781186548,0.));
#1947=DIRECTION('',(-0.707106781186548,0.707106781186548,0.));
#1948=DIRECTION('',(1.,0.,0.));
#1949=DIRECTION('',(0.,0.,-1.));
#1950=DIRECTION('',(1.,0.,0.));
#1951=DIRECTION('',(0.,0.,-1.));
#1952=DIRECTION('',(0.226513494660279,0.,0.974008027039197));
#1953=DIRECTION('',(0.974008027039197,0.,-0.226513494660279));
#1954=DIRECTION('',(1.,0.,0.));
#1955=DIRECTION('',(0.,0.,-1.));
#1956=DIRECTION('',(1.,0.,0.));
#1957=DIRECTION('',(0.,0.,-1.));
#1958=DIRECTION('',(0.,-1.,0.));
#1959=DIRECTION('',(0.,0.,-1.));
#1960=DIRECTION('',(0.,1.,0.));
#1961=DIRECTION('',(0.,1.,0.));
#1962=DIRECTION('',(1.,0.,0.));
#1963=DIRECTION('',(0.,0.,-1.));
#1964=DIRECTION('',(0.,1.,0.));
#1965=DIRECTION('',(0.226513494660279,0.,0.974008027039197));
#1966=DIRECTION('',(0.974008027039197,0.,-0.226513494660279));
#1967=DIRECTION('',(0.,-1.,0.));
#1968=DIRECTION('',(0.,1.,0.));
#1969=DIRECTION('',(0.,0.,1.));
#1970=DIRECTION('',(0.,1.,0.));
#1971=DIRECTION('',(0.,0.,1.));
#1972=DIRECTION('',(0.,0.,1.));
#1973=DIRECTION('',(1.,0.,0.));
#1974=DIRECTION('',(-1.,0.,0.));
#1975=DIRECTION('',(1.,0.,0.));
#1976=DIRECTION('',(0.,1.,0.));
#1977=DIRECTION('',(-0.226513494660278,0.,0.974008027039197));
#1978=DIRECTION('',(0.974008027039197,0.,0.226513494660278));
#1979=DIRECTION('',(-0.226513494660278,0.,0.974008027039197));
#1980=DIRECTION('',(0.974008027039197,0.,0.226513494660278));
#1981=DIRECTION('',(0.,1.,0.));
#1982=DIRECTION('',(0.,1.,0.));
#1983=DIRECTION('',(0.,-1.,0.));
#1984=DIRECTION('',(0.,0.,-1.));
#1985=DIRECTION('',(0.,1.,0.));
#1986=DIRECTION('',(0.,0.,1.));
#1987=DIRECTION('',(0.,0.,1.));
#1988=DIRECTION('',(1.,0.,0.));
#1989=DIRECTION('',(0.,-1.,0.));
#1990=DIRECTION('',(0.,1.,0.));
#1991=DIRECTION('',(-0.226513494660279,0.,-0.974008027039197));
#1992=DIRECTION('',(-0.974008027039197,0.,0.226513494660279));
#1993=DIRECTION('',(0.,1.,0.));
#1994=DIRECTION('',(0.,1.,0.));
#1995=DIRECTION('',(0.226513494660278,0.,-0.974008027039197));
#1996=DIRECTION('',(-0.974008027039197,0.,-0.226513494660278));
#1997=DIRECTION('',(0.,1.,0.));
#1998=DIRECTION('',(0.,-1.,0.));
#1999=DIRECTION('',(0.,1.,0.));
#2000=DIRECTION('',(0.,0.,1.));
#2001=DIRECTION('',(0.,-1.,0.));
#2002=DIRECTION('',(0.,0.,-1.));
#2003=DIRECTION('',(0.,1.,0.));
#2004=DIRECTION('',(0.,0.,1.));
#2005=DIRECTION('',(0.,1.13826999736011E-16,-1.));
#2006=DIRECTION('',(0.,1.,1.13826999736011E-16));
#2007=DIRECTION('',(-1.,0.,0.));
#2008=DIRECTION('',(-1.,0.,0.));
#2009=DIRECTION('',(-1.,0.,0.));
#2010=DIRECTION('',(0.,0.,1.));
#2011=DIRECTION('',(-1.,0.,0.));
#2012=DIRECTION('',(-1.,0.,0.));
#2013=DIRECTION('',(-1.,0.,0.));
#2014=DIRECTION('',(0.,0.,1.));
#2015=DIRECTION('',(-1.,0.,0.));
#2016=DIRECTION('',(0.,0.,1.));
#2017=DIRECTION('',(1.,0.,0.));
#2018=DIRECTION('',(0.,0.,-1.));
#2019=DIRECTION('',(-1.,0.,0.));
#2020=DIRECTION('',(-1.,0.,0.));
#2021=DIRECTION('',(0.,0.,1.));
#2022=DIRECTION('',(-1.,0.,0.));
#2023=DIRECTION('',(0.,0.622484651132433,-0.78263200746234));
#2024=DIRECTION('',(0.,0.78263200746234,0.622484651132433));
#2025=DIRECTION('',(0.,-1.,0.));
#2026=DIRECTION('',(0.,0.,-1.));
#2027=DIRECTION('',(-1.,0.,0.));
#2028=DIRECTION('',(1.,0.,0.));
#2029=DIRECTION('',(0.,1.13826999736011E-16,-1.));
#2030=DIRECTION('',(0.,1.,1.13826999736011E-16));
#2031=DIRECTION('',(1.,0.,0.));
#2032=DIRECTION('',(-1.,0.,0.));
#2033=DIRECTION('',(0.,0.554700196225229,-0.832050294337844));
#2034=DIRECTION('',(0.,0.832050294337844,0.554700196225229));
#2035=DIRECTION('',(-1.,0.,0.));
#2036=DIRECTION('',(-1.,0.,0.));
#2037=DIRECTION('',(1.,0.,0.));
#2038=DIRECTION('',(0.,0.,-1.));
#2039=DIRECTION('',(-1.,0.,0.));
#2040=DIRECTION('',(0.,0.,1.));
#2041=DIRECTION('',(-1.,0.,0.));
#2042=DIRECTION('',(0.,0.,1.));
#2043=DIRECTION('',(0.,1.13826999736011E-16,-1.));
#2044=DIRECTION('',(0.,1.,1.13826999736011E-16));
#2045=DIRECTION('',(1.,0.,0.));
#2046=DIRECTION('',(-1.,0.,0.));
#2047=DIRECTION('',(0.,1.13826999736011E-16,-1.));
#2048=DIRECTION('',(0.,1.,1.13826999736011E-16));
#2049=DIRECTION('',(1.,0.,0.));
#2050=DIRECTION('',(1.,0.,0.));
#2051=DIRECTION('',(-1.,0.,0.));
#2052=DIRECTION('',(0.,0.,1.));
#2053=DIRECTION('',(-1.,0.,0.));
#2054=DIRECTION('',(-1.,0.,0.));
#2055=DIRECTION('',(0.,-0.554700196225229,0.832050294337844));
#2056=DIRECTION('',(0.,-0.832050294337844,-0.554700196225229));
#2057=DIRECTION('',(1.,0.,0.));
#2058=DIRECTION('',(1.,0.,0.));
#2059=DIRECTION('',(1.,0.,0.));
#2060=DIRECTION('',(0.,0.,-1.));
#2061=DIRECTION('',(-1.,0.,0.));
#2062=DIRECTION('',(0.,0.,1.));
#2063=DIRECTION('',(-1.,0.,0.));
#2064=DIRECTION('',(0.,0.,1.));
#2065=DIRECTION('',(-1.,0.,0.));
#2066=DIRECTION('',(0.,0.,1.));
#2067=CARTESIAN_POINT('',(0.,0.,0.));
#2068=CARTESIAN_POINT('',(-0.09652,0.,0.));
#2069=CARTESIAN_POINT('',(-0.09652,-4.33680868994202E-19,0.00381));
#2070=CARTESIAN_POINT('',(-0.09652,0.0236708337938764,0.00381));
#2071=CARTESIAN_POINT('',(-0.09652,0.0105341122074905,0.00381));
#2072=CARTESIAN_POINT('',(-0.09652,0.0236708337938764,0.0019812));
#2073=CARTESIAN_POINT('',(-0.09652,0.0246852695127332,0.000459546421714955));
#2074=CARTESIAN_POINT('',(-0.09652,0.00738336919389562,-0.0110750537908434));
#2075=CARTESIAN_POINT('',(-0.09652,0.0187416695127332,-0.00350285357828505));
#2076=CARTESIAN_POINT('',(-0.09652,0.0177272337938765,-0.0019812));
#2077=CARTESIAN_POINT('',(-0.09652,0.0177272337938765,-0.00381));
#2078=CARTESIAN_POINT('',(-0.09652,4.33680868994202E-19,-0.00381));
#2079=CARTESIAN_POINT('',(-0.09652,0.0105341122074905,-0.00381));
#2080=CARTESIAN_POINT('',(-0.09652,0.0105341122074905,-0.0019812));
#2081=CARTESIAN_POINT('',(-0.09652,0.00873682292090443,-0.00164317535545024));
#2082=CARTESIAN_POINT('',(-0.09652,0.,1.55530143491714E-18));
#2083=CARTESIAN_POINT('',(-0.09652,0.00873682292090443,0.00164317535545024));
#2084=CARTESIAN_POINT('',(-0.09652,0.0105341122074905,0.0019812));
#2085=CARTESIAN_POINT('',(-0.09652,0.,0.00381));
#2086=CARTESIAN_POINT('',(-0.09652,-0.03175,0.00381));
#2087=CARTESIAN_POINT('',(-0.09652,-0.0105341122074905,0.00381));
#2088=CARTESIAN_POINT('',(-0.09652,-0.0105341122074905,0.0019812));
#2089=CARTESIAN_POINT('',(-0.09652,-0.00873682292090443,0.00164317535545023));
#2090=CARTESIAN_POINT('',(-0.09652,0.,1.55530143491714E-18));
#2091=CARTESIAN_POINT('',(-0.09652,-0.00873682292090443,-0.00164317535545024));
#2092=CARTESIAN_POINT('',(-0.09652,-0.0105341122074905,-0.0019812));
#2093=CARTESIAN_POINT('',(-0.09652,-0.0105341122074905,-0.00381));
#2094=CARTESIAN_POINT('',(-0.09652,4.33680868994202E-19,-0.00381));
#2095=CARTESIAN_POINT('',(-0.09652,-0.0255889080396866,-0.00381));
#2096=CARTESIAN_POINT('',(-0.09652,-0.0255889080396866,-0.0019812));
#2097=CARTESIAN_POINT('',(-0.09652,-0.0273954786826507,-0.00226547443075368));
#2098=CARTESIAN_POINT('',(-0.09652,0.,-0.00226547443075368));
#2099=CARTESIAN_POINT('',(-0.09652,-0.03175,-0.00226547443075368));
#2100=CARTESIAN_POINT('',(-0.09652,-0.03175,-5.20417042793042E-18));
#2101=CARTESIAN_POINT('',(-0.09652,-0.03175,-0.00635));
#2102=CARTESIAN_POINT('',(-0.09652,-6.93889390390723E-18,-0.00635));
#2103=CARTESIAN_POINT('',(-0.09652,0.0381,-0.00635));
#2104=CARTESIAN_POINT('',(-0.09652,0.0381,4.33680868994202E-18));
#2105=CARTESIAN_POINT('',(-0.09652,0.0381,0.00635));
#2106=CARTESIAN_POINT('',(-0.09652,0.,0.00635));
#2107=CARTESIAN_POINT('',(-0.09652,-0.03175,0.00635));
#2108=CARTESIAN_POINT('',(-0.09652,-0.03175,-5.20417042793042E-18));
#2109=CARTESIAN_POINT('',(-0.09652,0.0102012461907198,-0.0153018692860797));
#2110=CARTESIAN_POINT('',(-0.09652,0.0327167642811433,-0.000291523892463969));
#2111=CARTESIAN_POINT('',(-0.09652,0.0324647304872669,-0.00045954642171495));
#2112=CARTESIAN_POINT('',(-0.09652,0.0337312,-0.00181317747074902));
#2113=CARTESIAN_POINT('',(-0.09652,0.03556,-0.00181317747074902));
#2114=CARTESIAN_POINT('',(-0.09652,0.03556,0.));
#2115=CARTESIAN_POINT('',(-0.09652,0.03556,-0.0019812));
#2116=CARTESIAN_POINT('',(-0.09652,0.0337312,-0.0019812));
#2117=CARTESIAN_POINT('',(-0.09652,0.0337312,-0.00381));
#2118=CARTESIAN_POINT('',(-0.09652,4.33680868994202E-19,-0.00381));
#2119=CARTESIAN_POINT('',(-0.09652,0.0334791662061236,-0.00381));
#2120=CARTESIAN_POINT('',(-0.09652,0.0334791662061236,-0.0019812));
#2121=CARTESIAN_POINT('',(-0.10287,0.,0.));
#2122=CARTESIAN_POINT('',(-0.10287,0.0177272337938765,-0.0019812));
#2123=CARTESIAN_POINT('',(-0.10287,0.0187416695127332,-0.00350285357828505));
#2124=CARTESIAN_POINT('',(-0.10287,0.0177272337938765,-0.00381));
#2125=CARTESIAN_POINT('',(-0.10287,0.00738336919389562,-0.0110750537908434));
#2126=CARTESIAN_POINT('',(-0.10287,0.0246852695127332,0.000459546421714956));
#2127=CARTESIAN_POINT('',(-0.10287,0.0236708337938764,0.0019812));
#2128=CARTESIAN_POINT('',(-0.10287,0.0236708337938764,0.00381));
#2129=CARTESIAN_POINT('',(-0.10287,-4.33680868994202E-19,0.00381));
#2130=CARTESIAN_POINT('',(-0.10287,0.0105341122074905,0.00381));
#2131=CARTESIAN_POINT('',(-0.10287,0.0105341122074905,0.0019812));
#2132=CARTESIAN_POINT('',(-0.10287,0.00873682292090443,0.00164317535545024));
#2133=CARTESIAN_POINT('',(-0.10287,0.,1.55530143491714E-18));
#2134=CARTESIAN_POINT('',(-0.10287,0.00873682292090443,-0.00164317535545024));
#2135=CARTESIAN_POINT('',(-0.10287,0.0105341122074905,-0.0019812));
#2136=CARTESIAN_POINT('',(-0.10287,0.0105341122074905,-0.00381));
#2137=CARTESIAN_POINT('',(-0.10287,4.33680868994202E-19,-0.00381));
#2138=CARTESIAN_POINT('',(-0.10287,0.,1.55530143491714E-18));
#2139=CARTESIAN_POINT('',(-0.10287,7.2280144832367E-19,-0.00635));
#2140=CARTESIAN_POINT('',(-0.10287,-7.2280144832367E-19,0.00635));
#2141=CARTESIAN_POINT('',(-0.10287,0.,0.00635));
#2142=CARTESIAN_POINT('',(-0.10287,0.0381,0.00635));
#2143=CARTESIAN_POINT('',(-0.10287,0.0381,4.33680868994202E-18));
#2144=CARTESIAN_POINT('',(-0.10287,0.0381,-0.00635));
#2145=CARTESIAN_POINT('',(-0.10287,-6.93889390390723E-18,-0.00635));
#2146=CARTESIAN_POINT('',(-0.10287,0.0337312,-0.00181317747074902));
#2147=CARTESIAN_POINT('',(-0.10287,0.0327167642811433,-0.000291523892463967));
#2148=CARTESIAN_POINT('',(-0.10287,0.03556,-0.00181317747074902));
#2149=CARTESIAN_POINT('',(-0.10287,0.0102012461907198,-0.0153018692860797));
#2150=CARTESIAN_POINT('',(-0.10287,0.0324647304872669,-0.000459546421714948));
#2151=CARTESIAN_POINT('',(-0.10287,0.0334791662061236,-0.0019812));
#2152=CARTESIAN_POINT('',(-0.10287,0.0334791662061236,-0.00381));
#2153=CARTESIAN_POINT('',(-0.10287,4.33680868994202E-19,-0.00381));
#2154=CARTESIAN_POINT('',(-0.10287,0.0337312,-0.00381));
#2155=CARTESIAN_POINT('',(-0.10287,0.0337312,-0.0019812));
#2156=CARTESIAN_POINT('',(-0.10287,0.03556,-0.0019812));
#2157=CARTESIAN_POINT('',(-0.10287,0.03556,0.));
#2158=CARTESIAN_POINT('',(-0.10033,-0.0083312,-6.07153216591882E-18));
#2159=CARTESIAN_POINT('',(-0.10033,-0.0255889080396866,-0.0019812));
#2160=CARTESIAN_POINT('',(-0.10033,-0.0267273079696776,-0.000549922584752876));
#2161=CARTESIAN_POINT('',(-0.10033,-0.0270247920775802,-0.000848616020896327));
#2162=CARTESIAN_POINT('',(-0.10033,-0.0151915459689854,0.00862531522315547));
#2163=CARTESIAN_POINT('',(-0.10033,-0.023545000508707,0.0019812));
#2164=CARTESIAN_POINT('',(-0.10033,-0.0083312,0.0019812));
#2165=CARTESIAN_POINT('',(-0.10033,-0.0381,0.0019812));
#2166=CARTESIAN_POINT('',(-0.10033,-0.0381,-6.07153216591882E-18));
#2167=CARTESIAN_POINT('',(-0.10033,-0.0381,-0.000848616020896326));
#2168=CARTESIAN_POINT('',(-0.10033,-0.0083312,-0.000848616020896326));
#2169=CARTESIAN_POINT('',(-0.0985012,-0.0083312,0.0019812));
#2170=CARTESIAN_POINT('',(-0.0985012,-0.023545000508707,0.0019812));
#2171=CARTESIAN_POINT('',(-0.099639599929991,-0.0217454966740461,0.00341247741524712));
#2172=CARTESIAN_POINT('',(-0.0985012,-0.0206070967440551,0.0019812));
#2173=CARTESIAN_POINT('',(-0.0985012,-0.0206070967440551,0.00381));
#2174=CARTESIAN_POINT('',(-0.0985012,-0.0083312,0.00381));
#2175=CARTESIAN_POINT('',(-0.0985012,-0.0381,0.00381));
#2176=CARTESIAN_POINT('',(-0.0985012,-0.0381,0.0019812));
#2177=CARTESIAN_POINT('',(0.00635,-0.0381,-6.07153216591882E-18));
#2178=CARTESIAN_POINT('',(-0.0863329911101458,-0.0381,0.0019812));
#2179=CARTESIAN_POINT('',(-0.0859187432311111,-0.0381,0.000199934120150711));
#2180=CARTESIAN_POINT('',(-0.0863329911101458,-0.0381,0.00381));
#2181=CARTESIAN_POINT('',(0.0015717311468569,-0.0381,0.0205465560685154));
#2182=CARTESIAN_POINT('',(-0.0980869521209653,-0.0381,-0.0026298819007456));
#2183=CARTESIAN_POINT('',(-0.0985012,-0.0381,-0.000848616020896326));
#2184=CARTESIAN_POINT('',(0.00635,-0.0381,0.00381));
#2185=CARTESIAN_POINT('',(0.00635,-0.0381,0.00635));
#2186=CARTESIAN_POINT('',(0.00635,-0.0381,0.00635));
#2187=CARTESIAN_POINT('',(-0.10287,-0.0381,0.00635));
#2188=CARTESIAN_POINT('',(-0.10287,-0.0381,-6.07153216591882E-18));
#2189=CARTESIAN_POINT('',(-0.10287,-0.0381,-0.00635));
#2190=CARTESIAN_POINT('',(0.00635,-0.0381,-0.00635));
#2191=CARTESIAN_POINT('',(0.00635,-0.0381,-0.00635));
#2192=CARTESIAN_POINT('',(0.00635,-0.0381,-6.07153216591882E-18));
#2193=CARTESIAN_POINT('',(-0.0647970088898541,-0.0381,-0.0019812));
#2194=CARTESIAN_POINT('',(-0.0652112567688889,-0.0381,-0.000199934120150728));
#2195=CARTESIAN_POINT('',(-0.0647970088898541,-0.0381,-0.00381));
#2196=CARTESIAN_POINT('',(0.00272241969973111,-0.0381,0.0155985952911562));
#2197=CARTESIAN_POINT('',(-0.0486742478790347,-0.0381,0.00364588190074559));
#2198=CARTESIAN_POINT('',(-0.04826,-0.0381,0.00186461602089631));
#2199=CARTESIAN_POINT('',(-0.0478457521209652,-0.0381,0.00364588190074559));
#2200=CARTESIAN_POINT('',(0.00437368086466089,-0.0381,-0.00849817228195817));
#2201=CARTESIAN_POINT('',(-0.0313087432311111,-0.0381,-0.000199934120150728));
#2202=CARTESIAN_POINT('',(-0.0317229911101458,-0.0381,-0.0019812));
#2203=CARTESIAN_POINT('',(-0.0317229911101458,-0.0381,-0.00381));
#2204=CARTESIAN_POINT('',(0.00635,-0.0381,-0.00381));
#2205=CARTESIAN_POINT('',(0.0019812,-0.0381,-0.00084861602089632));
#2206=CARTESIAN_POINT('',(0.00156695212096529,-0.0381,-0.0026298819007456));
#2207=CARTESIAN_POINT('',(0.00381,-0.0381,-0.00084861602089632));
#2208=CARTESIAN_POINT('',(0.00552436941753511,-0.0381,-0.00355021150459905));
#2209=CARTESIAN_POINT('',(-0.0106012567688889,-0.0381,0.000199934120150713));
#2210=CARTESIAN_POINT('',(-0.0101870088898541,-0.0381,0.0019812));
#2211=CARTESIAN_POINT('',(-0.0101870088898541,-0.0381,0.00381));
#2212=CARTESIAN_POINT('',(0.00635,-0.0381,0.00381));
#2213=CARTESIAN_POINT('',(0.0019812,-0.0381,0.00381));
#2214=CARTESIAN_POINT('',(0.0019812,-0.0381,0.0019812));
#2215=CARTESIAN_POINT('',(0.00381,-0.0381,0.0019812));
#2216=CARTESIAN_POINT('',(0.00381,-0.0381,-6.07153216591882E-18));
#2217=CARTESIAN_POINT('',(-0.04826,-0.03175,-5.20417042793042E-18));
#2218=CARTESIAN_POINT('',(-0.04826,-0.03175,0.00381));
#2219=CARTESIAN_POINT('',(-0.0863329911101458,-0.03175,0.00381));
#2220=CARTESIAN_POINT('',(-0.04826,-0.03175,0.00635));
#2221=CARTESIAN_POINT('',(0.,-0.03175,0.00635));
#2222=CARTESIAN_POINT('',(0.,-0.03175,-5.20417042793042E-18));
#2223=CARTESIAN_POINT('',(0.,-0.03175,0.00381));
#2224=CARTESIAN_POINT('',(-0.04826,-0.03175,0.00381));
#2225=CARTESIAN_POINT('',(-0.0101870088898541,-0.03175,0.00381));
#2226=CARTESIAN_POINT('',(-0.0101870088898541,-0.03175,0.0019812));
#2227=CARTESIAN_POINT('',(-0.0106012567688889,-0.03175,0.000199934120150713));
#2228=CARTESIAN_POINT('',(-0.0462836808646609,-0.03175,0.00849817228195817));
#2229=CARTESIAN_POINT('',(0.,-0.03175,-0.00226547443075367));
#2230=CARTESIAN_POINT('',(0.,-0.03175,-5.20417042793042E-18));
#2231=CARTESIAN_POINT('',(0.,-0.03175,-0.00635));
#2232=CARTESIAN_POINT('',(-0.04826,-0.03175,-0.00635));
#2233=CARTESIAN_POINT('',(-0.0502363191353391,-0.03175,0.00849817228195814));
#2234=CARTESIAN_POINT('',(-0.0859187432311111,-0.03175,0.000199934120150716));
#2235=CARTESIAN_POINT('',(-0.0863329911101458,-0.03175,0.0019812));
#2236=CARTESIAN_POINT('',(-0.04826,-0.03175,0.00186461602089631));
#2237=CARTESIAN_POINT('',(-0.0486742478790347,-0.03175,0.00364588190074559));
#2238=CARTESIAN_POINT('',(-0.0478457521209652,-0.03175,0.00364588190074559));
#2239=CARTESIAN_POINT('',(-0.0490856305824649,-0.03175,0.00355021150459903));
#2240=CARTESIAN_POINT('',(-0.0652112567688888,-0.03175,-0.000199934120150724));
#2241=CARTESIAN_POINT('',(-0.0647970088898541,-0.03175,-0.0019812));
#2242=CARTESIAN_POINT('',(-0.0647970088898541,-0.03175,-0.00381));
#2243=CARTESIAN_POINT('',(-0.04826,-0.03175,-0.00381));
#2244=CARTESIAN_POINT('',(-0.0317229911101458,-0.03175,-0.00381));
#2245=CARTESIAN_POINT('',(-0.0317229911101458,-0.03175,-0.0019812));
#2246=CARTESIAN_POINT('',(-0.0313087432311111,-0.03175,-0.000199934120150726));
#2247=CARTESIAN_POINT('',(-0.0474343694175351,-0.03175,0.00355021150459905));
#2248=CARTESIAN_POINT('',(0.00635,0.,0.));
#2249=CARTESIAN_POINT('',(0.00635,0.0105341122074905,0.0019812));
#2250=CARTESIAN_POINT('',(0.00635,0.0105341122074905,0.00381));
#2251=CARTESIAN_POINT('',(0.00635,0.00873682292090443,0.00164317535545024));
#2252=CARTESIAN_POINT('',(0.00635,-4.33680868994202E-19,0.00381));
#2253=CARTESIAN_POINT('',(0.00635,0.0255889080396866,0.00381));
#2254=CARTESIAN_POINT('',(0.00635,0.0255889080396866,0.0019812));
#2255=CARTESIAN_POINT('',(0.00635,0.0267273079696776,0.000549922584752878));
#2256=CARTESIAN_POINT('',(0.00635,0.0100885788372137,-0.0126840793478952));
#2257=CARTESIAN_POINT('',(0.00635,0.0217454966740461,-0.00341247741524713));
#2258=CARTESIAN_POINT('',(0.00635,0.0206070967440551,-0.0019812));
#2259=CARTESIAN_POINT('',(0.00635,0.0206070967440551,-0.00381));
#2260=CARTESIAN_POINT('',(0.00635,4.33680868994202E-19,-0.00381));
#2261=CARTESIAN_POINT('',(0.00635,0.0105341122074905,-0.00381));
#2262=CARTESIAN_POINT('',(0.00635,0.0105341122074905,-0.0019812));
#2263=CARTESIAN_POINT('',(0.00635,0.00873682292090443,-0.00164317535545024));
#2264=CARTESIAN_POINT('',(0.00635,0.,1.55530143491714E-18));
#2265=CARTESIAN_POINT('',(0.00635,0.,1.55530143491714E-18));
#2266=CARTESIAN_POINT('',(0.00635,7.2280144832367E-19,-0.00635));
#2267=CARTESIAN_POINT('',(0.00635,-7.2280144832367E-19,0.00635));
#2268=CARTESIAN_POINT('',(0.00635,-6.93889390390723E-18,-0.00635));
#2269=CARTESIAN_POINT('',(0.00635,0.0381,-0.00635));
#2270=CARTESIAN_POINT('',(0.00635,0.0381,4.33680868994202E-18));
#2271=CARTESIAN_POINT('',(0.00635,0.0381,0.00635));
#2272=CARTESIAN_POINT('',(0.00635,0.,0.00635));
#2273=CARTESIAN_POINT('',(0.00635,-6.93889390390723E-18,-0.00635));
#2274=CARTESIAN_POINT('',(0.,-6.93889390390723E-18,-0.00635));
#2275=CARTESIAN_POINT('',(0.,0.0381,-0.00635));
#2276=CARTESIAN_POINT('',(0.00635,0.0381,-0.00635));
#2277=CARTESIAN_POINT('',(0.00635,-6.93889390390723E-18,-0.00635));
#2278=CARTESIAN_POINT('',(-0.10287,-6.93889390390723E-18,-0.00635));
#2279=CARTESIAN_POINT('',(-0.10287,0.0381,-0.00635));
#2280=CARTESIAN_POINT('',(0.00635,0.0381,4.33680868994202E-18));
#2281=CARTESIAN_POINT('',(0.,0.0381,4.33680868994202E-18));
#2282=CARTESIAN_POINT('',(0.,0.0381,0.00635));
#2283=CARTESIAN_POINT('',(0.00635,0.0381,0.00635));
#2284=CARTESIAN_POINT('',(0.00635,0.,0.00635));
#2285=CARTESIAN_POINT('',(0.,0.,0.00635));
#2286=CARTESIAN_POINT('',(-0.10287,0.0381,0.00635));
#2287=CARTESIAN_POINT('',(-0.10287,0.,0.00635));
#2288=CARTESIAN_POINT('',(0.00635,0.,0.00635));
#2289=CARTESIAN_POINT('',(0.00635,0.,0.));
#2290=CARTESIAN_POINT('',(0.00635,-0.0255889080396866,-0.0019812));
#2291=CARTESIAN_POINT('',(0.00635,-0.0267273079696776,-0.000549922584752878));
#2292=CARTESIAN_POINT('',(0.00635,-0.0255889080396866,-0.00381));
#2293=CARTESIAN_POINT('',(0.00635,-0.0100885788372137,0.0126840793478952));
#2294=CARTESIAN_POINT('',(0.00635,-0.0217454966740461,0.00341247741524712));
#2295=CARTESIAN_POINT('',(0.00635,-0.0206070967440551,0.0019812));
#2296=CARTESIAN_POINT('',(0.00635,-0.0206070967440551,0.00381));
#2297=CARTESIAN_POINT('',(0.00635,-4.33680868994202E-19,0.00381));
#2298=CARTESIAN_POINT('',(0.00635,-0.0105341122074905,0.00381));
#2299=CARTESIAN_POINT('',(0.00635,-0.0105341122074905,0.0019812));
#2300=CARTESIAN_POINT('',(0.00635,-0.00873682292090443,0.00164317535545023));
#2301=CARTESIAN_POINT('',(0.00635,0.,1.55530143491714E-18));
#2302=CARTESIAN_POINT('',(0.00635,-0.00873682292090443,-0.00164317535545024));
#2303=CARTESIAN_POINT('',(0.00635,-0.0105341122074905,-0.0019812));
#2304=CARTESIAN_POINT('',(0.00635,-0.0105341122074905,-0.00381));
#2305=CARTESIAN_POINT('',(0.00635,4.33680868994202E-19,-0.00381));
#2306=CARTESIAN_POINT('',(0.00635,0.,1.55530143491714E-18));
#2307=CARTESIAN_POINT('',(0.,0.,0.));
#2308=CARTESIAN_POINT('',(0.,-4.33680868994202E-19,0.00381));
#2309=CARTESIAN_POINT('',(0.,-0.0105341122074905,0.00381));
#2310=CARTESIAN_POINT('',(0.,0.,-0.00226547443075367));
#2311=CARTESIAN_POINT('',(0.,-0.0273954786826507,-0.00226547443075367));
#2312=CARTESIAN_POINT('',(0.,-0.0255889080396866,-0.0019812));
#2313=CARTESIAN_POINT('',(0.,-0.0255889080396866,-0.00381));
#2314=CARTESIAN_POINT('',(0.,4.33680868994202E-19,-0.00381));
#2315=CARTESIAN_POINT('',(0.,-0.0105341122074905,-0.00381));
#2316=CARTESIAN_POINT('',(0.,-0.0105341122074905,-0.0019812));
#2317=CARTESIAN_POINT('',(0.,-0.00873682292090443,-0.00164317535545024));
#2318=CARTESIAN_POINT('',(0.,0.,1.55530143491714E-18));
#2319=CARTESIAN_POINT('',(0.,-0.00873682292090443,0.00164317535545023));
#2320=CARTESIAN_POINT('',(0.,-0.0105341122074905,0.0019812));
#2321=CARTESIAN_POINT('',(0.,0.0100885788372137,-0.0126840793478952));
#2322=CARTESIAN_POINT('',(0.,0.0267273079696776,0.000549922584752877));
#2323=CARTESIAN_POINT('',(0.,0.0217454966740461,-0.00341247741524713));
#2324=CARTESIAN_POINT('',(0.,0.0255889080396866,0.0019812));
#2325=CARTESIAN_POINT('',(0.,0.0255889080396866,0.00381));
#2326=CARTESIAN_POINT('',(0.,-4.33680868994202E-19,0.00381));
#2327=CARTESIAN_POINT('',(0.,0.0105341122074905,0.00381));
#2328=CARTESIAN_POINT('',(0.,0.0105341122074905,0.0019812));
#2329=CARTESIAN_POINT('',(0.,0.00873682292090443,0.00164317535545024));
#2330=CARTESIAN_POINT('',(0.,0.,1.55530143491714E-18));
#2331=CARTESIAN_POINT('',(0.,0.00873682292090443,-0.00164317535545024));
#2332=CARTESIAN_POINT('',(0.,0.0105341122074905,-0.0019812));
#2333=CARTESIAN_POINT('',(0.,0.0105341122074905,-0.00381));
#2334=CARTESIAN_POINT('',(0.,4.33680868994202E-19,-0.00381));
#2335=CARTESIAN_POINT('',(0.,0.0206070967440551,-0.00381));
#2336=CARTESIAN_POINT('',(0.,0.0206070967440551,-0.0019812));
#2337=CARTESIAN_POINT('',(0.03175,0.,1.55530143491714E-18));
#2338=CARTESIAN_POINT('',(0.03175,0.,1.55530143491714E-18));
#2339=CARTESIAN_POINT('',(0.03175,0.,-0.00635));
#2340=CARTESIAN_POINT('',(0.03175,0.,0.));
#2341=CARTESIAN_POINT('',(0.03175,0.,1.55530143491714E-18));
#2342=CARTESIAN_POINT('',(0.03175,0.,-0.00381));
#2343=CARTESIAN_POINT('',(-0.10287,0.0381,4.33680868994202E-18));
#2344=CARTESIAN_POINT('',(-0.10287,0.,0.));
#2345=CARTESIAN_POINT('',(-0.10287,-0.0105341122074905,0.0019812));
#2346=CARTESIAN_POINT('',(-0.10287,-0.0105341122074905,0.00381));
#2347=CARTESIAN_POINT('',(-0.10287,-0.00873682292090443,0.00164317535545023));
#2348=CARTESIAN_POINT('',(-0.10287,-4.33680868994202E-19,0.00381));
#2349=CARTESIAN_POINT('',(-0.10287,-0.0206070967440551,0.00381));
#2350=CARTESIAN_POINT('',(-0.10287,-0.0206070967440551,0.0019812));
#2351=CARTESIAN_POINT('',(-0.10287,-0.0217454966740461,0.00341247741524712));
#2352=CARTESIAN_POINT('',(-0.10287,-0.0100885788372137,0.0126840793478952));
#2353=CARTESIAN_POINT('',(-0.10287,-0.0267273079696776,-0.000549922584752878));
#2354=CARTESIAN_POINT('',(-0.10287,-0.0255889080396866,-0.0019812));
#2355=CARTESIAN_POINT('',(-0.10287,-0.0255889080396866,-0.00381));
#2356=CARTESIAN_POINT('',(-0.10287,4.33680868994202E-19,-0.00381));
#2357=CARTESIAN_POINT('',(-0.10287,-0.0105341122074905,-0.00381));
#2358=CARTESIAN_POINT('',(-0.10287,-0.0105341122074905,-0.0019812));
#2359=CARTESIAN_POINT('',(-0.10287,-0.00873682292090443,-0.00164317535545024));
#2360=CARTESIAN_POINT('',(-0.10287,0.,1.55530143491714E-18));
#2361=CARTESIAN_POINT('',(-0.10287,0.,1.55530143491714E-18));
#2362=CARTESIAN_POINT('',(-0.12827,0.,1.55530143491714E-18));
#2363=CARTESIAN_POINT('',(-0.12827,0.,1.55530143491714E-18));
#2364=CARTESIAN_POINT('',(-0.12827,0.,-0.00635));
#2365=CARTESIAN_POINT('',(-0.12827,0.,0.));
#2366=CARTESIAN_POINT('',(-0.12827,0.,1.55530143491714E-18));
#2367=CARTESIAN_POINT('',(-0.12827,0.,0.00381));
#2368=CARTESIAN_POINT('',(0.00635,0.,0.));
#2369=CARTESIAN_POINT('',(0.00635,0.,1.55530143491714E-18));
#2370=CARTESIAN_POINT('',(0.00635,0.,-0.00381));
#2371=CARTESIAN_POINT('',(0.0019812,0.,1.55530143491714E-18));
#2372=CARTESIAN_POINT('',(-0.10287,0.,0.));
#2373=CARTESIAN_POINT('',(-0.10287,0.,1.55530143491714E-18));
#2374=CARTESIAN_POINT('',(-0.10287,0.,0.00381));
#2375=CARTESIAN_POINT('',(-0.0985012,0.,1.55530143491714E-18));
#2376=CARTESIAN_POINT('',(-0.0234188,2.89120579329468E-19,0.00381));
#2377=CARTESIAN_POINT('',(-0.0234188,0.0255889080396866,0.00381));
#2378=CARTESIAN_POINT('',(-0.0234188,0.0105341122074905,0.00381));
#2379=CARTESIAN_POINT('',(-0.0234188,-7.2280144832367E-18,-0.00381));
#2380=CARTESIAN_POINT('',(-0.0234188,0.0105341122074905,-0.00381));
#2381=CARTESIAN_POINT('',(-0.0234188,0.0206070967440551,-0.00381));
#2382=CARTESIAN_POINT('',(-0.0234188,0.,1.55530143491714E-18));
#2383=CARTESIAN_POINT('',(0.00635,0.00873682292090443,0.00164317535545024));
#2384=CARTESIAN_POINT('',(-0.01905,0.00873682292090443,-0.00164317535545024));
#2385=CARTESIAN_POINT('',(-0.0234188,0.0285352170379963,0.00198788529895435));
#2386=CARTESIAN_POINT('',(-0.0234188,0.0217454966740461,-0.00341247741524713));
#2387=CARTESIAN_POINT('',(-0.0234188,0.0267273079696776,0.000549922584752877));
#2388=CARTESIAN_POINT('',(-0.0234188,0.0255889080396866,0.0019812));
#2389=CARTESIAN_POINT('',(-0.0234188,0.0206070967440551,-0.0019812));
#2390=CARTESIAN_POINT('',(-0.0234188,0.0105341122074905,0.0019812));
#2391=CARTESIAN_POINT('',(-0.0234188,0.0105341122074905,-0.0019812));
#2392=CARTESIAN_POINT('',(-0.0234188,-7.2280144832367E-18,-0.00381));
#2393=CARTESIAN_POINT('',(-0.0234188,-0.0255889080396866,-0.00381));
#2394=CARTESIAN_POINT('',(-0.0234188,-0.0105341122074905,-0.00381));
#2395=CARTESIAN_POINT('',(-0.0234188,2.89120579329468E-19,0.00381));
#2396=CARTESIAN_POINT('',(-0.0234188,-0.0105341122074905,0.00381));
#2397=CARTESIAN_POINT('',(-0.0234188,-0.0206070967440551,0.00381));
#2398=CARTESIAN_POINT('',(0.0019812,-0.0206070967440551,0.00381));
#2399=CARTESIAN_POINT('',(0.0019812,-0.0083312,0.00381));
#2400=CARTESIAN_POINT('',(-0.0101870088898541,-0.0083312,0.00381));
#2401=CARTESIAN_POINT('',(-0.0234188,0.,1.55530143491714E-18));
#2402=CARTESIAN_POINT('',(0.00635,-0.00873682292090443,-0.00164317535545024));
#2403=CARTESIAN_POINT('',(-0.01905,-0.00873682292090443,0.00164317535545023));
#2404=CARTESIAN_POINT('',(-0.0234188,-0.0285352170379963,-0.00198788529895435));
#2405=CARTESIAN_POINT('',(0.00381,-0.0285352170379963,-0.00198788529895435));
#2406=CARTESIAN_POINT('',(0.00381,-0.023545000508707,0.0019812));
#2407=CARTESIAN_POINT('',(0.00381,-0.0267273079696776,-0.000549922584752879));
#2408=CARTESIAN_POINT('',(0.0019812,-0.023545000508707,0.0019812));
#2409=CARTESIAN_POINT('',(0.003119599929991,-0.0217454966740461,0.00341247741524713));
#2410=CARTESIAN_POINT('',(-0.0234188,-0.0217454966740461,0.00341247741524713));
#2411=CARTESIAN_POINT('',(-0.0234188,-0.0267273079696776,-0.000549922584752878));
#2412=CARTESIAN_POINT('',(-0.0234188,-0.0206070967440551,0.0019812));
#2413=CARTESIAN_POINT('',(0.0019812,-0.0206070967440551,0.0019812));
#2414=CARTESIAN_POINT('',(-0.0234188,-0.0255889080396866,-0.0019812));
#2415=CARTESIAN_POINT('',(0.00156695212096528,-0.0272987972851189,-0.0026298819007456));
#2416=CARTESIAN_POINT('',(0.001843278142479,-0.0272744182154518,-0.00269414376621391));
#2417=CARTESIAN_POINT('',(0.00242102901022855,-0.0272769211101095,-0.00269022116190125));
#2418=CARTESIAN_POINT('',(0.00318977297349515,-0.0274168866200411,-0.00230921776567713));
#2419=CARTESIAN_POINT('',(0.0037185340159327,-0.0274377762798439,-0.00160509202307593));
#2420=CARTESIAN_POINT('',(0.00381,-0.0272015318993502,-0.00107268584143238));
#2421=CARTESIAN_POINT('',(0.00381,-0.0270247920775802,-0.000848616020896322));
#2422=CARTESIAN_POINT('',(0.00156695212096529,-0.0272987972851189,-0.0026298819007456));
#2423=CARTESIAN_POINT('',(0.00381,-0.0270247920775802,-0.000848616020896321));
#2424=CARTESIAN_POINT('',(0.00381,-0.0255889080396866,-0.0019812));
#2425=CARTESIAN_POINT('',(-0.00122238005224078,-0.0255889080396866,-0.0019812));
#2426=CARTESIAN_POINT('',(-0.0234188,-0.0105341122074905,0.0019812));
#2427=CARTESIAN_POINT('',(-0.0234188,-0.0105341122074905,-0.0019812));
#2428=CARTESIAN_POINT('',(0.0019812,-0.0083312,-0.00084861602089632));
#2429=CARTESIAN_POINT('',(0.00156695212096529,-0.0083312,-0.0026298819007456));
#2430=CARTESIAN_POINT('',(0.00381,-0.0083312,-0.00084861602089632));
#2431=CARTESIAN_POINT('',(0.00381,-0.0083312,-6.07153216591882E-18));
#2432=CARTESIAN_POINT('',(0.00381,-0.0083312,0.0019812));
#2433=CARTESIAN_POINT('',(-0.0203796557235629,-0.0083312,0.00247398038867955));
#2434=CARTESIAN_POINT('',(-0.0106012567688889,-0.0083312,0.000199934120150713));
#2435=CARTESIAN_POINT('',(-0.0101870088898541,-0.0083312,0.0019812));
#2436=CARTESIAN_POINT('',(0.0019812,-0.0083312,0.0019812));
#2437=CARTESIAN_POINT('',(0.00635,-0.0083312,0.00381));
#2438=CARTESIAN_POINT('',(-0.0731012,-0.0206070967440551,0.00381));
#2439=CARTESIAN_POINT('',(-0.0731012,-0.0105341122074905,0.00381));
#2440=CARTESIAN_POINT('',(-0.0863329911101458,-0.0083312,0.00381));
#2441=CARTESIAN_POINT('',(-0.0761403442764371,-0.0083312,0.00247398038867955));
#2442=CARTESIAN_POINT('',(-0.0952976199477592,-0.0255889080396866,-0.0019812));
#2443=CARTESIAN_POINT('',(-0.0980869521209653,-0.0272987972851189,-0.00262988190074561));
#2444=CARTESIAN_POINT('',(-0.0980869521209653,-0.0083312,-0.00262988190074561));
#2445=CARTESIAN_POINT('',(-0.0859187432311111,-0.0083312,0.000199934120150716));
#2446=CARTESIAN_POINT('',(-0.0863329911101458,-0.0083312,0.0019812));
#2447=CARTESIAN_POINT('',(-0.0985012,-0.0083312,-0.000848616020896326));
#2448=CARTESIAN_POINT('',(-0.0980869521209653,-0.0272987972851189,-0.00262988190074561));
#2449=CARTESIAN_POINT('',(-0.098363278142479,-0.0272744182154518,-0.00269414376621391));
#2450=CARTESIAN_POINT('',(-0.0989410290102286,-0.0272769211101095,-0.00269022116190125));
#2451=CARTESIAN_POINT('',(-0.0997097729734951,-0.0274168866200411,-0.00230921776567713));
#2452=CARTESIAN_POINT('',(-0.100238534015933,-0.0274377762798439,-0.00160509202307592));
#2453=CARTESIAN_POINT('',(-0.10033,-0.0272015318993502,-0.00107268584143238));
#2454=CARTESIAN_POINT('',(-0.10033,-0.0270247920775802,-0.000848616020896322));
#2455=CARTESIAN_POINT('',(0.00635,-0.0083312,-0.00381));
#2456=CARTESIAN_POINT('',(-0.0647970088898541,-0.0083312,-0.00381));
#2457=CARTESIAN_POINT('',(-0.0317229911101458,-0.0083312,-0.00381));
#2458=CARTESIAN_POINT('',(-0.0215303442764371,-0.0083312,-0.00247398038867956));
#2459=CARTESIAN_POINT('',(-0.0313087432311111,-0.0083312,-0.000199934120150726));
#2460=CARTESIAN_POINT('',(-0.0478457521209652,-0.0083312,0.00364588190074559));
#2461=CARTESIAN_POINT('',(-0.0749896557235629,-0.0083312,-0.00247398038867956));
#2462=CARTESIAN_POINT('',(-0.0486742478790347,-0.0083312,0.00364588190074559));
#2463=CARTESIAN_POINT('',(-0.0652112567688888,-0.0083312,-0.000199934120150724));
#2464=CARTESIAN_POINT('',(-0.04826,-0.0083312,0.00186461602089631));
#2465=CARTESIAN_POINT('',(-0.0647970088898541,-0.0083312,-0.0019812));
#2466=CARTESIAN_POINT('',(-0.0317229911101458,-0.0083312,-0.0019812));
#2467=CARTESIAN_POINT('',(-0.0731012,-7.2280144832367E-18,-0.00381));
#2468=CARTESIAN_POINT('',(-0.0731012,-0.0105341122074905,-0.00381));
#2469=CARTESIAN_POINT('',(-0.0731012,-0.0255889080396866,-0.00381));
#2470=CARTESIAN_POINT('',(-0.0731012,0.,1.55530143491714E-18));
#2471=CARTESIAN_POINT('',(-0.10287,-0.00873682292090443,0.00164317535545023));
#2472=CARTESIAN_POINT('',(-0.07747,-0.00873682292090443,-0.00164317535545024));
#2473=CARTESIAN_POINT('',(-0.0731012,-0.0105341122074905,0.0019812));
#2474=CARTESIAN_POINT('',(-0.0731012,-0.0105341122074905,-0.0019812));
#2475=CARTESIAN_POINT('',(-0.0731012,-0.0255889080396866,-0.0019812));
#2476=CARTESIAN_POINT('',(-0.0731012,-0.0267273079696776,-0.000549922584752876));
#2477=CARTESIAN_POINT('',(-0.0731012,-0.0206070967440551,0.0019812));
#2478=CARTESIAN_POINT('',(-0.0731012,-0.0217454966740461,0.00341247741524712));
#2479=CARTESIAN_POINT('',(-0.0731012,-0.0285352170379963,-0.00198788529895435));
#2480=CARTESIAN_POINT('',(-0.0731012,0.03556,4.33680868994202E-18));
#2481=CARTESIAN_POINT('',(-0.0731012,0.03556,-0.00181317747074902));
#2482=CARTESIAN_POINT('',(-0.0731012,0.03556,-0.0019812));
#2483=CARTESIAN_POINT('',(-0.0731012,-7.2280144832367E-18,-0.00381));
#2484=CARTESIAN_POINT('',(-0.0731012,0.0337312,-0.00381));
#2485=CARTESIAN_POINT('',(-0.0731012,0.0334791662061236,-0.00381));
#2486=CARTESIAN_POINT('',(-0.0731012,0.0299839384984121,-0.00211340774761812));
#2487=CARTESIAN_POINT('',(-0.0731012,0.0324647304872669,-0.00045954642171495));
#2488=CARTESIAN_POINT('',(-0.0731012,0.0327167642811433,-0.000291523892463969));
#2489=CARTESIAN_POINT('',(-0.0731012,0.0334791662061236,-0.0019812));
#2490=CARTESIAN_POINT('',(-0.0731012,0.0337312,-0.00181317747074902));
#2491=CARTESIAN_POINT('',(-0.0731012,0.0337312,-0.0019812));
#2492=CARTESIAN_POINT('',(-0.0731012,-7.2280144832367E-18,-0.00381));
#2493=CARTESIAN_POINT('',(-0.0731012,0.0177272337938765,-0.00381));
#2494=CARTESIAN_POINT('',(-0.0731012,0.0105341122074905,-0.00381));
#2495=CARTESIAN_POINT('',(-0.0731012,2.89120579329468E-19,0.00381));
#2496=CARTESIAN_POINT('',(-0.0731012,0.0105341122074905,0.00381));
#2497=CARTESIAN_POINT('',(-0.0731012,0.0236708337938764,0.00381));
#2498=CARTESIAN_POINT('',(-0.0731012,0.,1.55530143491714E-18));
#2499=CARTESIAN_POINT('',(-0.10287,0.00873682292090443,-0.00164317535545024));
#2500=CARTESIAN_POINT('',(-0.07747,0.00873682292090443,0.00164317535545024));
#2501=CARTESIAN_POINT('',(-0.0731012,0.0271660615015879,0.00211340774761812));
#2502=CARTESIAN_POINT('',(-0.0731012,0.0246852695127332,0.000459546421714955));
#2503=CARTESIAN_POINT('',(-0.0731012,0.0187416695127332,-0.00350285357828505));
#2504=CARTESIAN_POINT('',(-0.0731012,0.0236708337938764,0.0019812));
#2505=CARTESIAN_POINT('',(-0.0731012,0.0177272337938765,-0.0019812));
#2506=CARTESIAN_POINT('',(-0.0731012,0.0105341122074905,0.0019812));
#2507=CARTESIAN_POINT('',(-0.0731012,0.0105341122074905,-0.0019812));
#2508=MECHANICAL_DESIGN_GEOMETRIC_PRESENTATION_REPRESENTATION('',(#1469),
#2509);
#2509=(
GEOMETRIC_REPRESENTATION_CONTEXT(3)
GLOBAL_UNCERTAINTY_ASSIGNED_CONTEXT((#2510))
GLOBAL_UNIT_ASSIGNED_CONTEXT((#2513,#2512,#2511))
REPRESENTATION_CONTEXT('Part 1','TOP_LEVEL_ASSEMBLY_PART')
);
#2510=UNCERTAINTY_MEASURE_WITH_UNIT(LENGTH_MEASURE(2.E-5),#2513,
'DISTANCE_ACCURACY_VALUE','Maximum Tolerance applied to model');
#2511=(
NAMED_UNIT(*)
SI_UNIT($,.STERADIAN.)
SOLID_ANGLE_UNIT()
);
#2512=(
NAMED_UNIT(*)
PLANE_ANGLE_UNIT()
SI_UNIT($,.RADIAN.)
);
#2513=(
LENGTH_UNIT()
NAMED_UNIT(*)
SI_UNIT($,.METRE.)
);
#2514=PRODUCT_DEFINITION_SHAPE('','',#2515);
#2515=PRODUCT_DEFINITION('','',#2517,#2516);
#2516=PRODUCT_DEFINITION_CONTEXT('',#2523,'design');
#2517=PRODUCT_DEFINITION_FORMATION_WITH_SPECIFIED_SOURCE('','',#2519,
 .NOT_KNOWN.);
#2518=PRODUCT_RELATED_PRODUCT_CATEGORY('','',(#2519));
#2519=PRODUCT('Part 1','Part 1','Part 1',(#2521));
#2520=PRODUCT_CATEGORY('','');
#2521=PRODUCT_CONTEXT('',#2523,'mechanical');
#2522=APPLICATION_PROTOCOL_DEFINITION('international standard',
'ap242_managed_model_based_3d_engineering',2020,#2523);
#2523=APPLICATION_CONTEXT('managed model based 3d engineering');
ENDSEC;
END-ISO-10303-21;
