ISO-10303-21;
HEADER;
/* Generated by software containing ST-Developer
 * from STEP Tools, Inc. (www.steptools.com) 
 */
/* OPTION: using custom renumber hook */

FILE_DESCRIPTION(
/* description */ ('STEP AP242 Edition 2',
'CAx-IF Rec.Pracs.---Representation and Presentation of Product Manufa
cturing Information (PMI)---4.0---2014-10-13',
'CAx-IF Rec.Pracs.---3D Tessellated Geometry---0.4---2014-09-14','2;1',
'CAx-IF Rec.Pracs.---User Defined Attributes---1.5---2016-08-15'),
/* implementation_level */ '2;1');

FILE_NAME(
/* name */ 'Part Studio 1',
/* time_stamp */ '2026-05-28T02:41:27Z',
/* author */ (''),
/* organization */ (''),
/* preprocessor_version */ 'ST-DEVELOPER v20',
/* originating_system */ 'ONSHAPE BY PTC INC, 1.215',
/* authorisation */ '  ');

FILE_SCHEMA (('AP242_MANAGED_MODEL_BASED_3D_ENGINEERING_MIM_LF { 1 0 10303 442 3 1 4 }'));
ENDSEC;

DATA;
#10=SHAPE_REPRESENTATION_RELATIONSHIP('','',#1289,#11);
#11=ADVANCED_BREP_SHAPE_REPRESENTATION('',(#1287),#2264);
#12=SPHERICAL_SURFACE('',#1394,0.00508);
#13=SPHERICAL_SURFACE('',#1403,0.00508);
#14=ELLIPSE('',#1391,0.00718420489685532,0.00508);
#15=ELLIPSE('',#1393,0.00718420489685532,0.00508);
#16=ELLIPSE('',#1402,0.00718420489685533,0.00508);
#17=ELLIPSE('',#1406,0.00718420489685532,0.00508);
#18=B_SPLINE_CURVE_WITH_KNOTS('',3,(#1913,#1914,#1915,#1916,#1917,#1918,
#1919,#1920,#1921),.UNSPECIFIED.,.F.,.F.,(4,1,1,1,1,1,4),(0.,0.00289254801549181,
0.00433882202323771,0.00578509603098362,0.00723137003872952,0.00867764404647543,
0.0115701920619672),.UNSPECIFIED.);
#19=B_SPLINE_CURVE_WITH_KNOTS('',3,(#1922,#1923,#1924,#1925,#1926,#1927,
#1928,#1929,#1930),.UNSPECIFIED.,.F.,.F.,(4,1,1,1,1,1,4),(0.,0.00289254801549209,
0.00433882202323813,0.00578509603098418,0.00723137003873022,0.00867764404647626,
0.0115701920619684),.UNSPECIFIED.);
#20=B_SPLINE_CURVE_WITH_KNOTS('',3,(#1953,#1954,#1955,#1956),
 .UNSPECIFIED.,.F.,.F.,(4,4),(0.,7.06723371883778E-5),.UNSPECIFIED.);
#21=B_SPLINE_CURVE_WITH_KNOTS('',3,(#1957,#1958,#1959,#1960),
 .UNSPECIFIED.,.F.,.F.,(4,4),(0.,7.06723371883796E-5),.UNSPECIFIED.);
#22=B_SPLINE_CURVE_WITH_KNOTS('',3,(#1970,#1971,#1972,#1973),
 .UNSPECIFIED.,.F.,.F.,(4,4),(0.,7.0672337188382E-5),.UNSPECIFIED.);
#23=B_SPLINE_CURVE_WITH_KNOTS('',3,(#1978,#1979,#1980,#1981),
 .UNSPECIFIED.,.F.,.F.,(4,4),(0.,7.06723371883838E-5),.UNSPECIFIED.);
#24=B_SPLINE_CURVE_WITH_KNOTS('',3,(#1983,#1984,#1985,#1986,#1987),
 .UNSPECIFIED.,.F.,.F.,(4,1,4),(0.,0.00179683644844143,0.00359367289688285),
 .UNSPECIFIED.);
#25=B_SPLINE_CURVE_WITH_KNOTS('',3,(#1989,#1990,#1991,#1992,#1993),
 .UNSPECIFIED.,.F.,.F.,(4,1,4),(0.,0.00179622792335504,0.00359245584671008),
 .UNSPECIFIED.);
#26=B_SPLINE_CURVE_WITH_KNOTS('',3,(#1995,#1996,#1997,#1998,#1999),
 .UNSPECIFIED.,.F.,.F.,(4,1,4),(0.,0.00179622792335504,0.00359245584671008),
 .UNSPECIFIED.);
#27=B_SPLINE_CURVE_WITH_KNOTS('',3,(#2001,#2002,#2003,#2004,#2005),
 .UNSPECIFIED.,.F.,.F.,(4,1,4),(0.,0.00179683644844142,0.00359367289688285),
 .UNSPECIFIED.);
#28=B_SPLINE_CURVE_WITH_KNOTS('',3,(#2015,#2016,#2017,#2018),
 .UNSPECIFIED.,.F.,.F.,(4,4),(0.,7.06723371883787E-5),.UNSPECIFIED.);
#29=B_SPLINE_CURVE_WITH_KNOTS('',3,(#2019,#2020,#2021,#2022),
 .UNSPECIFIED.,.F.,.F.,(4,4),(0.,7.06723371883787E-5),.UNSPECIFIED.);
#30=B_SPLINE_CURVE_WITH_KNOTS('',3,(#2039,#2040,#2041,#2042,#2043),
 .UNSPECIFIED.,.F.,.F.,(4,1,4),(0.,0.00179622792335504,0.00359245584671009),
 .UNSPECIFIED.);
#31=B_SPLINE_CURVE_WITH_KNOTS('',3,(#2045,#2046,#2047,#2048,#2049),
 .UNSPECIFIED.,.F.,.F.,(4,1,4),(0.,0.00179683644844142,0.00359367289688284),
 .UNSPECIFIED.);
#32=B_SPLINE_CURVE_WITH_KNOTS('',3,(#2051,#2052,#2053,#2054,#2055),
 .UNSPECIFIED.,.F.,.F.,(4,1,4),(3.3881317890172E-20,0.00146674581081911,
0.00293349162163823),.UNSPECIFIED.);
#33=B_SPLINE_CURVE_WITH_KNOTS('',3,(#2057,#2058,#2059,#2060,#2061),
 .UNSPECIFIED.,.F.,.F.,(4,1,4),(0.,0.00146668554642348,0.00293337109284696),
 .UNSPECIFIED.);
#34=B_SPLINE_CURVE_WITH_KNOTS('',3,(#2069,#2070,#2071,#2072),
 .UNSPECIFIED.,.F.,.F.,(4,4),(0.,7.06723371883804E-5),.UNSPECIFIED.);
#35=B_SPLINE_CURVE_WITH_KNOTS('',3,(#2077,#2078,#2079,#2080),
 .UNSPECIFIED.,.F.,.F.,(4,4),(0.,7.06723371883802E-5),.UNSPECIFIED.);
#36=B_SPLINE_CURVE_WITH_KNOTS('',3,(#2094,#2095,#2096,#2097,#2098),
 .UNSPECIFIED.,.F.,.F.,(4,1,4),(0.,0.0017968364484414,0.00359367289688281),
 .UNSPECIFIED.);
#37=B_SPLINE_CURVE_WITH_KNOTS('',3,(#2100,#2101,#2102,#2103,#2104),
 .UNSPECIFIED.,.F.,.F.,(4,1,4),(0.,0.00179622792335505,0.00359245584671009),
 .UNSPECIFIED.);
#38=B_SPLINE_CURVE_WITH_KNOTS('',3,(#2106,#2107,#2108,#2109),
 .UNSPECIFIED.,.F.,.F.,(4,4),(0.,0.00145866264065124),.UNSPECIFIED.);
#39=B_SPLINE_CURVE_WITH_KNOTS('',3,(#2111,#2112,#2113,#2114),
 .UNSPECIFIED.,.F.,.F.,(4,4),(0.00147481672576783,0.00293349162163822),
 .UNSPECIFIED.);
#40=B_SPLINE_CURVE_WITH_KNOTS('',3,(#2116,#2117,#2118,#2119),
 .UNSPECIFIED.,.F.,.F.,(4,4),(-0.000939079006188548,0.00051871539402753),
 .UNSPECIFIED.);
#41=B_SPLINE_CURVE_WITH_KNOTS('',3,(#2121,#2122,#2123,#2124),
 .UNSPECIFIED.,.F.,.F.,(4,4),(7.15248099232191E-17,0.00145947572056719),
 .UNSPECIFIED.);
#42=B_SPLINE_CURVE_WITH_KNOTS('',3,(#2126,#2127,#2128,#2129),
 .UNSPECIFIED.,.F.,.F.,(4,4),(0.,0.000306648053809342),.UNSPECIFIED.);
#43=B_SPLINE_CURVE_WITH_KNOTS('',3,(#2134,#2135,#2136,#2137),
 .UNSPECIFIED.,.F.,.F.,(4,4),(0.,0.000306648053809322),.UNSPECIFIED.);
#44=B_SPLINE_CURVE_WITH_KNOTS('',3,(#2158,#2159,#2160,#2161,#2162),
 .UNSPECIFIED.,.F.,.F.,(4,1,4),(0.,0.00167468978076019,0.00334937956152038),
 .UNSPECIFIED.);
#45=B_SPLINE_CURVE_WITH_KNOTS('',3,(#2164,#2165,#2166,#2167,#2168),
 .UNSPECIFIED.,.F.,.F.,(4,1,4),(0.,0.00167395989639998,0.00334791979279996),
 .UNSPECIFIED.);
#46=B_SPLINE_CURVE_WITH_KNOTS('',3,(#2170,#2171,#2172,#2173,#2174),
 .UNSPECIFIED.,.F.,.F.,(4,1,4),(0.,0.00146668554642348,0.00293337109284695),
 .UNSPECIFIED.);
#47=B_SPLINE_CURVE_WITH_KNOTS('',3,(#2176,#2177,#2178,#2179,#2180),
 .UNSPECIFIED.,.F.,.F.,(4,1,4),(0.,0.00146674581081912,0.00293349162163823),
 .UNSPECIFIED.);
#48=B_SPLINE_CURVE_WITH_KNOTS('',3,(#2190,#2191,#2192,#2193),
 .UNSPECIFIED.,.F.,.F.,(4,4),(0.,0.000306648053809338),.UNSPECIFIED.);
#49=B_SPLINE_CURVE_WITH_KNOTS('',3,(#2194,#2195,#2196,#2197),
 .UNSPECIFIED.,.F.,.F.,(4,4),(0.,0.000306648053809319),.UNSPECIFIED.);
#50=B_SPLINE_CURVE_WITH_KNOTS('',3,(#2213,#2214,#2215,#2216,#2217),
 .UNSPECIFIED.,.F.,.F.,(4,1,4),(0.,0.00167395989639998,0.00334791979279995),
 .UNSPECIFIED.);
#51=B_SPLINE_CURVE_WITH_KNOTS('',3,(#2219,#2220,#2221,#2222,#2223),
 .UNSPECIFIED.,.F.,.F.,(4,1,4),(0.,0.00167468978076018,0.00334937956152036),
 .UNSPECIFIED.);
#52=B_SPLINE_CURVE_WITH_KNOTS('',3,(#2225,#2226,#2227,#2228),
 .UNSPECIFIED.,.F.,.F.,(4,4),(-0.000939079006188526,0.000518715394027546),
 .UNSPECIFIED.);
#53=B_SPLINE_CURVE_WITH_KNOTS('',3,(#2230,#2231,#2232,#2233),
 .UNSPECIFIED.,.F.,.F.,(4,4),(6.13455347559747E-17,0.00145947572056728),
 .UNSPECIFIED.);
#54=B_SPLINE_CURVE_WITH_KNOTS('',3,(#2235,#2236,#2237,#2238),
 .UNSPECIFIED.,.F.,.F.,(4,4),(0.,0.00145866264065126),.UNSPECIFIED.);
#55=B_SPLINE_CURVE_WITH_KNOTS('',3,(#2240,#2241,#2242,#2243),
 .UNSPECIFIED.,.F.,.F.,(4,4),(0.00147481672576785,0.00293349162163821),
 .UNSPECIFIED.);
#56=CYLINDRICAL_SURFACE('',#1340,0.004445);
#57=CYLINDRICAL_SURFACE('',#1343,0.00125);
#58=CYLINDRICAL_SURFACE('',#1344,0.00125);
#59=CYLINDRICAL_SURFACE('',#1346,0.00379);
#60=CYLINDRICAL_SURFACE('',#1348,0.00379);
#61=CYLINDRICAL_SURFACE('',#1349,0.0018288);
#62=CYLINDRICAL_SURFACE('',#1350,0.0018288);
#63=CYLINDRICAL_SURFACE('',#1351,0.0018288);
#64=CYLINDRICAL_SURFACE('',#1352,0.0018288);
#65=CYLINDRICAL_SURFACE('',#1354,0.00379);
#66=CYLINDRICAL_SURFACE('',#1359,0.0018288);
#67=CYLINDRICAL_SURFACE('',#1360,0.0018288);
#68=CYLINDRICAL_SURFACE('',#1361,0.0018288);
#69=CYLINDRICAL_SURFACE('',#1362,0.0018288);
#70=CYLINDRICAL_SURFACE('',#1364,0.00379);
#71=CYLINDRICAL_SURFACE('',#1367,0.0018288);
#72=CYLINDRICAL_SURFACE('',#1368,0.0018288);
#73=CYLINDRICAL_SURFACE('',#1369,0.0018288);
#74=CYLINDRICAL_SURFACE('',#1370,0.0018288);
#75=CYLINDRICAL_SURFACE('',#1371,0.006985);
#76=CYLINDRICAL_SURFACE('',#1377,0.0018288);
#77=CYLINDRICAL_SURFACE('',#1378,0.0018288);
#78=CYLINDRICAL_SURFACE('',#1379,0.0018288);
#79=CYLINDRICAL_SURFACE('',#1380,0.0018288);
#80=CYLINDRICAL_SURFACE('',#1382,0.006985);
#81=CYLINDRICAL_SURFACE('',#1385,0.0018288);
#82=CYLINDRICAL_SURFACE('',#1386,0.0018288);
#83=CYLINDRICAL_SURFACE('',#1387,0.0018288);
#84=CYLINDRICAL_SURFACE('',#1388,0.0018288);
#85=CYLINDRICAL_SURFACE('',#1389,0.00508);
#86=CYLINDRICAL_SURFACE('',#1392,0.00508);
#87=CYLINDRICAL_SURFACE('',#1397,0.00508);
#88=CYLINDRICAL_SURFACE('',#1399,0.00508);
#89=CYLINDRICAL_SURFACE('',#1401,0.00508);
#90=CYLINDRICAL_SURFACE('',#1405,0.00508);
#91=CYLINDRICAL_SURFACE('',#1407,0.00508);
#92=LINE('',#1748,#191);
#93=LINE('',#1752,#192);
#94=LINE('',#1757,#193);
#95=LINE('',#1761,#194);
#96=LINE('',#1768,#195);
#97=LINE('',#1772,#196);
#98=LINE('',#1779,#197);
#99=LINE('',#1783,#198);
#100=LINE('',#1792,#199);
#101=LINE('',#1796,#200);
#102=LINE('',#1800,#201);
#103=LINE('',#1803,#202);
#104=LINE('',#1806,#203);
#105=LINE('',#1808,#204);
#106=LINE('',#1810,#205);
#107=LINE('',#1814,#206);
#108=LINE('',#1822,#207);
#109=LINE('',#1826,#208);
#110=LINE('',#1828,#209);
#111=LINE('',#1831,#210);
#112=LINE('',#1833,#211);
#113=LINE('',#1835,#212);
#114=LINE('',#1836,#213);
#115=LINE('',#1838,#214);
#116=LINE('',#1840,#215);
#117=LINE('',#1842,#216);
#118=LINE('',#1844,#217);
#119=LINE('',#1846,#218);
#120=LINE('',#1848,#219);
#121=LINE('',#1849,#220);
#122=LINE('',#1858,#221);
#123=LINE('',#1862,#222);
#124=LINE('',#1866,#223);
#125=LINE('',#1870,#224);
#126=LINE('',#1878,#225);
#127=LINE('',#1882,#226);
#128=LINE('',#1890,#227);
#129=LINE('',#1898,#228);
#130=LINE('',#1904,#229);
#131=LINE('',#1907,#230);
#132=LINE('',#1909,#231);
#133=LINE('',#1911,#232);
#134=LINE('',#1932,#233);
#135=LINE('',#1934,#234);
#136=LINE('',#1937,#235);
#137=LINE('',#1939,#236);
#138=LINE('',#1941,#237);
#139=LINE('',#1945,#238);
#140=LINE('',#1947,#239);
#141=LINE('',#1949,#240);
#142=LINE('',#1951,#241);
#143=LINE('',#1962,#242);
#144=LINE('',#1964,#243);
#145=LINE('',#1966,#244);
#146=LINE('',#1968,#245);
#147=LINE('',#1975,#246);
#148=LINE('',#1976,#247);
#149=LINE('',#2007,#248);
#150=LINE('',#2009,#249);
#151=LINE('',#2011,#250);
#152=LINE('',#2013,#251);
#153=LINE('',#2024,#252);
#154=LINE('',#2026,#253);
#155=LINE('',#2028,#254);
#156=LINE('',#2030,#255);
#157=LINE('',#2034,#256);
#158=LINE('',#2035,#257);
#159=LINE('',#2063,#258);
#160=LINE('',#2065,#259);
#161=LINE('',#2067,#260);
#162=LINE('',#2074,#261);
#163=LINE('',#2075,#262);
#164=LINE('',#2082,#263);
#165=LINE('',#2084,#264);
#166=LINE('',#2086,#265);
#167=LINE('',#2088,#266);
#168=LINE('',#2090,#267);
#169=LINE('',#2092,#268);
#170=LINE('',#2131,#269);
#171=LINE('',#2132,#270);
#172=LINE('',#2139,#271);
#173=LINE('',#2141,#272);
#174=LINE('',#2143,#273);
#175=LINE('',#2145,#274);
#176=LINE('',#2147,#275);
#177=LINE('',#2149,#276);
#178=LINE('',#2151,#277);
#179=LINE('',#2156,#278);
#180=LINE('',#2182,#279);
#181=LINE('',#2184,#280);
#182=LINE('',#2186,#281);
#183=LINE('',#2188,#282);
#184=LINE('',#2199,#283);
#185=LINE('',#2201,#284);
#186=LINE('',#2203,#285);
#187=LINE('',#2205,#286);
#188=LINE('',#2207,#287);
#189=LINE('',#2209,#288);
#190=LINE('',#2211,#289);
#191=VECTOR('',#1414,1.);
#192=VECTOR('',#1417,1.);
#193=VECTOR('',#1422,1.);
#194=VECTOR('',#1425,1.);
#195=VECTOR('',#1432,1.);
#196=VECTOR('',#1435,1.);
#197=VECTOR('',#1442,1.);
#198=VECTOR('',#1445,1.);
#199=VECTOR('',#1454,1.);
#200=VECTOR('',#1457,1.);
#201=VECTOR('',#1460,1.);
#202=VECTOR('',#1463,1.);
#203=VECTOR('',#1464,1.);
#204=VECTOR('',#1465,1.);
#205=VECTOR('',#1466,1.);
#206=VECTOR('',#1469,1.);
#207=VECTOR('',#1476,1.);
#208=VECTOR('',#1479,1.);
#209=VECTOR('',#1482,1.);
#210=VECTOR('',#1483,1.);
#211=VECTOR('',#1484,1.);
#212=VECTOR('',#1485,1.);
#213=VECTOR('',#1486,1.);
#214=VECTOR('',#1489,1.);
#215=VECTOR('',#1490,1.);
#216=VECTOR('',#1491,1.);
#217=VECTOR('',#1494,1.);
#218=VECTOR('',#1495,1.);
#219=VECTOR('',#1496,1.);
#220=VECTOR('',#1497,1.);
#221=VECTOR('',#1506,1.);
#222=VECTOR('',#1509,1.);
#223=VECTOR('',#1512,1.);
#224=VECTOR('',#1515,1.);
#225=VECTOR('',#1522,1.);
#226=VECTOR('',#1525,1.);
#227=VECTOR('',#1532,1.);
#228=VECTOR('',#1539,1.);
#229=VECTOR('',#1546,1.);
#230=VECTOR('',#1547,1.);
#231=VECTOR('',#1548,1.);
#232=VECTOR('',#1549,1.);
#233=VECTOR('',#1554,1.);
#234=VECTOR('',#1557,1.);
#235=VECTOR('',#1558,1.);
#236=VECTOR('',#1559,1.);
#237=VECTOR('',#1560,1.);
#238=VECTOR('',#1567,1.);
#239=VECTOR('',#1568,1.);
#240=VECTOR('',#1569,1.);
#241=VECTOR('',#1572,1.);
#242=VECTOR('',#1573,1.);
#243=VECTOR('',#1576,1.);
#244=VECTOR('',#1577,1.);
#245=VECTOR('',#1578,1.);
#246=VECTOR('',#1581,1.);
#247=VECTOR('',#1582,1.);
#248=VECTOR('',#1593,1.);
#249=VECTOR('',#1594,1.);
#250=VECTOR('',#1595,1.);
#251=VECTOR('',#1598,1.);
#252=VECTOR('',#1599,1.);
#253=VECTOR('',#1602,1.);
#254=VECTOR('',#1603,1.);
#255=VECTOR('',#1604,1.);
#256=VECTOR('',#1609,1.);
#257=VECTOR('',#1610,1.);
#258=VECTOR('',#1623,1.);
#259=VECTOR('',#1624,1.);
#260=VECTOR('',#1625,1.);
#261=VECTOR('',#1628,1.);
#262=VECTOR('',#1629,1.);
#263=VECTOR('',#1632,1.);
#264=VECTOR('',#1633,1.);
#265=VECTOR('',#1634,1.);
#266=VECTOR('',#1637,1.);
#267=VECTOR('',#1638,1.);
#268=VECTOR('',#1639,1.);
#269=VECTOR('',#1650,1.);
#270=VECTOR('',#1651,1.);
#271=VECTOR('',#1654,1.);
#272=VECTOR('',#1655,1.);
#273=VECTOR('',#1656,1.);
#274=VECTOR('',#1659,1.);
#275=VECTOR('',#1660,1.);
#276=VECTOR('',#1661,1.);
#277=VECTOR('',#1664,1.);
#278=VECTOR('',#1669,1.);
#279=VECTOR('',#1680,1.);
#280=VECTOR('',#1681,1.);
#281=VECTOR('',#1682,1.);
#282=VECTOR('',#1685,1.);
#283=VECTOR('',#1686,1.);
#284=VECTOR('',#1689,1.);
#285=VECTOR('',#1690,1.);
#286=VECTOR('',#1691,1.);
#287=VECTOR('',#1694,1.);
#288=VECTOR('',#1695,1.);
#289=VECTOR('',#1696,1.);
#290=ORIENTED_EDGE('',*,*,#670,.F.);
#291=ORIENTED_EDGE('',*,*,#671,.T.);
#292=ORIENTED_EDGE('',*,*,#672,.F.);
#293=ORIENTED_EDGE('',*,*,#673,.T.);
#294=ORIENTED_EDGE('',*,*,#674,.F.);
#295=ORIENTED_EDGE('',*,*,#675,.T.);
#296=ORIENTED_EDGE('',*,*,#676,.F.);
#297=ORIENTED_EDGE('',*,*,#677,.T.);
#298=ORIENTED_EDGE('',*,*,#678,.F.);
#299=ORIENTED_EDGE('',*,*,#679,.T.);
#300=ORIENTED_EDGE('',*,*,#680,.T.);
#301=ORIENTED_EDGE('',*,*,#681,.T.);
#302=ORIENTED_EDGE('',*,*,#682,.T.);
#303=ORIENTED_EDGE('',*,*,#683,.F.);
#304=ORIENTED_EDGE('',*,*,#684,.T.);
#305=ORIENTED_EDGE('',*,*,#685,.T.);
#306=ORIENTED_EDGE('',*,*,#686,.T.);
#307=ORIENTED_EDGE('',*,*,#687,.T.);
#308=ORIENTED_EDGE('',*,*,#688,.F.);
#309=ORIENTED_EDGE('',*,*,#689,.F.);
#310=ORIENTED_EDGE('',*,*,#690,.F.);
#311=ORIENTED_EDGE('',*,*,#691,.F.);
#312=ORIENTED_EDGE('',*,*,#692,.F.);
#313=ORIENTED_EDGE('',*,*,#693,.F.);
#314=ORIENTED_EDGE('',*,*,#694,.F.);
#315=ORIENTED_EDGE('',*,*,#695,.T.);
#316=ORIENTED_EDGE('',*,*,#696,.T.);
#317=ORIENTED_EDGE('',*,*,#697,.F.);
#318=ORIENTED_EDGE('',*,*,#698,.T.);
#319=ORIENTED_EDGE('',*,*,#699,.T.);
#320=ORIENTED_EDGE('',*,*,#700,.F.);
#321=ORIENTED_EDGE('',*,*,#701,.F.);
#322=ORIENTED_EDGE('',*,*,#702,.F.);
#323=ORIENTED_EDGE('',*,*,#703,.F.);
#324=ORIENTED_EDGE('',*,*,#704,.F.);
#325=ORIENTED_EDGE('',*,*,#705,.F.);
#326=ORIENTED_EDGE('',*,*,#706,.T.);
#327=ORIENTED_EDGE('',*,*,#707,.F.);
#328=ORIENTED_EDGE('',*,*,#708,.T.);
#329=ORIENTED_EDGE('',*,*,#709,.T.);
#330=ORIENTED_EDGE('',*,*,#710,.T.);
#331=ORIENTED_EDGE('',*,*,#711,.F.);
#332=ORIENTED_EDGE('',*,*,#712,.F.);
#333=ORIENTED_EDGE('',*,*,#697,.T.);
#334=ORIENTED_EDGE('',*,*,#713,.F.);
#335=ORIENTED_EDGE('',*,*,#711,.T.);
#336=ORIENTED_EDGE('',*,*,#714,.T.);
#337=ORIENTED_EDGE('',*,*,#715,.F.);
#338=ORIENTED_EDGE('',*,*,#716,.F.);
#339=ORIENTED_EDGE('',*,*,#715,.T.);
#340=ORIENTED_EDGE('',*,*,#717,.T.);
#341=ORIENTED_EDGE('',*,*,#718,.T.);
#342=ORIENTED_EDGE('',*,*,#719,.T.);
#343=ORIENTED_EDGE('',*,*,#699,.F.);
#344=ORIENTED_EDGE('',*,*,#720,.T.);
#345=ORIENTED_EDGE('',*,*,#721,.F.);
#346=ORIENTED_EDGE('',*,*,#722,.F.);
#347=ORIENTED_EDGE('',*,*,#723,.F.);
#348=ORIENTED_EDGE('',*,*,#724,.T.);
#349=ORIENTED_EDGE('',*,*,#725,.F.);
#350=ORIENTED_EDGE('',*,*,#726,.F.);
#351=ORIENTED_EDGE('',*,*,#727,.F.);
#352=ORIENTED_EDGE('',*,*,#728,.F.);
#353=ORIENTED_EDGE('',*,*,#729,.F.);
#354=ORIENTED_EDGE('',*,*,#730,.T.);
#355=ORIENTED_EDGE('',*,*,#731,.F.);
#356=ORIENTED_EDGE('',*,*,#732,.F.);
#357=ORIENTED_EDGE('',*,*,#733,.F.);
#358=ORIENTED_EDGE('',*,*,#734,.F.);
#359=ORIENTED_EDGE('',*,*,#735,.F.);
#360=ORIENTED_EDGE('',*,*,#736,.T.);
#361=ORIENTED_EDGE('',*,*,#737,.F.);
#362=ORIENTED_EDGE('',*,*,#738,.F.);
#363=ORIENTED_EDGE('',*,*,#739,.F.);
#364=ORIENTED_EDGE('',*,*,#740,.T.);
#365=ORIENTED_EDGE('',*,*,#741,.F.);
#366=ORIENTED_EDGE('',*,*,#742,.F.);
#367=ORIENTED_EDGE('',*,*,#743,.F.);
#368=ORIENTED_EDGE('',*,*,#744,.F.);
#369=ORIENTED_EDGE('',*,*,#745,.T.);
#370=ORIENTED_EDGE('',*,*,#746,.T.);
#371=ORIENTED_EDGE('',*,*,#698,.F.);
#372=ORIENTED_EDGE('',*,*,#712,.T.);
#373=ORIENTED_EDGE('',*,*,#716,.T.);
#374=ORIENTED_EDGE('',*,*,#720,.F.);
#375=ORIENTED_EDGE('',*,*,#747,.T.);
#376=ORIENTED_EDGE('',*,*,#748,.T.);
#377=ORIENTED_EDGE('',*,*,#749,.F.);
#378=ORIENTED_EDGE('',*,*,#750,.T.);
#379=ORIENTED_EDGE('',*,*,#672,.T.);
#380=ORIENTED_EDGE('',*,*,#751,.T.);
#381=ORIENTED_EDGE('',*,*,#674,.T.);
#382=ORIENTED_EDGE('',*,*,#752,.T.);
#383=ORIENTED_EDGE('',*,*,#696,.F.);
#384=ORIENTED_EDGE('',*,*,#719,.F.);
#385=ORIENTED_EDGE('',*,*,#753,.T.);
#386=ORIENTED_EDGE('',*,*,#713,.T.);
#387=ORIENTED_EDGE('',*,*,#700,.T.);
#388=ORIENTED_EDGE('',*,*,#754,.F.);
#389=ORIENTED_EDGE('',*,*,#755,.T.);
#390=ORIENTED_EDGE('',*,*,#756,.T.);
#391=ORIENTED_EDGE('',*,*,#757,.T.);
#392=ORIENTED_EDGE('',*,*,#746,.F.);
#393=ORIENTED_EDGE('',*,*,#678,.T.);
#394=ORIENTED_EDGE('',*,*,#745,.F.);
#395=ORIENTED_EDGE('',*,*,#683,.T.);
#396=ORIENTED_EDGE('',*,*,#758,.F.);
#397=ORIENTED_EDGE('',*,*,#759,.T.);
#398=ORIENTED_EDGE('',*,*,#760,.F.);
#399=ORIENTED_EDGE('',*,*,#740,.F.);
#400=ORIENTED_EDGE('',*,*,#761,.F.);
#401=ORIENTED_EDGE('',*,*,#762,.T.);
#402=ORIENTED_EDGE('',*,*,#684,.F.);
#403=ORIENTED_EDGE('',*,*,#763,.T.);
#404=ORIENTED_EDGE('',*,*,#764,.F.);
#405=ORIENTED_EDGE('',*,*,#742,.T.);
#406=ORIENTED_EDGE('',*,*,#765,.F.);
#407=ORIENTED_EDGE('',*,*,#766,.T.);
#408=ORIENTED_EDGE('',*,*,#767,.F.);
#409=ORIENTED_EDGE('',*,*,#744,.T.);
#410=ORIENTED_EDGE('',*,*,#681,.F.);
#411=ORIENTED_EDGE('',*,*,#768,.T.);
#412=ORIENTED_EDGE('',*,*,#769,.F.);
#413=ORIENTED_EDGE('',*,*,#738,.T.);
#414=ORIENTED_EDGE('',*,*,#770,.F.);
#415=ORIENTED_EDGE('',*,*,#771,.T.);
#416=ORIENTED_EDGE('',*,*,#769,.T.);
#417=ORIENTED_EDGE('',*,*,#772,.T.);
#418=ORIENTED_EDGE('',*,*,#758,.T.);
#419=ORIENTED_EDGE('',*,*,#739,.T.);
#420=ORIENTED_EDGE('',*,*,#760,.T.);
#421=ORIENTED_EDGE('',*,*,#773,.T.);
#422=ORIENTED_EDGE('',*,*,#761,.T.);
#423=ORIENTED_EDGE('',*,*,#741,.T.);
#424=ORIENTED_EDGE('',*,*,#767,.T.);
#425=ORIENTED_EDGE('',*,*,#774,.T.);
#426=ORIENTED_EDGE('',*,*,#770,.T.);
#427=ORIENTED_EDGE('',*,*,#737,.T.);
#428=ORIENTED_EDGE('',*,*,#764,.T.);
#429=ORIENTED_EDGE('',*,*,#775,.T.);
#430=ORIENTED_EDGE('',*,*,#765,.T.);
#431=ORIENTED_EDGE('',*,*,#743,.T.);
#432=ORIENTED_EDGE('',*,*,#776,.F.);
#433=ORIENTED_EDGE('',*,*,#777,.T.);
#434=ORIENTED_EDGE('',*,*,#778,.F.);
#435=ORIENTED_EDGE('',*,*,#730,.F.);
#436=ORIENTED_EDGE('',*,*,#779,.F.);
#437=ORIENTED_EDGE('',*,*,#780,.T.);
#438=ORIENTED_EDGE('',*,*,#679,.F.);
#439=ORIENTED_EDGE('',*,*,#781,.T.);
#440=ORIENTED_EDGE('',*,*,#782,.F.);
#441=ORIENTED_EDGE('',*,*,#732,.T.);
#442=ORIENTED_EDGE('',*,*,#783,.F.);
#443=ORIENTED_EDGE('',*,*,#784,.T.);
#444=ORIENTED_EDGE('',*,*,#785,.F.);
#445=ORIENTED_EDGE('',*,*,#734,.T.);
#446=ORIENTED_EDGE('',*,*,#749,.T.);
#447=ORIENTED_EDGE('',*,*,#786,.T.);
#448=ORIENTED_EDGE('',*,*,#787,.F.);
#449=ORIENTED_EDGE('',*,*,#736,.F.);
#450=ORIENTED_EDGE('',*,*,#788,.F.);
#451=ORIENTED_EDGE('',*,*,#789,.T.);
#452=ORIENTED_EDGE('',*,*,#778,.T.);
#453=ORIENTED_EDGE('',*,*,#790,.T.);
#454=ORIENTED_EDGE('',*,*,#779,.T.);
#455=ORIENTED_EDGE('',*,*,#731,.T.);
#456=ORIENTED_EDGE('',*,*,#782,.T.);
#457=ORIENTED_EDGE('',*,*,#791,.T.);
#458=ORIENTED_EDGE('',*,*,#783,.T.);
#459=ORIENTED_EDGE('',*,*,#733,.T.);
#460=ORIENTED_EDGE('',*,*,#787,.T.);
#461=ORIENTED_EDGE('',*,*,#792,.T.);
#462=ORIENTED_EDGE('',*,*,#776,.T.);
#463=ORIENTED_EDGE('',*,*,#729,.T.);
#464=ORIENTED_EDGE('',*,*,#785,.T.);
#465=ORIENTED_EDGE('',*,*,#793,.T.);
#466=ORIENTED_EDGE('',*,*,#788,.T.);
#467=ORIENTED_EDGE('',*,*,#735,.T.);
#468=ORIENTED_EDGE('',*,*,#794,.F.);
#469=ORIENTED_EDGE('',*,*,#795,.T.);
#470=ORIENTED_EDGE('',*,*,#796,.F.);
#471=ORIENTED_EDGE('',*,*,#724,.F.);
#472=ORIENTED_EDGE('',*,*,#686,.F.);
#473=ORIENTED_EDGE('',*,*,#797,.T.);
#474=ORIENTED_EDGE('',*,*,#798,.F.);
#475=ORIENTED_EDGE('',*,*,#722,.T.);
#476=ORIENTED_EDGE('',*,*,#799,.F.);
#477=ORIENTED_EDGE('',*,*,#800,.T.);
#478=ORIENTED_EDGE('',*,*,#801,.F.);
#479=ORIENTED_EDGE('',*,*,#802,.T.);
#480=ORIENTED_EDGE('',*,*,#803,.F.);
#481=ORIENTED_EDGE('',*,*,#726,.T.);
#482=ORIENTED_EDGE('',*,*,#804,.F.);
#483=ORIENTED_EDGE('',*,*,#805,.T.);
#484=ORIENTED_EDGE('',*,*,#806,.F.);
#485=ORIENTED_EDGE('',*,*,#728,.T.);
#486=ORIENTED_EDGE('',*,*,#798,.T.);
#487=ORIENTED_EDGE('',*,*,#807,.T.);
#488=ORIENTED_EDGE('',*,*,#794,.T.);
#489=ORIENTED_EDGE('',*,*,#723,.T.);
#490=ORIENTED_EDGE('',*,*,#806,.T.);
#491=ORIENTED_EDGE('',*,*,#808,.T.);
#492=ORIENTED_EDGE('',*,*,#799,.T.);
#493=ORIENTED_EDGE('',*,*,#721,.T.);
#494=ORIENTED_EDGE('',*,*,#796,.T.);
#495=ORIENTED_EDGE('',*,*,#809,.T.);
#496=ORIENTED_EDGE('',*,*,#810,.T.);
#497=ORIENTED_EDGE('',*,*,#801,.T.);
#498=ORIENTED_EDGE('',*,*,#725,.T.);
#499=ORIENTED_EDGE('',*,*,#811,.T.);
#500=ORIENTED_EDGE('',*,*,#812,.T.);
#501=ORIENTED_EDGE('',*,*,#804,.T.);
#502=ORIENTED_EDGE('',*,*,#727,.T.);
#503=ORIENTED_EDGE('',*,*,#803,.T.);
#504=ORIENTED_EDGE('',*,*,#676,.T.);
#505=ORIENTED_EDGE('',*,*,#813,.T.);
#506=ORIENTED_EDGE('',*,*,#814,.F.);
#507=ORIENTED_EDGE('',*,*,#689,.T.);
#508=ORIENTED_EDGE('',*,*,#815,.F.);
#509=ORIENTED_EDGE('',*,*,#816,.T.);
#510=ORIENTED_EDGE('',*,*,#817,.F.);
#511=ORIENTED_EDGE('',*,*,#818,.T.);
#512=ORIENTED_EDGE('',*,*,#819,.F.);
#513=ORIENTED_EDGE('',*,*,#691,.T.);
#514=ORIENTED_EDGE('',*,*,#820,.F.);
#515=ORIENTED_EDGE('',*,*,#821,.T.);
#516=ORIENTED_EDGE('',*,*,#822,.F.);
#517=ORIENTED_EDGE('',*,*,#695,.F.);
#518=ORIENTED_EDGE('',*,*,#823,.F.);
#519=ORIENTED_EDGE('',*,*,#824,.T.);
#520=ORIENTED_EDGE('',*,*,#754,.T.);
#521=ORIENTED_EDGE('',*,*,#825,.T.);
#522=ORIENTED_EDGE('',*,*,#826,.F.);
#523=ORIENTED_EDGE('',*,*,#693,.T.);
#524=ORIENTED_EDGE('',*,*,#814,.T.);
#525=ORIENTED_EDGE('',*,*,#827,.T.);
#526=ORIENTED_EDGE('',*,*,#817,.T.);
#527=ORIENTED_EDGE('',*,*,#690,.T.);
#528=ORIENTED_EDGE('',*,*,#822,.T.);
#529=ORIENTED_EDGE('',*,*,#828,.T.);
#530=ORIENTED_EDGE('',*,*,#815,.T.);
#531=ORIENTED_EDGE('',*,*,#688,.T.);
#532=ORIENTED_EDGE('',*,*,#819,.T.);
#533=ORIENTED_EDGE('',*,*,#829,.T.);
#534=ORIENTED_EDGE('',*,*,#823,.T.);
#535=ORIENTED_EDGE('',*,*,#692,.T.);
#536=ORIENTED_EDGE('',*,*,#826,.T.);
#537=ORIENTED_EDGE('',*,*,#830,.T.);
#538=ORIENTED_EDGE('',*,*,#820,.T.);
#539=ORIENTED_EDGE('',*,*,#694,.T.);
#540=ORIENTED_EDGE('',*,*,#831,.F.);
#541=ORIENTED_EDGE('',*,*,#832,.T.);
#542=ORIENTED_EDGE('',*,*,#833,.F.);
#543=ORIENTED_EDGE('',*,*,#708,.F.);
#544=ORIENTED_EDGE('',*,*,#834,.F.);
#545=ORIENTED_EDGE('',*,*,#835,.T.);
#546=ORIENTED_EDGE('',*,*,#670,.T.);
#547=ORIENTED_EDGE('',*,*,#836,.T.);
#548=ORIENTED_EDGE('',*,*,#837,.F.);
#549=ORIENTED_EDGE('',*,*,#704,.T.);
#550=ORIENTED_EDGE('',*,*,#838,.F.);
#551=ORIENTED_EDGE('',*,*,#839,.T.);
#552=ORIENTED_EDGE('',*,*,#840,.F.);
#553=ORIENTED_EDGE('',*,*,#702,.T.);
#554=ORIENTED_EDGE('',*,*,#841,.F.);
#555=ORIENTED_EDGE('',*,*,#842,.T.);
#556=ORIENTED_EDGE('',*,*,#843,.F.);
#557=ORIENTED_EDGE('',*,*,#706,.F.);
#558=ORIENTED_EDGE('',*,*,#840,.T.);
#559=ORIENTED_EDGE('',*,*,#844,.T.);
#560=ORIENTED_EDGE('',*,*,#834,.T.);
#561=ORIENTED_EDGE('',*,*,#703,.T.);
#562=ORIENTED_EDGE('',*,*,#837,.T.);
#563=ORIENTED_EDGE('',*,*,#845,.T.);
#564=ORIENTED_EDGE('',*,*,#841,.T.);
#565=ORIENTED_EDGE('',*,*,#705,.T.);
#566=ORIENTED_EDGE('',*,*,#846,.T.);
#567=ORIENTED_EDGE('',*,*,#847,.T.);
#568=ORIENTED_EDGE('',*,*,#838,.T.);
#569=ORIENTED_EDGE('',*,*,#701,.T.);
#570=ORIENTED_EDGE('',*,*,#833,.T.);
#571=ORIENTED_EDGE('',*,*,#843,.T.);
#572=ORIENTED_EDGE('',*,*,#848,.T.);
#573=ORIENTED_EDGE('',*,*,#849,.T.);
#574=ORIENTED_EDGE('',*,*,#831,.T.);
#575=ORIENTED_EDGE('',*,*,#707,.T.);
#576=ORIENTED_EDGE('',*,*,#850,.F.);
#577=ORIENTED_EDGE('',*,*,#709,.F.);
#578=ORIENTED_EDGE('',*,*,#851,.F.);
#579=ORIENTED_EDGE('',*,*,#848,.F.);
#580=ORIENTED_EDGE('',*,*,#842,.F.);
#581=ORIENTED_EDGE('',*,*,#845,.F.);
#582=ORIENTED_EDGE('',*,*,#836,.F.);
#583=ORIENTED_EDGE('',*,*,#673,.F.);
#584=ORIENTED_EDGE('',*,*,#752,.F.);
#585=ORIENTED_EDGE('',*,*,#677,.F.);
#586=ORIENTED_EDGE('',*,*,#816,.F.);
#587=ORIENTED_EDGE('',*,*,#828,.F.);
#588=ORIENTED_EDGE('',*,*,#821,.F.);
#589=ORIENTED_EDGE('',*,*,#830,.F.);
#590=ORIENTED_EDGE('',*,*,#825,.F.);
#591=ORIENTED_EDGE('',*,*,#757,.F.);
#592=ORIENTED_EDGE('',*,*,#851,.T.);
#593=ORIENTED_EDGE('',*,*,#753,.F.);
#594=ORIENTED_EDGE('',*,*,#852,.F.);
#595=ORIENTED_EDGE('',*,*,#846,.F.);
#596=ORIENTED_EDGE('',*,*,#832,.F.);
#597=ORIENTED_EDGE('',*,*,#849,.F.);
#598=ORIENTED_EDGE('',*,*,#853,.F.);
#599=ORIENTED_EDGE('',*,*,#850,.T.);
#600=ORIENTED_EDGE('',*,*,#854,.F.);
#601=ORIENTED_EDGE('',*,*,#852,.T.);
#602=ORIENTED_EDGE('',*,*,#718,.F.);
#603=ORIENTED_EDGE('',*,*,#855,.F.);
#604=ORIENTED_EDGE('',*,*,#755,.F.);
#605=ORIENTED_EDGE('',*,*,#824,.F.);
#606=ORIENTED_EDGE('',*,*,#829,.F.);
#607=ORIENTED_EDGE('',*,*,#818,.F.);
#608=ORIENTED_EDGE('',*,*,#827,.F.);
#609=ORIENTED_EDGE('',*,*,#813,.F.);
#610=ORIENTED_EDGE('',*,*,#675,.F.);
#611=ORIENTED_EDGE('',*,*,#751,.F.);
#612=ORIENTED_EDGE('',*,*,#671,.F.);
#613=ORIENTED_EDGE('',*,*,#835,.F.);
#614=ORIENTED_EDGE('',*,*,#844,.F.);
#615=ORIENTED_EDGE('',*,*,#839,.F.);
#616=ORIENTED_EDGE('',*,*,#847,.F.);
#617=ORIENTED_EDGE('',*,*,#854,.T.);
#618=ORIENTED_EDGE('',*,*,#756,.F.);
#619=ORIENTED_EDGE('',*,*,#856,.F.);
#620=ORIENTED_EDGE('',*,*,#747,.F.);
#621=ORIENTED_EDGE('',*,*,#805,.F.);
#622=ORIENTED_EDGE('',*,*,#812,.F.);
#623=ORIENTED_EDGE('',*,*,#857,.F.);
#624=ORIENTED_EDGE('',*,*,#710,.F.);
#625=ORIENTED_EDGE('',*,*,#853,.T.);
#626=ORIENTED_EDGE('',*,*,#750,.F.);
#627=ORIENTED_EDGE('',*,*,#789,.F.);
#628=ORIENTED_EDGE('',*,*,#793,.F.);
#629=ORIENTED_EDGE('',*,*,#784,.F.);
#630=ORIENTED_EDGE('',*,*,#791,.F.);
#631=ORIENTED_EDGE('',*,*,#781,.F.);
#632=ORIENTED_EDGE('',*,*,#682,.F.);
#633=ORIENTED_EDGE('',*,*,#771,.F.);
#634=ORIENTED_EDGE('',*,*,#774,.F.);
#635=ORIENTED_EDGE('',*,*,#766,.F.);
#636=ORIENTED_EDGE('',*,*,#775,.F.);
#637=ORIENTED_EDGE('',*,*,#763,.F.);
#638=ORIENTED_EDGE('',*,*,#687,.F.);
#639=ORIENTED_EDGE('',*,*,#800,.F.);
#640=ORIENTED_EDGE('',*,*,#808,.F.);
#641=ORIENTED_EDGE('',*,*,#856,.T.);
#642=ORIENTED_EDGE('',*,*,#855,.T.);
#643=ORIENTED_EDGE('',*,*,#858,.F.);
#644=ORIENTED_EDGE('',*,*,#802,.F.);
#645=ORIENTED_EDGE('',*,*,#810,.F.);
#646=ORIENTED_EDGE('',*,*,#859,.F.);
#647=ORIENTED_EDGE('',*,*,#714,.F.);
#648=ORIENTED_EDGE('',*,*,#857,.T.);
#649=ORIENTED_EDGE('',*,*,#811,.F.);
#650=ORIENTED_EDGE('',*,*,#858,.T.);
#651=ORIENTED_EDGE('',*,*,#717,.F.);
#652=ORIENTED_EDGE('',*,*,#859,.T.);
#653=ORIENTED_EDGE('',*,*,#809,.F.);
#654=ORIENTED_EDGE('',*,*,#795,.F.);
#655=ORIENTED_EDGE('',*,*,#807,.F.);
#656=ORIENTED_EDGE('',*,*,#797,.F.);
#657=ORIENTED_EDGE('',*,*,#685,.F.);
#658=ORIENTED_EDGE('',*,*,#762,.F.);
#659=ORIENTED_EDGE('',*,*,#773,.F.);
#660=ORIENTED_EDGE('',*,*,#759,.F.);
#661=ORIENTED_EDGE('',*,*,#772,.F.);
#662=ORIENTED_EDGE('',*,*,#768,.F.);
#663=ORIENTED_EDGE('',*,*,#680,.F.);
#664=ORIENTED_EDGE('',*,*,#780,.F.);
#665=ORIENTED_EDGE('',*,*,#790,.F.);
#666=ORIENTED_EDGE('',*,*,#777,.F.);
#667=ORIENTED_EDGE('',*,*,#792,.F.);
#668=ORIENTED_EDGE('',*,*,#786,.F.);
#669=ORIENTED_EDGE('',*,*,#748,.F.);
#670=EDGE_CURVE('',#860,#861,#985,.F.);
#671=EDGE_CURVE('',#860,#862,#92,.F.);
#672=EDGE_CURVE('',#863,#862,#986,.T.);
#673=EDGE_CURVE('',#863,#861,#93,.T.);
#674=EDGE_CURVE('',#864,#865,#987,.T.);
#675=EDGE_CURVE('',#864,#866,#94,.F.);
#676=EDGE_CURVE('',#867,#866,#988,.F.);
#677=EDGE_CURVE('',#867,#865,#95,.T.);
#678=EDGE_CURVE('',#868,#868,#989,.F.);
#679=EDGE_CURVE('',#869,#870,#990,.F.);
#680=EDGE_CURVE('',#870,#871,#96,.T.);
#681=EDGE_CURVE('',#871,#872,#991,.F.);
#682=EDGE_CURVE('',#872,#869,#97,.F.);
#683=EDGE_CURVE('',#873,#873,#992,.F.);
#684=EDGE_CURVE('',#874,#875,#993,.F.);
#685=EDGE_CURVE('',#875,#876,#98,.T.);
#686=EDGE_CURVE('',#876,#877,#994,.F.);
#687=EDGE_CURVE('',#877,#874,#99,.F.);
#688=EDGE_CURVE('',#878,#879,#995,.F.);
#689=EDGE_CURVE('',#880,#878,#996,.T.);
#690=EDGE_CURVE('',#881,#880,#997,.F.);
#691=EDGE_CURVE('',#882,#881,#100,.T.);
#692=EDGE_CURVE('',#883,#882,#998,.F.);
#693=EDGE_CURVE('',#884,#883,#101,.T.);
#694=EDGE_CURVE('',#885,#884,#999,.F.);
#695=EDGE_CURVE('',#885,#879,#102,.T.);
#696=EDGE_CURVE('',#886,#886,#1000,.T.);
#697=EDGE_CURVE('',#887,#888,#103,.T.);
#698=EDGE_CURVE('',#887,#889,#104,.T.);
#699=EDGE_CURVE('',#889,#890,#105,.T.);
#700=EDGE_CURVE('',#888,#890,#106,.T.);
#701=EDGE_CURVE('',#891,#892,#1001,.F.);
#702=EDGE_CURVE('',#893,#891,#107,.T.);
#703=EDGE_CURVE('',#894,#893,#1002,.F.);
#704=EDGE_CURVE('',#895,#894,#1003,.T.);
#705=EDGE_CURVE('',#896,#895,#1004,.F.);
#706=EDGE_CURVE('',#896,#897,#108,.T.);
#707=EDGE_CURVE('',#898,#897,#1005,.F.);
#708=EDGE_CURVE('',#898,#892,#109,.T.);
#709=EDGE_CURVE('',#899,#900,#110,.F.);
#710=EDGE_CURVE('',#900,#901,#111,.T.);
#711=EDGE_CURVE('',#902,#901,#112,.T.);
#712=EDGE_CURVE('',#887,#902,#113,.T.);
#713=EDGE_CURVE('',#899,#888,#114,.T.);
#714=EDGE_CURVE('',#901,#903,#115,.T.);
#715=EDGE_CURVE('',#904,#903,#116,.T.);
#716=EDGE_CURVE('',#902,#904,#117,.T.);
#717=EDGE_CURVE('',#903,#905,#118,.F.);
#718=EDGE_CURVE('',#905,#906,#119,.T.);
#719=EDGE_CURVE('',#906,#890,#120,.T.);
#720=EDGE_CURVE('',#889,#904,#121,.T.);
#721=EDGE_CURVE('',#907,#908,#1006,.T.);
#722=EDGE_CURVE('',#909,#907,#1007,.F.);
#723=EDGE_CURVE('',#910,#909,#1008,.T.);
#724=EDGE_CURVE('',#910,#911,#122,.T.);
#725=EDGE_CURVE('',#912,#911,#1009,.T.);
#726=EDGE_CURVE('',#913,#912,#123,.T.);
#727=EDGE_CURVE('',#914,#913,#1010,.T.);
#728=EDGE_CURVE('',#908,#914,#124,.T.);
#729=EDGE_CURVE('',#915,#916,#1011,.T.);
#730=EDGE_CURVE('',#915,#917,#125,.T.);
#731=EDGE_CURVE('',#918,#917,#1012,.T.);
#732=EDGE_CURVE('',#919,#918,#1013,.F.);
#733=EDGE_CURVE('',#920,#919,#1014,.T.);
#734=EDGE_CURVE('',#921,#920,#126,.T.);
#735=EDGE_CURVE('',#922,#921,#1015,.T.);
#736=EDGE_CURVE('',#922,#916,#127,.T.);
#737=EDGE_CURVE('',#923,#924,#1016,.T.);
#738=EDGE_CURVE('',#925,#923,#1017,.F.);
#739=EDGE_CURVE('',#926,#925,#1018,.T.);
#740=EDGE_CURVE('',#926,#927,#128,.T.);
#741=EDGE_CURVE('',#928,#927,#1019,.T.);
#742=EDGE_CURVE('',#929,#928,#1020,.F.);
#743=EDGE_CURVE('',#930,#929,#1021,.T.);
#744=EDGE_CURVE('',#924,#930,#129,.T.);
#745=EDGE_CURVE('',#931,#931,#1022,.T.);
#746=EDGE_CURVE('',#932,#932,#1023,.T.);
#747=EDGE_CURVE('',#933,#934,#130,.T.);
#748=EDGE_CURVE('',#934,#935,#131,.T.);
#749=EDGE_CURVE('',#936,#935,#132,.T.);
#750=EDGE_CURVE('',#936,#933,#133,.F.);
#751=EDGE_CURVE('',#862,#864,#18,.T.);
#752=EDGE_CURVE('',#865,#863,#19,.T.);
#753=EDGE_CURVE('',#906,#899,#134,.F.);
#754=EDGE_CURVE('',#937,#938,#135,.T.);
#755=EDGE_CURVE('',#937,#939,#136,.F.);
#756=EDGE_CURVE('',#939,#940,#137,.F.);
#757=EDGE_CURVE('',#940,#938,#138,.T.);
#758=EDGE_CURVE('',#941,#926,#139,.F.);
#759=EDGE_CURVE('',#941,#942,#140,.F.);
#760=EDGE_CURVE('',#927,#942,#141,.T.);
#761=EDGE_CURVE('',#943,#928,#142,.T.);
#762=EDGE_CURVE('',#943,#875,#20,.T.);
#763=EDGE_CURVE('',#874,#944,#21,.T.);
#764=EDGE_CURVE('',#929,#944,#143,.F.);
#765=EDGE_CURVE('',#945,#930,#144,.T.);
#766=EDGE_CURVE('',#945,#946,#145,.F.);
#767=EDGE_CURVE('',#924,#946,#146,.F.);
#768=EDGE_CURVE('',#871,#947,#22,.T.);
#769=EDGE_CURVE('',#925,#947,#147,.F.);
#770=EDGE_CURVE('',#948,#923,#148,.T.);
#771=EDGE_CURVE('',#948,#872,#23,.T.);
#772=EDGE_CURVE('',#947,#941,#24,.T.);
#773=EDGE_CURVE('',#942,#943,#25,.T.);
#774=EDGE_CURVE('',#946,#948,#26,.T.);
#775=EDGE_CURVE('',#944,#945,#27,.T.);
#776=EDGE_CURVE('',#949,#915,#149,.F.);
#777=EDGE_CURVE('',#949,#950,#150,.F.);
#778=EDGE_CURVE('',#917,#950,#151,.T.);
#779=EDGE_CURVE('',#951,#918,#152,.T.);
#780=EDGE_CURVE('',#951,#870,#28,.T.);
#781=EDGE_CURVE('',#869,#952,#29,.T.);
#782=EDGE_CURVE('',#919,#952,#153,.F.);
#783=EDGE_CURVE('',#953,#920,#154,.T.);
#784=EDGE_CURVE('',#953,#954,#155,.F.);
#785=EDGE_CURVE('',#921,#954,#156,.T.);
#786=EDGE_CURVE('',#935,#955,#1024,.T.);
#787=EDGE_CURVE('',#916,#955,#157,.T.);
#788=EDGE_CURVE('',#956,#922,#158,.F.);
#789=EDGE_CURVE('',#956,#936,#1025,.T.);
#790=EDGE_CURVE('',#950,#951,#30,.T.);
#791=EDGE_CURVE('',#952,#953,#31,.T.);
#792=EDGE_CURVE('',#955,#949,#32,.T.);
#793=EDGE_CURVE('',#954,#956,#33,.T.);
#794=EDGE_CURVE('',#957,#910,#159,.F.);
#795=EDGE_CURVE('',#957,#958,#160,.F.);
#796=EDGE_CURVE('',#911,#958,#161,.T.);
#797=EDGE_CURVE('',#876,#959,#34,.T.);
#798=EDGE_CURVE('',#909,#959,#162,.F.);
#799=EDGE_CURVE('',#960,#907,#163,.T.);
#800=EDGE_CURVE('',#960,#877,#35,.T.);
#801=EDGE_CURVE('',#961,#912,#164,.F.);
#802=EDGE_CURVE('',#961,#962,#165,.F.);
#803=EDGE_CURVE('',#913,#962,#166,.T.);
#804=EDGE_CURVE('',#963,#914,#167,.F.);
#805=EDGE_CURVE('',#963,#964,#168,.F.);
#806=EDGE_CURVE('',#908,#964,#169,.F.);
#807=EDGE_CURVE('',#959,#957,#36,.T.);
#808=EDGE_CURVE('',#964,#960,#37,.T.);
#809=EDGE_CURVE('',#958,#965,#38,.T.);
#810=EDGE_CURVE('',#965,#961,#39,.T.);
#811=EDGE_CURVE('',#962,#966,#40,.T.);
#812=EDGE_CURVE('',#966,#963,#41,.T.);
#813=EDGE_CURVE('',#866,#967,#42,.T.);
#814=EDGE_CURVE('',#880,#967,#170,.F.);
#815=EDGE_CURVE('',#968,#878,#171,.T.);
#816=EDGE_CURVE('',#968,#867,#43,.T.);
#817=EDGE_CURVE('',#969,#881,#172,.T.);
#818=EDGE_CURVE('',#969,#970,#173,.F.);
#819=EDGE_CURVE('',#882,#970,#174,.T.);
#820=EDGE_CURVE('',#971,#885,#175,.F.);
#821=EDGE_CURVE('',#971,#972,#176,.F.);
#822=EDGE_CURVE('',#879,#972,#177,.T.);
#823=EDGE_CURVE('',#973,#883,#178,.F.);
#824=EDGE_CURVE('',#973,#937,#1026,.F.);
#825=EDGE_CURVE('',#938,#974,#1027,.F.);
#826=EDGE_CURVE('',#884,#974,#179,.T.);
#827=EDGE_CURVE('',#967,#969,#44,.T.);
#828=EDGE_CURVE('',#972,#968,#45,.T.);
#829=EDGE_CURVE('',#970,#973,#46,.T.);
#830=EDGE_CURVE('',#974,#971,#47,.T.);
#831=EDGE_CURVE('',#975,#898,#180,.F.);
#832=EDGE_CURVE('',#975,#976,#181,.F.);
#833=EDGE_CURVE('',#892,#976,#182,.T.);
#834=EDGE_CURVE('',#977,#894,#183,.T.);
#835=EDGE_CURVE('',#977,#860,#48,.T.);
#836=EDGE_CURVE('',#861,#978,#49,.T.);
#837=EDGE_CURVE('',#895,#978,#184,.F.);
#838=EDGE_CURVE('',#979,#891,#185,.F.);
#839=EDGE_CURVE('',#979,#980,#186,.F.);
#840=EDGE_CURVE('',#893,#980,#187,.F.);
#841=EDGE_CURVE('',#981,#896,#188,.F.);
#842=EDGE_CURVE('',#981,#982,#189,.F.);
#843=EDGE_CURVE('',#897,#982,#190,.T.);
#844=EDGE_CURVE('',#980,#977,#50,.T.);
#845=EDGE_CURVE('',#978,#981,#51,.T.);
#846=EDGE_CURVE('',#976,#983,#52,.T.);
#847=EDGE_CURVE('',#983,#979,#53,.T.);
#848=EDGE_CURVE('',#982,#984,#54,.T.);
#849=EDGE_CURVE('',#984,#975,#55,.T.);
#850=EDGE_CURVE('',#900,#940,#1028,.T.);
#851=EDGE_CURVE('',#984,#899,#14,.F.);
#852=EDGE_CURVE('',#983,#906,#15,.F.);
#853=EDGE_CURVE('',#900,#933,#1029,.F.);
#854=EDGE_CURVE('',#933,#940,#1030,.F.);
#855=EDGE_CURVE('',#939,#905,#1031,.T.);
#856=EDGE_CURVE('',#934,#939,#1032,.T.);
#857=EDGE_CURVE('',#901,#966,#16,.T.);
#858=EDGE_CURVE('',#934,#905,#1033,.F.);
#859=EDGE_CURVE('',#903,#965,#17,.T.);
#860=VERTEX_POINT('',#1746);
#861=VERTEX_POINT('',#1747);
#862=VERTEX_POINT('',#1749);
#863=VERTEX_POINT('',#1751);
#864=VERTEX_POINT('',#1755);
#865=VERTEX_POINT('',#1756);
#866=VERTEX_POINT('',#1758);
#867=VERTEX_POINT('',#1760);
#868=VERTEX_POINT('',#1764);
#869=VERTEX_POINT('',#1766);
#870=VERTEX_POINT('',#1767);
#871=VERTEX_POINT('',#1769);
#872=VERTEX_POINT('',#1771);
#873=VERTEX_POINT('',#1775);
#874=VERTEX_POINT('',#1777);
#875=VERTEX_POINT('',#1778);
#876=VERTEX_POINT('',#1780);
#877=VERTEX_POINT('',#1782);
#878=VERTEX_POINT('',#1786);
#879=VERTEX_POINT('',#1787);
#880=VERTEX_POINT('',#1789);
#881=VERTEX_POINT('',#1791);
#882=VERTEX_POINT('',#1793);
#883=VERTEX_POINT('',#1795);
#884=VERTEX_POINT('',#1797);
#885=VERTEX_POINT('',#1799);
#886=VERTEX_POINT('',#1802);
#887=VERTEX_POINT('',#1804);
#888=VERTEX_POINT('',#1805);
#889=VERTEX_POINT('',#1807);
#890=VERTEX_POINT('',#1809);
#891=VERTEX_POINT('',#1812);
#892=VERTEX_POINT('',#1813);
#893=VERTEX_POINT('',#1815);
#894=VERTEX_POINT('',#1817);
#895=VERTEX_POINT('',#1819);
#896=VERTEX_POINT('',#1821);
#897=VERTEX_POINT('',#1823);
#898=VERTEX_POINT('',#1825);
#899=VERTEX_POINT('',#1829);
#900=VERTEX_POINT('',#1830);
#901=VERTEX_POINT('',#1832);
#902=VERTEX_POINT('',#1834);
#903=VERTEX_POINT('',#1839);
#904=VERTEX_POINT('',#1841);
#905=VERTEX_POINT('',#1845);
#906=VERTEX_POINT('',#1847);
#907=VERTEX_POINT('',#1852);
#908=VERTEX_POINT('',#1853);
#909=VERTEX_POINT('',#1855);
#910=VERTEX_POINT('',#1857);
#911=VERTEX_POINT('',#1859);
#912=VERTEX_POINT('',#1861);
#913=VERTEX_POINT('',#1863);
#914=VERTEX_POINT('',#1865);
#915=VERTEX_POINT('',#1868);
#916=VERTEX_POINT('',#1869);
#917=VERTEX_POINT('',#1871);
#918=VERTEX_POINT('',#1873);
#919=VERTEX_POINT('',#1875);
#920=VERTEX_POINT('',#1877);
#921=VERTEX_POINT('',#1879);
#922=VERTEX_POINT('',#1881);
#923=VERTEX_POINT('',#1884);
#924=VERTEX_POINT('',#1885);
#925=VERTEX_POINT('',#1887);
#926=VERTEX_POINT('',#1889);
#927=VERTEX_POINT('',#1891);
#928=VERTEX_POINT('',#1893);
#929=VERTEX_POINT('',#1895);
#930=VERTEX_POINT('',#1897);
#931=VERTEX_POINT('',#1900);
#932=VERTEX_POINT('',#1902);
#933=VERTEX_POINT('',#1905);
#934=VERTEX_POINT('',#1906);
#935=VERTEX_POINT('',#1908);
#936=VERTEX_POINT('',#1910);
#937=VERTEX_POINT('',#1935);
#938=VERTEX_POINT('',#1936);
#939=VERTEX_POINT('',#1938);
#940=VERTEX_POINT('',#1940);
#941=VERTEX_POINT('',#1946);
#942=VERTEX_POINT('',#1948);
#943=VERTEX_POINT('',#1952);
#944=VERTEX_POINT('',#1961);
#945=VERTEX_POINT('',#1965);
#946=VERTEX_POINT('',#1967);
#947=VERTEX_POINT('',#1974);
#948=VERTEX_POINT('',#1977);
#949=VERTEX_POINT('',#2008);
#950=VERTEX_POINT('',#2010);
#951=VERTEX_POINT('',#2014);
#952=VERTEX_POINT('',#2023);
#953=VERTEX_POINT('',#2027);
#954=VERTEX_POINT('',#2029);
#955=VERTEX_POINT('',#2033);
#956=VERTEX_POINT('',#2036);
#957=VERTEX_POINT('',#2064);
#958=VERTEX_POINT('',#2066);
#959=VERTEX_POINT('',#2073);
#960=VERTEX_POINT('',#2076);
#961=VERTEX_POINT('',#2083);
#962=VERTEX_POINT('',#2085);
#963=VERTEX_POINT('',#2089);
#964=VERTEX_POINT('',#2091);
#965=VERTEX_POINT('',#2110);
#966=VERTEX_POINT('',#2120);
#967=VERTEX_POINT('',#2130);
#968=VERTEX_POINT('',#2133);
#969=VERTEX_POINT('',#2140);
#970=VERTEX_POINT('',#2142);
#971=VERTEX_POINT('',#2146);
#972=VERTEX_POINT('',#2148);
#973=VERTEX_POINT('',#2152);
#974=VERTEX_POINT('',#2155);
#975=VERTEX_POINT('',#2183);
#976=VERTEX_POINT('',#2185);
#977=VERTEX_POINT('',#2189);
#978=VERTEX_POINT('',#2198);
#979=VERTEX_POINT('',#2202);
#980=VERTEX_POINT('',#2204);
#981=VERTEX_POINT('',#2208);
#982=VERTEX_POINT('',#2210);
#983=VERTEX_POINT('',#2229);
#984=VERTEX_POINT('',#2239);
#985=CIRCLE('',#1292,0.006985);
#986=CIRCLE('',#1293,0.004445);
#987=CIRCLE('',#1295,0.004445);
#988=CIRCLE('',#1296,0.006985);
#989=CIRCLE('',#1298,0.00125);
#990=CIRCLE('',#1299,0.00379);
#991=CIRCLE('',#1300,0.00379);
#992=CIRCLE('',#1302,0.00125);
#993=CIRCLE('',#1303,0.00379);
#994=CIRCLE('',#1304,0.00379);
#995=CIRCLE('',#1306,0.0018288);
#996=CIRCLE('',#1307,0.006985);
#997=CIRCLE('',#1308,0.0018288);
#998=CIRCLE('',#1309,0.0018288);
#999=CIRCLE('',#1310,0.0018288);
#1000=CIRCLE('',#1311,0.004445);
#1001=CIRCLE('',#1312,0.0018288);
#1002=CIRCLE('',#1313,0.0018288);
#1003=CIRCLE('',#1314,0.006985);
#1004=CIRCLE('',#1315,0.0018288);
#1005=CIRCLE('',#1316,0.0018288);
#1006=CIRCLE('',#1321,0.0018288);
#1007=CIRCLE('',#1322,0.00379);
#1008=CIRCLE('',#1323,0.0018288);
#1009=CIRCLE('',#1324,0.0018288);
#1010=CIRCLE('',#1325,0.0018288);
#1011=CIRCLE('',#1326,0.0018288);
#1012=CIRCLE('',#1327,0.0018288);
#1013=CIRCLE('',#1328,0.00379);
#1014=CIRCLE('',#1329,0.0018288);
#1015=CIRCLE('',#1330,0.0018288);
#1016=CIRCLE('',#1331,0.0018288);
#1017=CIRCLE('',#1332,0.00379);
#1018=CIRCLE('',#1333,0.0018288);
#1019=CIRCLE('',#1334,0.0018288);
#1020=CIRCLE('',#1335,0.00379);
#1021=CIRCLE('',#1336,0.0018288);
#1022=CIRCLE('',#1337,0.00125);
#1023=CIRCLE('',#1338,0.00125);
#1024=CIRCLE('',#1357,0.00508);
#1025=CIRCLE('',#1358,0.00508);
#1026=CIRCLE('',#1375,0.00508);
#1027=CIRCLE('',#1376,0.00508);
#1028=CIRCLE('',#1390,0.00508);
#1029=CIRCLE('',#1395,0.00508);
#1030=CIRCLE('',#1396,0.00508);
#1031=CIRCLE('',#1398,0.00508);
#1032=CIRCLE('',#1400,0.00508);
#1033=CIRCLE('',#1404,0.00508);
#1034=EDGE_LOOP('',(#290,#291,#292,#293));
#1035=EDGE_LOOP('',(#294,#295,#296,#297));
#1036=EDGE_LOOP('',(#298));
#1037=EDGE_LOOP('',(#299,#300,#301,#302));
#1038=EDGE_LOOP('',(#303));
#1039=EDGE_LOOP('',(#304,#305,#306,#307));
#1040=EDGE_LOOP('',(#308,#309,#310,#311,#312,#313,#314,#315));
#1041=EDGE_LOOP('',(#316));
#1042=EDGE_LOOP('',(#317,#318,#319,#320));
#1043=EDGE_LOOP('',(#321,#322,#323,#324,#325,#326,#327,#328));
#1044=EDGE_LOOP('',(#329,#330,#331,#332,#333,#334));
#1045=EDGE_LOOP('',(#335,#336,#337,#338));
#1046=EDGE_LOOP('',(#339,#340,#341,#342,#343,#344));
#1047=EDGE_LOOP('',(#345,#346,#347,#348,#349,#350,#351,#352));
#1048=EDGE_LOOP('',(#353,#354,#355,#356,#357,#358,#359,#360));
#1049=EDGE_LOOP('',(#361,#362,#363,#364,#365,#366,#367,#368));
#1050=EDGE_LOOP('',(#369));
#1051=EDGE_LOOP('',(#370));
#1052=EDGE_LOOP('',(#371,#372,#373,#374));
#1053=EDGE_LOOP('',(#375,#376,#377,#378));
#1054=EDGE_LOOP('',(#379,#380,#381,#382));
#1055=EDGE_LOOP('',(#383));
#1056=EDGE_LOOP('',(#384,#385,#386,#387));
#1057=EDGE_LOOP('',(#388,#389,#390,#391));
#1058=EDGE_LOOP('',(#392));
#1059=EDGE_LOOP('',(#393));
#1060=EDGE_LOOP('',(#394));
#1061=EDGE_LOOP('',(#395));
#1062=EDGE_LOOP('',(#396,#397,#398,#399));
#1063=EDGE_LOOP('',(#400,#401,#402,#403,#404,#405));
#1064=EDGE_LOOP('',(#406,#407,#408,#409));
#1065=EDGE_LOOP('',(#410,#411,#412,#413,#414,#415));
#1066=EDGE_LOOP('',(#416,#417,#418,#419));
#1067=EDGE_LOOP('',(#420,#421,#422,#423));
#1068=EDGE_LOOP('',(#424,#425,#426,#427));
#1069=EDGE_LOOP('',(#428,#429,#430,#431));
#1070=EDGE_LOOP('',(#432,#433,#434,#435));
#1071=EDGE_LOOP('',(#436,#437,#438,#439,#440,#441));
#1072=EDGE_LOOP('',(#442,#443,#444,#445));
#1073=EDGE_LOOP('',(#446,#447,#448,#449,#450,#451));
#1074=EDGE_LOOP('',(#452,#453,#454,#455));
#1075=EDGE_LOOP('',(#456,#457,#458,#459));
#1076=EDGE_LOOP('',(#460,#461,#462,#463));
#1077=EDGE_LOOP('',(#464,#465,#466,#467));
#1078=EDGE_LOOP('',(#468,#469,#470,#471));
#1079=EDGE_LOOP('',(#472,#473,#474,#475,#476,#477));
#1080=EDGE_LOOP('',(#478,#479,#480,#481));
#1081=EDGE_LOOP('',(#482,#483,#484,#485));
#1082=EDGE_LOOP('',(#486,#487,#488,#489));
#1083=EDGE_LOOP('',(#490,#491,#492,#493));
#1084=EDGE_LOOP('',(#494,#495,#496,#497,#498));
#1085=EDGE_LOOP('',(#499,#500,#501,#502,#503));
#1086=EDGE_LOOP('',(#504,#505,#506,#507,#508,#509));
#1087=EDGE_LOOP('',(#510,#511,#512,#513));
#1088=EDGE_LOOP('',(#514,#515,#516,#517));
#1089=EDGE_LOOP('',(#518,#519,#520,#521,#522,#523));
#1090=EDGE_LOOP('',(#524,#525,#526,#527));
#1091=EDGE_LOOP('',(#528,#529,#530,#531));
#1092=EDGE_LOOP('',(#532,#533,#534,#535));
#1093=EDGE_LOOP('',(#536,#537,#538,#539));
#1094=EDGE_LOOP('',(#540,#541,#542,#543));
#1095=EDGE_LOOP('',(#544,#545,#546,#547,#548,#549));
#1096=EDGE_LOOP('',(#550,#551,#552,#553));
#1097=EDGE_LOOP('',(#554,#555,#556,#557));
#1098=EDGE_LOOP('',(#558,#559,#560,#561));
#1099=EDGE_LOOP('',(#562,#563,#564,#565));
#1100=EDGE_LOOP('',(#566,#567,#568,#569,#570));
#1101=EDGE_LOOP('',(#571,#572,#573,#574,#575));
#1102=EDGE_LOOP('',(#576,#577,#578,#579,#580,#581,#582,#583,#584,#585,#586,
#587,#588,#589,#590,#591));
#1103=EDGE_LOOP('',(#592,#593,#594,#595,#596,#597));
#1104=EDGE_LOOP('',(#598,#599,#600));
#1105=EDGE_LOOP('',(#601,#602,#603,#604,#605,#606,#607,#608,#609,#610,#611,
#612,#613,#614,#615,#616));
#1106=EDGE_LOOP('',(#617,#618,#619,#620));
#1107=EDGE_LOOP('',(#621,#622,#623,#624,#625,#626,#627,#628,#629,#630,#631,
#632,#633,#634,#635,#636,#637,#638,#639,#640));
#1108=EDGE_LOOP('',(#641,#642,#643));
#1109=EDGE_LOOP('',(#644,#645,#646,#647,#648,#649));
#1110=EDGE_LOOP('',(#650,#651,#652,#653,#654,#655,#656,#657,#658,#659,#660,
#661,#662,#663,#664,#665,#666,#667,#668,#669));
#1111=FACE_BOUND('',#1034,.T.);
#1112=FACE_BOUND('',#1035,.T.);
#1113=FACE_BOUND('',#1036,.T.);
#1114=FACE_BOUND('',#1037,.T.);
#1115=FACE_BOUND('',#1038,.T.);
#1116=FACE_BOUND('',#1039,.T.);
#1117=FACE_BOUND('',#1040,.T.);
#1118=FACE_BOUND('',#1041,.T.);
#1119=FACE_BOUND('',#1042,.T.);
#1120=FACE_BOUND('',#1043,.T.);
#1121=FACE_BOUND('',#1044,.T.);
#1122=FACE_BOUND('',#1045,.T.);
#1123=FACE_BOUND('',#1046,.T.);
#1124=FACE_BOUND('',#1047,.T.);
#1125=FACE_BOUND('',#1048,.T.);
#1126=FACE_BOUND('',#1049,.T.);
#1127=FACE_BOUND('',#1050,.T.);
#1128=FACE_BOUND('',#1051,.T.);
#1129=FACE_BOUND('',#1052,.T.);
#1130=FACE_BOUND('',#1053,.T.);
#1131=FACE_BOUND('',#1054,.T.);
#1132=FACE_BOUND('',#1055,.T.);
#1133=FACE_BOUND('',#1056,.T.);
#1134=FACE_BOUND('',#1057,.T.);
#1135=FACE_BOUND('',#1058,.T.);
#1136=FACE_BOUND('',#1059,.T.);
#1137=FACE_BOUND('',#1060,.T.);
#1138=FACE_BOUND('',#1061,.T.);
#1139=FACE_BOUND('',#1062,.T.);
#1140=FACE_BOUND('',#1063,.T.);
#1141=FACE_BOUND('',#1064,.T.);
#1142=FACE_BOUND('',#1065,.T.);
#1143=FACE_BOUND('',#1066,.T.);
#1144=FACE_BOUND('',#1067,.T.);
#1145=FACE_BOUND('',#1068,.T.);
#1146=FACE_BOUND('',#1069,.T.);
#1147=FACE_BOUND('',#1070,.T.);
#1148=FACE_BOUND('',#1071,.T.);
#1149=FACE_BOUND('',#1072,.T.);
#1150=FACE_BOUND('',#1073,.T.);
#1151=FACE_BOUND('',#1074,.T.);
#1152=FACE_BOUND('',#1075,.T.);
#1153=FACE_BOUND('',#1076,.T.);
#1154=FACE_BOUND('',#1077,.T.);
#1155=FACE_BOUND('',#1078,.T.);
#1156=FACE_BOUND('',#1079,.T.);
#1157=FACE_BOUND('',#1080,.T.);
#1158=FACE_BOUND('',#1081,.T.);
#1159=FACE_BOUND('',#1082,.T.);
#1160=FACE_BOUND('',#1083,.T.);
#1161=FACE_BOUND('',#1084,.T.);
#1162=FACE_BOUND('',#1085,.T.);
#1163=FACE_BOUND('',#1086,.T.);
#1164=FACE_BOUND('',#1087,.T.);
#1165=FACE_BOUND('',#1088,.T.);
#1166=FACE_BOUND('',#1089,.T.);
#1167=FACE_BOUND('',#1090,.T.);
#1168=FACE_BOUND('',#1091,.T.);
#1169=FACE_BOUND('',#1092,.T.);
#1170=FACE_BOUND('',#1093,.T.);
#1171=FACE_BOUND('',#1094,.T.);
#1172=FACE_BOUND('',#1095,.T.);
#1173=FACE_BOUND('',#1096,.T.);
#1174=FACE_BOUND('',#1097,.T.);
#1175=FACE_BOUND('',#1098,.T.);
#1176=FACE_BOUND('',#1099,.T.);
#1177=FACE_BOUND('',#1100,.T.);
#1178=FACE_BOUND('',#1101,.T.);
#1179=FACE_BOUND('',#1102,.T.);
#1180=FACE_BOUND('',#1103,.T.);
#1181=FACE_BOUND('',#1104,.T.);
#1182=FACE_BOUND('',#1105,.T.);
#1183=FACE_BOUND('',#1106,.T.);
#1184=FACE_BOUND('',#1107,.T.);
#1185=FACE_BOUND('',#1108,.T.);
#1186=FACE_BOUND('',#1109,.T.);
#1187=FACE_BOUND('',#1110,.T.);
#1188=PLANE('',#1291);
#1189=PLANE('',#1294);
#1190=PLANE('',#1297);
#1191=PLANE('',#1301);
#1192=PLANE('',#1305);
#1193=PLANE('',#1317);
#1194=PLANE('',#1318);
#1195=PLANE('',#1319);
#1196=PLANE('',#1320);
#1197=PLANE('',#1339);
#1198=PLANE('',#1341);
#1199=PLANE('',#1342);
#1200=PLANE('',#1345);
#1201=PLANE('',#1347);
#1202=PLANE('',#1353);
#1203=PLANE('',#1355);
#1204=PLANE('',#1356);
#1205=PLANE('',#1363);
#1206=PLANE('',#1365);
#1207=PLANE('',#1366);
#1208=PLANE('',#1372);
#1209=PLANE('',#1373);
#1210=PLANE('',#1374);
#1211=PLANE('',#1381);
#1212=PLANE('',#1383);
#1213=PLANE('',#1384);
#1214=ADVANCED_FACE('',(#1111),#1188,.T.);
#1215=ADVANCED_FACE('',(#1112),#1189,.T.);
#1216=ADVANCED_FACE('',(#1113,#1114),#1190,.F.);
#1217=ADVANCED_FACE('',(#1115,#1116),#1191,.F.);
#1218=ADVANCED_FACE('',(#1117,#1118,#1119,#1120),#1192,.F.);
#1219=ADVANCED_FACE('',(#1121),#1193,.F.);
#1220=ADVANCED_FACE('',(#1122),#1194,.F.);
#1221=ADVANCED_FACE('',(#1123),#1195,.T.);
#1222=ADVANCED_FACE('',(#1124,#1125,#1126,#1127,#1128,#1129),#1196,.T.);
#1223=ADVANCED_FACE('',(#1130),#1197,.F.);
#1224=ADVANCED_FACE('',(#1131,#1132),#56,.F.);
#1225=ADVANCED_FACE('',(#1133),#1198,.F.);
#1226=ADVANCED_FACE('',(#1134),#1199,.T.);
#1227=ADVANCED_FACE('',(#1135,#1136),#57,.F.);
#1228=ADVANCED_FACE('',(#1137,#1138),#58,.F.);
#1229=ADVANCED_FACE('',(#1139),#1200,.T.);
#1230=ADVANCED_FACE('',(#1140),#59,.T.);
#1231=ADVANCED_FACE('',(#1141),#1201,.F.);
#1232=ADVANCED_FACE('',(#1142),#60,.T.);
#1233=ADVANCED_FACE('',(#1143),#61,.F.);
#1234=ADVANCED_FACE('',(#1144),#62,.F.);
#1235=ADVANCED_FACE('',(#1145),#63,.F.);
#1236=ADVANCED_FACE('',(#1146),#64,.F.);
#1237=ADVANCED_FACE('',(#1147),#1202,.T.);
#1238=ADVANCED_FACE('',(#1148),#65,.T.);
#1239=ADVANCED_FACE('',(#1149),#1203,.F.);
#1240=ADVANCED_FACE('',(#1150),#1204,.T.);
#1241=ADVANCED_FACE('',(#1151),#66,.F.);
#1242=ADVANCED_FACE('',(#1152),#67,.F.);
#1243=ADVANCED_FACE('',(#1153),#68,.F.);
#1244=ADVANCED_FACE('',(#1154),#69,.F.);
#1245=ADVANCED_FACE('',(#1155),#1205,.T.);
#1246=ADVANCED_FACE('',(#1156),#70,.T.);
#1247=ADVANCED_FACE('',(#1157),#1206,.F.);
#1248=ADVANCED_FACE('',(#1158),#1207,.F.);
#1249=ADVANCED_FACE('',(#1159),#71,.F.);
#1250=ADVANCED_FACE('',(#1160),#72,.F.);
#1251=ADVANCED_FACE('',(#1161),#73,.F.);
#1252=ADVANCED_FACE('',(#1162),#74,.F.);
#1253=ADVANCED_FACE('',(#1163),#75,.T.);
#1254=ADVANCED_FACE('',(#1164),#1208,.F.);
#1255=ADVANCED_FACE('',(#1165),#1209,.T.);
#1256=ADVANCED_FACE('',(#1166),#1210,.F.);
#1257=ADVANCED_FACE('',(#1167),#76,.F.);
#1258=ADVANCED_FACE('',(#1168),#77,.F.);
#1259=ADVANCED_FACE('',(#1169),#78,.F.);
#1260=ADVANCED_FACE('',(#1170),#79,.F.);
#1261=ADVANCED_FACE('',(#1171),#1211,.T.);
#1262=ADVANCED_FACE('',(#1172),#80,.T.);
#1263=ADVANCED_FACE('',(#1173),#1212,.F.);
#1264=ADVANCED_FACE('',(#1174),#1213,.T.);
#1265=ADVANCED_FACE('',(#1175),#81,.F.);
#1266=ADVANCED_FACE('',(#1176),#82,.F.);
#1267=ADVANCED_FACE('',(#1177),#83,.F.);
#1268=ADVANCED_FACE('',(#1178),#84,.F.);
#1269=ADVANCED_FACE('',(#1179),#85,.T.);
#1270=ADVANCED_FACE('',(#1180),#86,.T.);
#1271=ADVANCED_FACE('',(#1181),#12,.T.);
#1272=ADVANCED_FACE('',(#1182),#87,.T.);
#1273=ADVANCED_FACE('',(#1183),#88,.T.);
#1274=ADVANCED_FACE('',(#1184),#89,.T.);
#1275=ADVANCED_FACE('',(#1185),#13,.T.);
#1276=ADVANCED_FACE('',(#1186),#90,.T.);
#1277=ADVANCED_FACE('',(#1187),#91,.T.);
#1278=CLOSED_SHELL('',(#1214,#1215,#1216,#1217,#1218,#1219,#1220,#1221,
#1222,#1223,#1224,#1225,#1226,#1227,#1228,#1229,#1230,#1231,#1232,#1233,
#1234,#1235,#1236,#1237,#1238,#1239,#1240,#1241,#1242,#1243,#1244,#1245,
#1246,#1247,#1248,#1249,#1250,#1251,#1252,#1253,#1254,#1255,#1256,#1257,
#1258,#1259,#1260,#1261,#1262,#1263,#1264,#1265,#1266,#1267,#1268,#1269,
#1270,#1271,#1272,#1273,#1274,#1275,#1276,#1277));
#1279=STYLED_ITEM('',(#1280),#1287);
#1280=PRESENTATION_STYLE_ASSIGNMENT((#1281));
#1281=SURFACE_STYLE_USAGE(.BOTH.,#1282);
#1282=SURFACE_SIDE_STYLE('',(#1283));
#1283=SURFACE_STYLE_FILL_AREA(#1284);
#1284=FILL_AREA_STYLE('',(#1285));
#1285=FILL_AREA_STYLE_COLOUR('',#1286);
#1286=COLOUR_RGB('',0.615686274509804,0.811764705882353,0.929411764705882);
#1287=MANIFOLD_SOLID_BREP('Part 1',#1278);
#1288=SHAPE_DEFINITION_REPRESENTATION(#2269,#1289);
#1289=SHAPE_REPRESENTATION('Part 1',(#1290),#2264);
#1290=AXIS2_PLACEMENT_3D('',#1743,#1408,#1409);
#1291=AXIS2_PLACEMENT_3D('',#1744,#1410,#1411);
#1292=AXIS2_PLACEMENT_3D('',#1745,#1412,#1413);
#1293=AXIS2_PLACEMENT_3D('',#1750,#1415,#1416);
#1294=AXIS2_PLACEMENT_3D('',#1753,#1418,#1419);
#1295=AXIS2_PLACEMENT_3D('',#1754,#1420,#1421);
#1296=AXIS2_PLACEMENT_3D('',#1759,#1423,#1424);
#1297=AXIS2_PLACEMENT_3D('',#1762,#1426,#1427);
#1298=AXIS2_PLACEMENT_3D('',#1763,#1428,#1429);
#1299=AXIS2_PLACEMENT_3D('',#1765,#1430,#1431);
#1300=AXIS2_PLACEMENT_3D('',#1770,#1433,#1434);
#1301=AXIS2_PLACEMENT_3D('',#1773,#1436,#1437);
#1302=AXIS2_PLACEMENT_3D('',#1774,#1438,#1439);
#1303=AXIS2_PLACEMENT_3D('',#1776,#1440,#1441);
#1304=AXIS2_PLACEMENT_3D('',#1781,#1443,#1444);
#1305=AXIS2_PLACEMENT_3D('',#1784,#1446,#1447);
#1306=AXIS2_PLACEMENT_3D('',#1785,#1448,#1449);
#1307=AXIS2_PLACEMENT_3D('',#1788,#1450,#1451);
#1308=AXIS2_PLACEMENT_3D('',#1790,#1452,#1453);
#1309=AXIS2_PLACEMENT_3D('',#1794,#1455,#1456);
#1310=AXIS2_PLACEMENT_3D('',#1798,#1458,#1459);
#1311=AXIS2_PLACEMENT_3D('',#1801,#1461,#1462);
#1312=AXIS2_PLACEMENT_3D('',#1811,#1467,#1468);
#1313=AXIS2_PLACEMENT_3D('',#1816,#1470,#1471);
#1314=AXIS2_PLACEMENT_3D('',#1818,#1472,#1473);
#1315=AXIS2_PLACEMENT_3D('',#1820,#1474,#1475);
#1316=AXIS2_PLACEMENT_3D('',#1824,#1477,#1478);
#1317=AXIS2_PLACEMENT_3D('',#1827,#1480,#1481);
#1318=AXIS2_PLACEMENT_3D('',#1837,#1487,#1488);
#1319=AXIS2_PLACEMENT_3D('',#1843,#1492,#1493);
#1320=AXIS2_PLACEMENT_3D('',#1850,#1498,#1499);
#1321=AXIS2_PLACEMENT_3D('',#1851,#1500,#1501);
#1322=AXIS2_PLACEMENT_3D('',#1854,#1502,#1503);
#1323=AXIS2_PLACEMENT_3D('',#1856,#1504,#1505);
#1324=AXIS2_PLACEMENT_3D('',#1860,#1507,#1508);
#1325=AXIS2_PLACEMENT_3D('',#1864,#1510,#1511);
#1326=AXIS2_PLACEMENT_3D('',#1867,#1513,#1514);
#1327=AXIS2_PLACEMENT_3D('',#1872,#1516,#1517);
#1328=AXIS2_PLACEMENT_3D('',#1874,#1518,#1519);
#1329=AXIS2_PLACEMENT_3D('',#1876,#1520,#1521);
#1330=AXIS2_PLACEMENT_3D('',#1880,#1523,#1524);
#1331=AXIS2_PLACEMENT_3D('',#1883,#1526,#1527);
#1332=AXIS2_PLACEMENT_3D('',#1886,#1528,#1529);
#1333=AXIS2_PLACEMENT_3D('',#1888,#1530,#1531);
#1334=AXIS2_PLACEMENT_3D('',#1892,#1533,#1534);
#1335=AXIS2_PLACEMENT_3D('',#1894,#1535,#1536);
#1336=AXIS2_PLACEMENT_3D('',#1896,#1537,#1538);
#1337=AXIS2_PLACEMENT_3D('',#1899,#1540,#1541);
#1338=AXIS2_PLACEMENT_3D('',#1901,#1542,#1543);
#1339=AXIS2_PLACEMENT_3D('',#1903,#1544,#1545);
#1340=AXIS2_PLACEMENT_3D('',#1912,#1550,#1551);
#1341=AXIS2_PLACEMENT_3D('',#1931,#1552,#1553);
#1342=AXIS2_PLACEMENT_3D('',#1933,#1555,#1556);
#1343=AXIS2_PLACEMENT_3D('',#1942,#1561,#1562);
#1344=AXIS2_PLACEMENT_3D('',#1943,#1563,#1564);
#1345=AXIS2_PLACEMENT_3D('',#1944,#1565,#1566);
#1346=AXIS2_PLACEMENT_3D('',#1950,#1570,#1571);
#1347=AXIS2_PLACEMENT_3D('',#1963,#1574,#1575);
#1348=AXIS2_PLACEMENT_3D('',#1969,#1579,#1580);
#1349=AXIS2_PLACEMENT_3D('',#1982,#1583,#1584);
#1350=AXIS2_PLACEMENT_3D('',#1988,#1585,#1586);
#1351=AXIS2_PLACEMENT_3D('',#1994,#1587,#1588);
#1352=AXIS2_PLACEMENT_3D('',#2000,#1589,#1590);
#1353=AXIS2_PLACEMENT_3D('',#2006,#1591,#1592);
#1354=AXIS2_PLACEMENT_3D('',#2012,#1596,#1597);
#1355=AXIS2_PLACEMENT_3D('',#2025,#1600,#1601);
#1356=AXIS2_PLACEMENT_3D('',#2031,#1605,#1606);
#1357=AXIS2_PLACEMENT_3D('',#2032,#1607,#1608);
#1358=AXIS2_PLACEMENT_3D('',#2037,#1611,#1612);
#1359=AXIS2_PLACEMENT_3D('',#2038,#1613,#1614);
#1360=AXIS2_PLACEMENT_3D('',#2044,#1615,#1616);
#1361=AXIS2_PLACEMENT_3D('',#2050,#1617,#1618);
#1362=AXIS2_PLACEMENT_3D('',#2056,#1619,#1620);
#1363=AXIS2_PLACEMENT_3D('',#2062,#1621,#1622);
#1364=AXIS2_PLACEMENT_3D('',#2068,#1626,#1627);
#1365=AXIS2_PLACEMENT_3D('',#2081,#1630,#1631);
#1366=AXIS2_PLACEMENT_3D('',#2087,#1635,#1636);
#1367=AXIS2_PLACEMENT_3D('',#2093,#1640,#1641);
#1368=AXIS2_PLACEMENT_3D('',#2099,#1642,#1643);
#1369=AXIS2_PLACEMENT_3D('',#2105,#1644,#1645);
#1370=AXIS2_PLACEMENT_3D('',#2115,#1646,#1647);
#1371=AXIS2_PLACEMENT_3D('',#2125,#1648,#1649);
#1372=AXIS2_PLACEMENT_3D('',#2138,#1652,#1653);
#1373=AXIS2_PLACEMENT_3D('',#2144,#1657,#1658);
#1374=AXIS2_PLACEMENT_3D('',#2150,#1662,#1663);
#1375=AXIS2_PLACEMENT_3D('',#2153,#1665,#1666);
#1376=AXIS2_PLACEMENT_3D('',#2154,#1667,#1668);
#1377=AXIS2_PLACEMENT_3D('',#2157,#1670,#1671);
#1378=AXIS2_PLACEMENT_3D('',#2163,#1672,#1673);
#1379=AXIS2_PLACEMENT_3D('',#2169,#1674,#1675);
#1380=AXIS2_PLACEMENT_3D('',#2175,#1676,#1677);
#1381=AXIS2_PLACEMENT_3D('',#2181,#1678,#1679);
#1382=AXIS2_PLACEMENT_3D('',#2187,#1683,#1684);
#1383=AXIS2_PLACEMENT_3D('',#2200,#1687,#1688);
#1384=AXIS2_PLACEMENT_3D('',#2206,#1692,#1693);
#1385=AXIS2_PLACEMENT_3D('',#2212,#1697,#1698);
#1386=AXIS2_PLACEMENT_3D('',#2218,#1699,#1700);
#1387=AXIS2_PLACEMENT_3D('',#2224,#1701,#1702);
#1388=AXIS2_PLACEMENT_3D('',#2234,#1703,#1704);
#1389=AXIS2_PLACEMENT_3D('',#2244,#1705,#1706);
#1390=AXIS2_PLACEMENT_3D('',#2245,#1707,#1708);
#1391=AXIS2_PLACEMENT_3D('',#2246,#1709,#1710);
#1392=AXIS2_PLACEMENT_3D('',#2247,#1711,#1712);
#1393=AXIS2_PLACEMENT_3D('',#2248,#1713,#1714);
#1394=AXIS2_PLACEMENT_3D('',#2249,#1715,#1716);
#1395=AXIS2_PLACEMENT_3D('',#2250,#1717,#1718);
#1396=AXIS2_PLACEMENT_3D('',#2251,#1719,#1720);
#1397=AXIS2_PLACEMENT_3D('',#2252,#1721,#1722);
#1398=AXIS2_PLACEMENT_3D('',#2253,#1723,#1724);
#1399=AXIS2_PLACEMENT_3D('',#2254,#1725,#1726);
#1400=AXIS2_PLACEMENT_3D('',#2255,#1727,#1728);
#1401=AXIS2_PLACEMENT_3D('',#2256,#1729,#1730);
#1402=AXIS2_PLACEMENT_3D('',#2257,#1731,#1732);
#1403=AXIS2_PLACEMENT_3D('',#2258,#1733,#1734);
#1404=AXIS2_PLACEMENT_3D('',#2259,#1735,#1736);
#1405=AXIS2_PLACEMENT_3D('',#2260,#1737,#1738);
#1406=AXIS2_PLACEMENT_3D('',#2261,#1739,#1740);
#1407=AXIS2_PLACEMENT_3D('',#2262,#1741,#1742);
#1408=DIRECTION('',(0.,0.,1.));
#1409=DIRECTION('',(1.,0.,0.));
#1410=DIRECTION('',(0.,-1.,0.));
#1411=DIRECTION('',(1.,0.,0.));
#1412=DIRECTION('',(0.,-1.,0.));
#1413=DIRECTION('',(0.,0.,-1.));
#1414=DIRECTION('',(0.,0.,1.));
#1415=DIRECTION('',(0.,-1.,0.));
#1416=DIRECTION('',(0.,0.,-1.));
#1417=DIRECTION('',(0.,0.,1.));
#1418=DIRECTION('',(0.,-1.,0.));
#1419=DIRECTION('',(1.,0.,0.));
#1420=DIRECTION('',(0.,-1.,0.));
#1421=DIRECTION('',(0.,0.,-1.));
#1422=DIRECTION('',(0.,0.,1.));
#1423=DIRECTION('',(0.,-1.,0.));
#1424=DIRECTION('',(0.,0.,-1.));
#1425=DIRECTION('',(0.,0.,1.));
#1426=DIRECTION('',(0.,0.,1.));
#1427=DIRECTION('',(1.,0.,0.));
#1428=DIRECTION('',(0.,0.,1.));
#1429=DIRECTION('',(1.,0.,0.));
#1430=DIRECTION('',(0.,0.,1.));
#1431=DIRECTION('',(1.,0.,0.));
#1432=DIRECTION('',(6.30426460076369E-17,1.,0.));
#1433=DIRECTION('',(0.,0.,1.));
#1434=DIRECTION('',(1.,0.,0.));
#1435=DIRECTION('',(6.30426460076369E-17,1.,0.));
#1436=DIRECTION('',(0.,0.,1.));
#1437=DIRECTION('',(1.,0.,0.));
#1438=DIRECTION('',(0.,0.,1.));
#1439=DIRECTION('',(1.,0.,0.));
#1440=DIRECTION('',(0.,0.,1.));
#1441=DIRECTION('',(1.,0.,0.));
#1442=DIRECTION('',(6.30426460076369E-17,1.,0.));
#1443=DIRECTION('',(0.,0.,1.));
#1444=DIRECTION('',(1.,0.,0.));
#1445=DIRECTION('',(6.30426460076369E-17,1.,0.));
#1446=DIRECTION('',(0.,-1.,0.));
#1447=DIRECTION('',(1.,0.,0.));
#1448=DIRECTION('',(0.,-1.,0.));
#1449=DIRECTION('',(0.,0.,-1.));
#1450=DIRECTION('',(0.,-1.,0.));
#1451=DIRECTION('',(0.,0.,-1.));
#1452=DIRECTION('',(0.,-1.,0.));
#1453=DIRECTION('',(0.,0.,-1.));
#1454=DIRECTION('',(0.,0.,1.));
#1455=DIRECTION('',(0.,-1.,0.));
#1456=DIRECTION('',(0.,0.,-1.));
#1457=DIRECTION('',(-1.,0.,0.));
#1458=DIRECTION('',(0.,-1.,0.));
#1459=DIRECTION('',(0.,0.,-1.));
#1460=DIRECTION('',(0.,0.,1.));
#1461=DIRECTION('',(0.,-1.,0.));
#1462=DIRECTION('',(0.,0.,-1.));
#1463=DIRECTION('',(0.,0.,1.));
#1464=DIRECTION('',(-1.,0.,0.));
#1465=DIRECTION('',(0.,0.,1.));
#1466=DIRECTION('',(-1.,0.,0.));
#1467=DIRECTION('',(0.,-1.,0.));
#1468=DIRECTION('',(0.,0.,-1.));
#1469=DIRECTION('',(0.,0.,1.));
#1470=DIRECTION('',(0.,-1.,0.));
#1471=DIRECTION('',(0.,0.,-1.));
#1472=DIRECTION('',(0.,-1.,0.));
#1473=DIRECTION('',(0.,0.,-1.));
#1474=DIRECTION('',(0.,-1.,0.));
#1475=DIRECTION('',(0.,0.,-1.));
#1476=DIRECTION('',(0.,0.,1.));
#1477=DIRECTION('',(0.,-1.,0.));
#1478=DIRECTION('',(0.,0.,-1.));
#1479=DIRECTION('',(-1.,0.,0.));
#1480=DIRECTION('',(-1.,6.30426460076368E-17,0.));
#1481=DIRECTION('',(-6.30426460076369E-17,-1.,0.));
#1482=DIRECTION('',(0.,0.,1.));
#1483=DIRECTION('',(6.30426460076369E-17,1.,0.));
#1484=DIRECTION('',(0.,0.,-1.));
#1485=DIRECTION('',(6.30426460076368E-17,1.,0.));
#1486=DIRECTION('',(0.,1.,0.));
#1487=DIRECTION('',(0.,-1.,0.));
#1488=DIRECTION('',(0.,0.,-1.));
#1489=DIRECTION('',(-1.,0.,0.));
#1490=DIRECTION('',(0.,0.,-1.));
#1491=DIRECTION('',(-1.,0.,0.));
#1492=DIRECTION('',(-1.,6.30426460076368E-17,0.));
#1493=DIRECTION('',(-6.30426460076369E-17,-1.,0.));
#1494=DIRECTION('',(6.30426460076369E-17,1.,0.));
#1495=DIRECTION('',(0.,0.,1.));
#1496=DIRECTION('',(0.,1.,0.));
#1497=DIRECTION('',(6.30426460076368E-17,1.,0.));
#1498=DIRECTION('',(0.,0.,1.));
#1499=DIRECTION('',(1.,0.,0.));
#1500=DIRECTION('',(0.,0.,1.));
#1501=DIRECTION('',(1.,0.,0.));
#1502=DIRECTION('',(0.,0.,1.));
#1503=DIRECTION('',(1.,0.,0.));
#1504=DIRECTION('',(0.,0.,1.));
#1505=DIRECTION('',(1.,0.,0.));
#1506=DIRECTION('',(6.30426460076368E-17,1.,0.));
#1507=DIRECTION('',(0.,0.,1.));
#1508=DIRECTION('',(1.,0.,0.));
#1509=DIRECTION('',(-1.,0.,0.));
#1510=DIRECTION('',(0.,0.,1.));
#1511=DIRECTION('',(1.,0.,0.));
#1512=DIRECTION('',(6.30426460076368E-17,1.,0.));
#1513=DIRECTION('',(0.,0.,1.));
#1514=DIRECTION('',(1.,0.,0.));
#1515=DIRECTION('',(6.30426460076368E-17,1.,0.));
#1516=DIRECTION('',(0.,0.,1.));
#1517=DIRECTION('',(1.,0.,0.));
#1518=DIRECTION('',(0.,0.,1.));
#1519=DIRECTION('',(1.,0.,0.));
#1520=DIRECTION('',(0.,0.,1.));
#1521=DIRECTION('',(1.,0.,0.));
#1522=DIRECTION('',(6.30426460076368E-17,1.,0.));
#1523=DIRECTION('',(0.,0.,1.));
#1524=DIRECTION('',(1.,0.,0.));
#1525=DIRECTION('',(-1.,0.,0.));
#1526=DIRECTION('',(0.,0.,1.));
#1527=DIRECTION('',(1.,0.,0.));
#1528=DIRECTION('',(0.,0.,1.));
#1529=DIRECTION('',(1.,0.,0.));
#1530=DIRECTION('',(0.,0.,1.));
#1531=DIRECTION('',(1.,0.,0.));
#1532=DIRECTION('',(6.30426460076368E-17,1.,0.));
#1533=DIRECTION('',(0.,0.,1.));
#1534=DIRECTION('',(1.,0.,0.));
#1535=DIRECTION('',(0.,0.,1.));
#1536=DIRECTION('',(1.,0.,0.));
#1537=DIRECTION('',(0.,0.,1.));
#1538=DIRECTION('',(1.,0.,0.));
#1539=DIRECTION('',(6.30426460076368E-17,1.,0.));
#1540=DIRECTION('',(0.,0.,-1.));
#1541=DIRECTION('',(-1.,0.,0.));
#1542=DIRECTION('',(0.,0.,-1.));
#1543=DIRECTION('',(-1.,0.,0.));
#1544=DIRECTION('',(0.,0.,1.));
#1545=DIRECTION('',(1.,0.,0.));
#1546=DIRECTION('',(-1.,0.,0.));
#1547=DIRECTION('',(6.30426460076369E-17,1.,0.));
#1548=DIRECTION('',(-1.,0.,0.));
#1549=DIRECTION('',(6.30426460076369E-17,1.,0.));
#1550=DIRECTION('',(0.,1.,0.));
#1551=DIRECTION('',(0.,0.,1.));
#1552=DIRECTION('',(0.,0.,-1.));
#1553=DIRECTION('',(-1.,0.,0.));
#1554=DIRECTION('',(-1.,0.,0.));
#1555=DIRECTION('',(0.,-1.,0.));
#1556=DIRECTION('',(1.,0.,0.));
#1557=DIRECTION('',(1.,0.,0.));
#1558=DIRECTION('',(0.,0.,1.));
#1559=DIRECTION('',(-1.,0.,0.));
#1560=DIRECTION('',(0.,0.,1.));
#1561=DIRECTION('',(0.,0.,-1.));
#1562=DIRECTION('',(-1.,0.,0.));
#1563=DIRECTION('',(0.,0.,-1.));
#1564=DIRECTION('',(-1.,0.,0.));
#1565=DIRECTION('',(1.,-6.30426460076368E-17,0.));
#1566=DIRECTION('',(6.30426460076368E-17,1.,0.));
#1567=DIRECTION('',(0.,0.,-1.));
#1568=DIRECTION('',(-6.30426460076369E-17,-1.,0.));
#1569=DIRECTION('',(0.,0.,-1.));
#1570=DIRECTION('',(0.,0.,1.));
#1571=DIRECTION('',(1.,0.,0.));
#1572=DIRECTION('',(0.,0.,1.));
#1573=DIRECTION('',(0.,0.,1.));
#1574=DIRECTION('',(1.,-6.30426460076368E-17,0.));
#1575=DIRECTION('',(6.30426460076368E-17,1.,0.));
#1576=DIRECTION('',(0.,0.,1.));
#1577=DIRECTION('',(6.30426460076369E-17,1.,0.));
#1578=DIRECTION('',(0.,0.,1.));
#1579=DIRECTION('',(0.,0.,1.));
#1580=DIRECTION('',(1.,0.,0.));
#1581=DIRECTION('',(0.,0.,1.));
#1582=DIRECTION('',(0.,0.,1.));
#1583=DIRECTION('',(0.,0.,1.));
#1584=DIRECTION('',(1.,0.,0.));
#1585=DIRECTION('',(0.,0.,1.));
#1586=DIRECTION('',(1.,0.,0.));
#1587=DIRECTION('',(0.,0.,1.));
#1588=DIRECTION('',(1.,0.,0.));
#1589=DIRECTION('',(0.,0.,1.));
#1590=DIRECTION('',(1.,0.,0.));
#1591=DIRECTION('',(1.,-6.30426460076368E-17,0.));
#1592=DIRECTION('',(6.30426460076368E-17,1.,0.));
#1593=DIRECTION('',(0.,0.,-1.));
#1594=DIRECTION('',(-6.30426460076369E-17,-1.,0.));
#1595=DIRECTION('',(0.,0.,-1.));
#1596=DIRECTION('',(0.,0.,1.));
#1597=DIRECTION('',(1.,0.,0.));
#1598=DIRECTION('',(0.,0.,1.));
#1599=DIRECTION('',(0.,0.,1.));
#1600=DIRECTION('',(1.,-6.30426460076368E-17,0.));
#1601=DIRECTION('',(6.30426460076368E-17,1.,0.));
#1602=DIRECTION('',(0.,0.,1.));
#1603=DIRECTION('',(6.30426460076369E-17,1.,0.));
#1604=DIRECTION('',(0.,0.,-1.));
#1605=DIRECTION('',(0.,1.,0.));
#1606=DIRECTION('',(0.,0.,1.));
#1607=DIRECTION('',(0.,1.,0.));
#1608=DIRECTION('',(0.,0.,1.));
#1609=DIRECTION('',(0.,0.,-1.));
#1610=DIRECTION('',(0.,0.,-1.));
#1611=DIRECTION('',(0.,1.,0.));
#1612=DIRECTION('',(0.,0.,1.));
#1613=DIRECTION('',(0.,0.,1.));
#1614=DIRECTION('',(1.,0.,0.));
#1615=DIRECTION('',(0.,0.,1.));
#1616=DIRECTION('',(1.,0.,0.));
#1617=DIRECTION('',(0.,0.,-1.));
#1618=DIRECTION('',(-1.,0.,0.));
#1619=DIRECTION('',(0.,0.,1.));
#1620=DIRECTION('',(1.,0.,0.));
#1621=DIRECTION('',(1.,-6.30426460076368E-17,0.));
#1622=DIRECTION('',(6.30426460076368E-17,1.,0.));
#1623=DIRECTION('',(0.,0.,-1.));
#1624=DIRECTION('',(-6.30426460076369E-17,-1.,0.));
#1625=DIRECTION('',(0.,0.,-1.));
#1626=DIRECTION('',(0.,0.,1.));
#1627=DIRECTION('',(1.,0.,0.));
#1628=DIRECTION('',(0.,0.,1.));
#1629=DIRECTION('',(0.,0.,1.));
#1630=DIRECTION('',(0.,1.,0.));
#1631=DIRECTION('',(0.,0.,1.));
#1632=DIRECTION('',(0.,0.,-1.));
#1633=DIRECTION('',(-1.,0.,0.));
#1634=DIRECTION('',(0.,0.,-1.));
#1635=DIRECTION('',(1.,-6.30426460076368E-17,0.));
#1636=DIRECTION('',(6.30426460076368E-17,1.,0.));
#1637=DIRECTION('',(0.,0.,-1.));
#1638=DIRECTION('',(6.30426460076369E-17,1.,0.));
#1639=DIRECTION('',(0.,0.,1.));
#1640=DIRECTION('',(0.,0.,1.));
#1641=DIRECTION('',(1.,0.,0.));
#1642=DIRECTION('',(0.,0.,1.));
#1643=DIRECTION('',(1.,0.,0.));
#1644=DIRECTION('',(0.,0.,1.));
#1645=DIRECTION('',(1.,0.,0.));
#1646=DIRECTION('',(0.,0.,-1.));
#1647=DIRECTION('',(-1.,0.,0.));
#1648=DIRECTION('',(0.,1.,0.));
#1649=DIRECTION('',(0.,0.,1.));
#1650=DIRECTION('',(0.,1.,0.));
#1651=DIRECTION('',(0.,1.,0.));
#1652=DIRECTION('',(-1.,0.,0.));
#1653=DIRECTION('',(0.,0.,1.));
#1654=DIRECTION('',(0.,1.,0.));
#1655=DIRECTION('',(0.,0.,1.));
#1656=DIRECTION('',(0.,-1.,0.));
#1657=DIRECTION('',(-1.,0.,0.));
#1658=DIRECTION('',(0.,0.,1.));
#1659=DIRECTION('',(0.,-1.,0.));
#1660=DIRECTION('',(0.,0.,-1.));
#1661=DIRECTION('',(0.,-1.,0.));
#1662=DIRECTION('',(0.,0.,-1.));
#1663=DIRECTION('',(-1.,0.,0.));
#1664=DIRECTION('',(0.,-1.,0.));
#1665=DIRECTION('',(0.,0.,-1.));
#1666=DIRECTION('',(-1.,0.,0.));
#1667=DIRECTION('',(0.,0.,-1.));
#1668=DIRECTION('',(-1.,0.,0.));
#1669=DIRECTION('',(0.,-1.,0.));
#1670=DIRECTION('',(0.,1.,0.));
#1671=DIRECTION('',(0.,0.,1.));
#1672=DIRECTION('',(0.,1.,0.));
#1673=DIRECTION('',(0.,0.,1.));
#1674=DIRECTION('',(0.,-1.,0.));
#1675=DIRECTION('',(0.,0.,-1.));
#1676=DIRECTION('',(0.,1.,0.));
#1677=DIRECTION('',(0.,0.,1.));
#1678=DIRECTION('',(0.,0.,-1.));
#1679=DIRECTION('',(-1.,0.,0.));
#1680=DIRECTION('',(0.,-1.,0.));
#1681=DIRECTION('',(1.,0.,0.));
#1682=DIRECTION('',(0.,-1.,0.));
#1683=DIRECTION('',(0.,1.,0.));
#1684=DIRECTION('',(0.,0.,1.));
#1685=DIRECTION('',(0.,1.,0.));
#1686=DIRECTION('',(0.,1.,0.));
#1687=DIRECTION('',(-1.,0.,0.));
#1688=DIRECTION('',(0.,0.,1.));
#1689=DIRECTION('',(0.,-1.,0.));
#1690=DIRECTION('',(0.,0.,1.));
#1691=DIRECTION('',(0.,1.,0.));
#1692=DIRECTION('',(-1.,0.,0.));
#1693=DIRECTION('',(0.,0.,1.));
#1694=DIRECTION('',(0.,-1.,0.));
#1695=DIRECTION('',(0.,0.,-1.));
#1696=DIRECTION('',(0.,-1.,0.));
#1697=DIRECTION('',(0.,1.,0.));
#1698=DIRECTION('',(0.,0.,1.));
#1699=DIRECTION('',(0.,1.,0.));
#1700=DIRECTION('',(0.,0.,1.));
#1701=DIRECTION('',(0.,1.,0.));
#1702=DIRECTION('',(0.,0.,1.));
#1703=DIRECTION('',(0.,-1.,0.));
#1704=DIRECTION('',(0.,0.,-1.));
#1705=DIRECTION('',(0.,0.,-1.));
#1706=DIRECTION('',(-1.,0.,0.));
#1707=DIRECTION('',(0.,0.,-1.));
#1708=DIRECTION('',(-1.,0.,0.));
#1709=DIRECTION('',(0.707106781186548,0.,-0.707106781186548));
#1710=DIRECTION('',(0.707106781186548,0.,0.707106781186548));
#1711=DIRECTION('',(1.,0.,0.));
#1712=DIRECTION('',(0.,0.,-1.));
#1713=DIRECTION('',(0.707106781186548,0.,0.707106781186548));
#1714=DIRECTION('',(0.707106781186548,0.,-0.707106781186548));
#1715=DIRECTION('',(0.,-1.,0.));
#1716=DIRECTION('',(0.,0.,-1.));
#1717=DIRECTION('',(0.,-1.,0.));
#1718=DIRECTION('',(0.,0.,-1.));
#1719=DIRECTION('',(1.,0.,-4.26851249010041E-17));
#1720=DIRECTION('',(-4.26851249010041E-17,0.,-1.));
#1721=DIRECTION('',(0.,0.,1.));
#1722=DIRECTION('',(1.,0.,0.));
#1723=DIRECTION('',(0.,0.,-1.));
#1724=DIRECTION('',(-1.,0.,0.));
#1725=DIRECTION('',(1.,0.,0.));
#1726=DIRECTION('',(0.,0.,-1.));
#1727=DIRECTION('',(-1.,0.,0.));
#1728=DIRECTION('',(0.,0.,1.));
#1729=DIRECTION('',(6.30426460076369E-17,1.,0.));
#1730=DIRECTION('',(-1.,6.30426460076369E-17,0.));
#1731=DIRECTION('',(-0.707106781186548,0.707106781186548,0.));
#1732=DIRECTION('',(-0.707106781186548,-0.707106781186548,0.));
#1733=DIRECTION('',(0.,-1.,0.));
#1734=DIRECTION('',(0.,0.,-1.));
#1735=DIRECTION('',(0.,-1.,0.));
#1736=DIRECTION('',(0.,0.,-1.));
#1737=DIRECTION('',(-1.,0.,0.));
#1738=DIRECTION('',(0.,0.,1.));
#1739=DIRECTION('',(-0.707106781186548,-0.707106781186548,0.));
#1740=DIRECTION('',(-0.707106781186548,0.707106781186548,0.));
#1741=DIRECTION('',(-6.30426460076369E-17,-1.,0.));
#1742=DIRECTION('',(1.,-6.30426460076369E-17,0.));
#1743=CARTESIAN_POINT('',(0.,0.,0.));
#1744=CARTESIAN_POINT('',(-2.94902990916057E-17,-0.047625,0.1524));
#1745=CARTESIAN_POINT('',(-5.8113236445223E-17,-0.047625,0.28549403721432));
#1746=CARTESIAN_POINT('',(-0.00127,-0.047625,0.292362612394079));
#1747=CARTESIAN_POINT('',(0.00127,-0.047625,0.292362612394079));
#1748=CARTESIAN_POINT('',(-0.00127,-0.047625,0.1524));
#1749=CARTESIAN_POINT('',(-0.00127,-0.047625,0.289753746711457));
#1750=CARTESIAN_POINT('',(-5.8113236445223E-17,-0.047625,0.28549403721432));
#1751=CARTESIAN_POINT('',(0.00127,-0.047625,0.289753746711457));
#1752=CARTESIAN_POINT('',(0.00127,-0.047625,0.3048));
#1753=CARTESIAN_POINT('',(-2.94902990916057E-17,-0.047625,0.1524));
#1754=CARTESIAN_POINT('',(-5.8113236445223E-17,-0.047625,0.28549403721432));
#1755=CARTESIAN_POINT('',(-0.00127,-0.047625,0.281234327717183));
#1756=CARTESIAN_POINT('',(0.00127,-0.047625,0.281234327717183));
#1757=CARTESIAN_POINT('',(-0.00127,-0.047625,0.1524));
#1758=CARTESIAN_POINT('',(-0.00127,-0.047625,0.278625462034562));
#1759=CARTESIAN_POINT('',(-5.8113236445223E-17,-0.047625,0.28549403721432));
#1760=CARTESIAN_POINT('',(0.00127,-0.047625,0.278625462034562));
#1761=CARTESIAN_POINT('',(0.00127,-0.047625,0.3048));
#1762=CARTESIAN_POINT('',(1.7347234759768E-18,0.,0.));
#1763=CARTESIAN_POINT('',(-1.16647607618785E-18,0.009525,0.));
#1764=CARTESIAN_POINT('',(0.00125,0.009525,0.));
#1765=CARTESIAN_POINT('',(-1.16647607618785E-18,0.009525,0.));
#1766=CARTESIAN_POINT('',(0.00127,0.00595411775607204,0.));
#1767=CARTESIAN_POINT('',(-0.00127,0.00595411775607204,0.));
#1768=CARTESIAN_POINT('',(-0.00127,0.041275,0.));
#1769=CARTESIAN_POINT('',(-0.00127,0.013095882243928,0.));
#1770=CARTESIAN_POINT('',(-1.16647607618785E-18,0.009525,0.));
#1771=CARTESIAN_POINT('',(0.00127,0.013095882243928,0.));
#1772=CARTESIAN_POINT('',(0.00127,-8.00641604296988E-20,0.));
#1773=CARTESIAN_POINT('',(1.7347234759768E-18,0.,0.));
#1774=CARTESIAN_POINT('',(-3.49942822856357E-18,0.028575,0.));
#1775=CARTESIAN_POINT('',(0.00125,0.028575,0.));
#1776=CARTESIAN_POINT('',(-3.49942822856357E-18,0.028575,0.));
#1777=CARTESIAN_POINT('',(0.00127,0.0250041177560721,0.));
#1778=CARTESIAN_POINT('',(-0.00127,0.0250041177560721,0.));
#1779=CARTESIAN_POINT('',(-0.00127,0.041275,0.));
#1780=CARTESIAN_POINT('',(-0.00127,0.032145882243928,0.));
#1781=CARTESIAN_POINT('',(-3.49942822856357E-18,0.028575,0.));
#1782=CARTESIAN_POINT('',(0.00127,0.032145882243928,0.));
#1783=CARTESIAN_POINT('',(0.00127,-8.00641604296988E-20,0.));
#1784=CARTESIAN_POINT('',(-2.94902990916057E-17,-0.041275,0.1524));
#1785=CARTESIAN_POINT('',(0.0019812,-0.041275,0.27690579426247));
#1786=CARTESIAN_POINT('',(0.00157011527377521,-0.041275,0.27868779280003));
#1787=CARTESIAN_POINT('',(0.00381,-0.041275,0.27690579426247));
#1788=CARTESIAN_POINT('',(-5.8113236445223E-17,-0.041275,0.28549403721432));
#1789=CARTESIAN_POINT('',(-0.00157011527377523,-0.041275,0.27868779280003));
#1790=CARTESIAN_POINT('',(-0.0019812,-0.041275,0.27690579426247));
#1791=CARTESIAN_POINT('',(-0.00381,-0.041275,0.27690579426247));
#1792=CARTESIAN_POINT('',(-0.00381,-0.041275,0.1524));
#1793=CARTESIAN_POINT('',(-0.00381,-0.041275,0.0107188));
#1794=CARTESIAN_POINT('',(-0.0019812,-0.041275,0.0107188));
#1795=CARTESIAN_POINT('',(-0.0019812,-0.041275,0.00889));
#1796=CARTESIAN_POINT('',(-1.7347234759768E-18,-0.041275,0.00889));
#1797=CARTESIAN_POINT('',(0.0019812,-0.041275,0.00889));
#1798=CARTESIAN_POINT('',(0.0019812,-0.041275,0.0107188));
#1799=CARTESIAN_POINT('',(0.00381,-0.041275,0.0107188));
#1800=CARTESIAN_POINT('',(0.00381,-0.041275,0.1524));
#1801=CARTESIAN_POINT('',(-5.8113236445223E-17,-0.041275,0.28549403721432));
#1802=CARTESIAN_POINT('',(-5.8113236445223E-17,-0.041275,0.281049037214321));
#1803=CARTESIAN_POINT('',(0.00635,-0.041275,0.1524));
#1804=CARTESIAN_POINT('',(0.00635,-0.041275,0.00635));
#1805=CARTESIAN_POINT('',(0.00635,-0.041275,0.3048));
#1806=CARTESIAN_POINT('',(-1.7347234759768E-18,-0.041275,0.00635));
#1807=CARTESIAN_POINT('',(-0.00635,-0.041275,0.00635));
#1808=CARTESIAN_POINT('',(-0.00635,-0.041275,0.1524));
#1809=CARTESIAN_POINT('',(-0.00635,-0.041275,0.3048));
#1810=CARTESIAN_POINT('',(-5.8113236445223E-17,-0.041275,0.3048));
#1811=CARTESIAN_POINT('',(-0.0019812,-0.041275,0.3004312));
#1812=CARTESIAN_POINT('',(-0.00381,-0.041275,0.3004312));
#1813=CARTESIAN_POINT('',(-0.0019812,-0.041275,0.30226));
#1814=CARTESIAN_POINT('',(-0.00381,-0.041275,0.1524));
#1815=CARTESIAN_POINT('',(-0.00381,-0.041275,0.29408228016617));
#1816=CARTESIAN_POINT('',(-0.0019812,-0.041275,0.29408228016617));
#1817=CARTESIAN_POINT('',(-0.00157011527377522,-0.041275,0.29230028162861));
#1818=CARTESIAN_POINT('',(-5.8113236445223E-17,-0.041275,0.28549403721432));
#1819=CARTESIAN_POINT('',(0.0015701152737752,-0.041275,0.29230028162861));
#1820=CARTESIAN_POINT('',(0.0019812,-0.041275,0.29408228016617));
#1821=CARTESIAN_POINT('',(0.00381,-0.041275,0.29408228016617));
#1822=CARTESIAN_POINT('',(0.00381,-0.041275,0.1524));
#1823=CARTESIAN_POINT('',(0.00381,-0.041275,0.3004312));
#1824=CARTESIAN_POINT('',(0.0019812,-0.041275,0.3004312));
#1825=CARTESIAN_POINT('',(0.0019812,-0.041275,0.30226));
#1826=CARTESIAN_POINT('',(-5.8113236445223E-17,-0.041275,0.30226));
#1827=CARTESIAN_POINT('',(0.00635,-3.46944695195361E-18,0.00635));
#1828=CARTESIAN_POINT('',(0.00635,-0.042545,0.));
#1829=CARTESIAN_POINT('',(0.00635,-0.042545,0.3048));
#1830=CARTESIAN_POINT('',(0.00635,-0.042545,0.00508));
#1831=CARTESIAN_POINT('',(0.00635,-3.46944695195361E-18,0.00508));
#1832=CARTESIAN_POINT('',(0.00635,0.041275,0.00508));
#1833=CARTESIAN_POINT('',(0.00635,0.041275,0.00635));
#1834=CARTESIAN_POINT('',(0.00635,0.041275,0.00635));
#1835=CARTESIAN_POINT('',(0.00635,-3.46944695195361E-18,0.00635));
#1836=CARTESIAN_POINT('',(0.00635,-0.047625,0.3048));
#1837=CARTESIAN_POINT('',(2.60208521396521E-18,0.041275,0.00635));
#1838=CARTESIAN_POINT('',(2.60208521396521E-18,0.041275,0.00508));
#1839=CARTESIAN_POINT('',(-0.00635,0.041275,0.00508));
#1840=CARTESIAN_POINT('',(-0.00635,0.041275,0.00635));
#1841=CARTESIAN_POINT('',(-0.00635,0.041275,0.00635));
#1842=CARTESIAN_POINT('',(2.60208521396521E-18,0.041275,0.00635));
#1843=CARTESIAN_POINT('',(-0.00635,-3.46944695195361E-18,0.00635));
#1844=CARTESIAN_POINT('',(-0.00635,-0.047625,0.00508));
#1845=CARTESIAN_POINT('',(-0.00635,-0.042545,0.00508));
#1846=CARTESIAN_POINT('',(-0.00635,-0.042545,0.00635));
#1847=CARTESIAN_POINT('',(-0.00635,-0.042545,0.3048));
#1848=CARTESIAN_POINT('',(-0.00635,-0.047625,0.3048));
#1849=CARTESIAN_POINT('',(-0.00635,-3.46944695195361E-18,0.00635));
#1850=CARTESIAN_POINT('',(1.7347234759768E-18,0.,0.00635));
#1851=CARTESIAN_POINT('',(0.0019812,0.0338329235445183,0.00635));
#1852=CARTESIAN_POINT('',(0.0013363615006763,0.0321215811621208,0.00635));
#1853=CARTESIAN_POINT('',(0.00381,0.0338329235445183,0.00635));
#1854=CARTESIAN_POINT('',(-3.49942822856357E-18,0.028575,0.00635));
#1855=CARTESIAN_POINT('',(-0.0013363615006763,0.0321215811621208,0.00635));
#1856=CARTESIAN_POINT('',(-0.0019812,0.0338329235445183,0.00635));
#1857=CARTESIAN_POINT('',(-0.00381,0.0338329235445183,0.00635));
#1858=CARTESIAN_POINT('',(-0.00381,2.40192481289096E-19,0.00635));
#1859=CARTESIAN_POINT('',(-0.00381,0.0369062,0.00635));
#1860=CARTESIAN_POINT('',(-0.0019812,0.0369062,0.00635));
#1861=CARTESIAN_POINT('',(-0.0019812,0.038735,0.00635));
#1862=CARTESIAN_POINT('',(1.7347234759768E-18,0.038735,0.00635));
#1863=CARTESIAN_POINT('',(0.0019812,0.038735,0.00635));
#1864=CARTESIAN_POINT('',(0.0019812,0.0369062,0.00635));
#1865=CARTESIAN_POINT('',(0.00381,0.0369062,0.00635));
#1866=CARTESIAN_POINT('',(0.00381,-2.40192481289096E-19,0.00635));
#1867=CARTESIAN_POINT('',(-0.0019812,-0.0369062,0.00635));
#1868=CARTESIAN_POINT('',(-0.00381,-0.0369062,0.00635));
#1869=CARTESIAN_POINT('',(-0.0019812,-0.038735,0.00635));
#1870=CARTESIAN_POINT('',(-0.00381,2.40192481289096E-19,0.00635));
#1871=CARTESIAN_POINT('',(-0.00381,0.00426707645548169,0.00635));
#1872=CARTESIAN_POINT('',(-0.0019812,0.00426707645548169,0.00635));
#1873=CARTESIAN_POINT('',(-0.0013363615006763,0.00597841883787919,0.00635));
#1874=CARTESIAN_POINT('',(-1.16647607618785E-18,0.009525,0.00635));
#1875=CARTESIAN_POINT('',(0.0013363615006763,0.00597841883787919,0.00635));
#1876=CARTESIAN_POINT('',(0.0019812,0.00426707645548169,0.00635));
#1877=CARTESIAN_POINT('',(0.00381,0.00426707645548169,0.00635));
#1878=CARTESIAN_POINT('',(0.00381,-2.40192481289096E-19,0.00635));
#1879=CARTESIAN_POINT('',(0.00381,-0.0369062,0.00635));
#1880=CARTESIAN_POINT('',(0.0019812,-0.0369062,0.00635));
#1881=CARTESIAN_POINT('',(0.0019812,-0.038735,0.00635));
#1882=CARTESIAN_POINT('',(1.7347234759768E-18,-0.038735,0.00635));
#1883=CARTESIAN_POINT('',(0.0019812,0.0147829235445183,0.00635));
#1884=CARTESIAN_POINT('',(0.0013363615006763,0.0130715811621208,0.00635));
#1885=CARTESIAN_POINT('',(0.00381,0.0147829235445183,0.00635));
#1886=CARTESIAN_POINT('',(-1.16647607618785E-18,0.009525,0.00635));
#1887=CARTESIAN_POINT('',(-0.0013363615006763,0.0130715811621208,0.00635));
#1888=CARTESIAN_POINT('',(-0.0019812,0.0147829235445183,0.00635));
#1889=CARTESIAN_POINT('',(-0.00381,0.0147829235445183,0.00635));
#1890=CARTESIAN_POINT('',(-0.00381,2.40192481289096E-19,0.00635));
#1891=CARTESIAN_POINT('',(-0.00381,0.0233170764554817,0.00635));
#1892=CARTESIAN_POINT('',(-0.0019812,0.0233170764554817,0.00635));
#1893=CARTESIAN_POINT('',(-0.0013363615006763,0.0250284188378792,0.00635));
#1894=CARTESIAN_POINT('',(-3.49942822856357E-18,0.028575,0.00635));
#1895=CARTESIAN_POINT('',(0.0013363615006763,0.0250284188378792,0.00635));
#1896=CARTESIAN_POINT('',(0.0019812,0.0233170764554817,0.00635));
#1897=CARTESIAN_POINT('',(0.00381,0.0233170764554817,0.00635));
#1898=CARTESIAN_POINT('',(0.00381,-2.40192481289096E-19,0.00635));
#1899=CARTESIAN_POINT('',(-3.49942822856357E-18,0.028575,0.00635));
#1900=CARTESIAN_POINT('',(-0.00125,0.028575,0.00635));
#1901=CARTESIAN_POINT('',(-1.16647607618785E-18,0.009525,0.00635));
#1902=CARTESIAN_POINT('',(-0.00125,0.009525,0.00635));
#1903=CARTESIAN_POINT('',(1.7347234759768E-18,0.,0.));
#1904=CARTESIAN_POINT('',(-0.00635,-0.042545,0.));
#1905=CARTESIAN_POINT('',(0.00127,-0.042545,0.));
#1906=CARTESIAN_POINT('',(-0.00127,-0.042545,0.));
#1907=CARTESIAN_POINT('',(-0.00127,0.041275,0.));
#1908=CARTESIAN_POINT('',(-0.00127,-0.038735,0.));
#1909=CARTESIAN_POINT('',(1.7347234759768E-18,-0.038735,0.));
#1910=CARTESIAN_POINT('',(0.00127,-0.038735,0.));
#1911=CARTESIAN_POINT('',(0.00127,-8.00641604296988E-20,0.));
#1912=CARTESIAN_POINT('',(-5.8113236445223E-17,-0.047625,0.28549403721432));
#1913=CARTESIAN_POINT('',(-0.00127,-0.047625,0.289753746711457));
#1914=CARTESIAN_POINT('',(-0.00221025604468416,-0.047625,0.289473416520502));
#1915=CARTESIAN_POINT('',(-0.00340639090118097,-0.0472246341334266,0.288604726868613));
#1916=CARTESIAN_POINT('',(-0.00428064770965027,-0.0466485354713643,0.286948346359623));
#1917=CARTESIAN_POINT('',(-0.00452674670356053,-0.0464419053872973,0.285494842403152));
#1918=CARTESIAN_POINT('',(-0.0042823642106898,-0.0466472863664895,0.284044722994029));
#1919=CARTESIAN_POINT('',(-0.00340643575718352,-0.0472247671435631,0.282381942844138));
#1920=CARTESIAN_POINT('',(-0.00221096813220649,-0.047625,0.28151487021162));
#1921=CARTESIAN_POINT('',(-0.00127,-0.047625,0.281234327717183));
#1922=CARTESIAN_POINT('',(0.00127,-0.047625,0.281234327717183));
#1923=CARTESIAN_POINT('',(0.00221025604468426,-0.047625,0.281514657908139));
#1924=CARTESIAN_POINT('',(0.00340639090118076,-0.0472246341334267,0.282383347560028));
#1925=CARTESIAN_POINT('',(0.00428064770965012,-0.0466485354713644,0.284039728069018));
#1926=CARTESIAN_POINT('',(0.00452674670356041,-0.0464419053872974,0.285493232025489));
#1927=CARTESIAN_POINT('',(0.00428236421068971,-0.0466472863664895,0.286943351434612));
#1928=CARTESIAN_POINT('',(0.00340643575718352,-0.0472247671435631,0.288606131584503));
#1929=CARTESIAN_POINT('',(0.00221096813220633,-0.047625,0.289473204217021));
#1930=CARTESIAN_POINT('',(0.00126999999999998,-0.047625,0.289753746711457));
#1931=CARTESIAN_POINT('',(-5.8113236445223E-17,-0.047625,0.3048));
#1932=CARTESIAN_POINT('',(0.00635,-0.042545,0.3048));
#1933=CARTESIAN_POINT('',(-2.94902990916057E-17,-0.047625,0.1524));
#1934=CARTESIAN_POINT('',(-2.94902990916057E-17,-0.047625,0.00889));
#1935=CARTESIAN_POINT('',(-0.00127,-0.047625,0.00889));
#1936=CARTESIAN_POINT('',(0.00127,-0.047625,0.00889));
#1937=CARTESIAN_POINT('',(-0.00127,-0.047625,0.1524));
#1938=CARTESIAN_POINT('',(-0.00127,-0.047625,0.00508));
#1939=CARTESIAN_POINT('',(0.00635,-0.047625,0.00508));
#1940=CARTESIAN_POINT('',(0.00127,-0.047625,0.00508));
#1941=CARTESIAN_POINT('',(0.00127,-0.047625,0.3048));
#1942=CARTESIAN_POINT('',(-1.16647607618785E-18,0.009525,0.00635));
#1943=CARTESIAN_POINT('',(-3.49942822856357E-18,0.028575,0.00635));
#1944=CARTESIAN_POINT('',(-0.00381,-3.62957527281301E-18,-0.0234188));
#1945=CARTESIAN_POINT('',(-0.00381,0.0147829235445183,-0.0234188));
#1946=CARTESIAN_POINT('',(-0.00381,0.0147829235445183,0.000680590948775053));
#1947=CARTESIAN_POINT('',(-0.00381,0.0147829235445183,0.000680590948775052));
#1948=CARTESIAN_POINT('',(-0.00381,0.0233170764554817,0.000680590948775053));
#1949=CARTESIAN_POINT('',(-0.00381,0.0233170764554817,-0.0234188));
#1950=CARTESIAN_POINT('',(-3.49942822856357E-18,0.028575,-0.0234188));
#1951=CARTESIAN_POINT('',(-0.0013363615006763,0.0250284188378792,-0.01905));
#1952=CARTESIAN_POINT('',(-0.0013363615006763,0.0250284188378792,4.33468175853324E-7));
#1953=CARTESIAN_POINT('',(-0.0013363615006763,0.0250284188378792,4.33468175853324E-7));
#1954=CARTESIAN_POINT('',(-0.0013143173499487,0.0250201125414769,1.45474522408052E-7));
#1955=CARTESIAN_POINT('',(-0.00129219686106056,0.0250120121674867,4.39773266410837E-19));
#1956=CARTESIAN_POINT('',(-0.00127,0.0250041177560721,4.32885572801529E-19));
#1957=CARTESIAN_POINT('',(0.00127,0.0250041177560721,0.));
#1958=CARTESIAN_POINT('',(0.00129219686106056,0.0250120121674867,-6.88769360930736E-21));
#1959=CARTESIAN_POINT('',(0.0013143173499487,0.0250201125414769,1.45474522408078E-7));
#1960=CARTESIAN_POINT('',(0.0013363615006763,0.0250284188378792,4.33468175853352E-7));
#1961=CARTESIAN_POINT('',(0.0013363615006763,0.0250284188378792,4.33468175853324E-7));
#1962=CARTESIAN_POINT('',(0.0013363615006763,0.0250284188378792,0.00635));
#1963=CARTESIAN_POINT('',(0.00381,-3.30931863109421E-18,-0.0234188));
#1964=CARTESIAN_POINT('',(0.00381,0.0233170764554817,-0.0234188));
#1965=CARTESIAN_POINT('',(0.00381,0.0233170764554817,0.000680590948775053));
#1966=CARTESIAN_POINT('',(0.00381,0.0233170764554817,0.000680590948775052));
#1967=CARTESIAN_POINT('',(0.00381,0.0147829235445183,0.000680590948775053));
#1968=CARTESIAN_POINT('',(0.00381,0.0147829235445183,-0.0234188));
#1969=CARTESIAN_POINT('',(-1.16647607618785E-18,0.009525,-0.0234188));
#1970=CARTESIAN_POINT('',(-0.00127,0.013095882243928,0.));
#1971=CARTESIAN_POINT('',(-0.00129219686106056,0.0130879878325133,3.60742279810465E-21));
#1972=CARTESIAN_POINT('',(-0.00131431734994869,0.0130798874585231,1.45474522408066E-7));
#1973=CARTESIAN_POINT('',(-0.0013363615006763,0.0130715811621208,4.33468175853352E-7));
#1974=CARTESIAN_POINT('',(-0.0013363615006763,0.0130715811621208,4.33468175853324E-7));
#1975=CARTESIAN_POINT('',(-0.0013363615006763,0.0130715811621208,0.00635));
#1976=CARTESIAN_POINT('',(0.0013363615006763,0.0130715811621208,-0.01905));
#1977=CARTESIAN_POINT('',(0.0013363615006763,0.0130715811621208,4.33468175853324E-7));
#1978=CARTESIAN_POINT('',(0.0013363615006763,0.0130715811621208,4.33468175853325E-7));
#1979=CARTESIAN_POINT('',(0.0013143173499487,0.0130798874585231,1.4547452240803E-7));
#1980=CARTESIAN_POINT('',(0.00129219686106056,0.0130879878325133,-3.64232902896244E-19));
#1981=CARTESIAN_POINT('',(0.00127,0.013095882243928,-3.6062548009814E-19));
#1982=CARTESIAN_POINT('',(-0.0019812,0.0147829235445183,-0.0234188));
#1983=CARTESIAN_POINT('',(-0.0013363615006763,0.0130715811621208,4.33468175853325E-7));
#1984=CARTESIAN_POINT('',(-0.00190499589507367,0.0128573181640682,7.86233666531038E-6));
#1985=CARTESIAN_POINT('',(-0.0031960719032385,0.013049128954395,0.000282650736452866));
#1986=CARTESIAN_POINT('',(-0.00381,0.0141744362025453,0.000680590948775051));
#1987=CARTESIAN_POINT('',(-0.00381,0.0147829235445183,0.000680590948775051));
#1988=CARTESIAN_POINT('',(-0.0019812,0.0233170764554817,-0.0234188));
#1989=CARTESIAN_POINT('',(-0.00381,0.0233170764554817,0.000680590948775052));
#1990=CARTESIAN_POINT('',(-0.00381,0.0239253444893054,0.000680590948775052));
#1991=CARTESIAN_POINT('',(-0.00319289526547338,0.0250530903507958,0.000281514172174336));
#1992=CARTESIAN_POINT('',(-0.00190518529371195,0.0252427532018578,7.86481104531642E-6));
#1993=CARTESIAN_POINT('',(-0.0013363615006763,0.0250284188378792,4.33468175853896E-7));
#1994=CARTESIAN_POINT('',(0.0019812,0.0147829235445183,-0.0234188));
#1995=CARTESIAN_POINT('',(0.00381,0.0147829235445183,0.000680590948775052));
#1996=CARTESIAN_POINT('',(0.00381,0.0141746555106947,0.000680590948775052));
#1997=CARTESIAN_POINT('',(0.00319289526547338,0.0130469096492042,0.000281514172174337));
#1998=CARTESIAN_POINT('',(0.00190518529371196,0.0128572467981422,7.8648110453161E-6));
#1999=CARTESIAN_POINT('',(0.0013363615006763,0.0130715811621208,4.33468175853573E-7));
#2000=CARTESIAN_POINT('',(0.0019812,0.0233170764554817,-0.0234188));
#2001=CARTESIAN_POINT('',(0.0013363615006763,0.0250284188378792,4.33468175853324E-7));
#2002=CARTESIAN_POINT('',(0.00190499589507367,0.0252426818359318,7.86233666531025E-6));
#2003=CARTESIAN_POINT('',(0.0031960719032385,0.025050871045605,0.000282650736452864));
#2004=CARTESIAN_POINT('',(0.00381,0.0239255637974547,0.000680590948775052));
#2005=CARTESIAN_POINT('',(0.00381,0.0233170764554817,0.000680590948775052));
#2006=CARTESIAN_POINT('',(-0.00381,-3.62957527281301E-18,-0.0234188));
#2007=CARTESIAN_POINT('',(-0.00381,-0.0369062,-0.0234188));
#2008=CARTESIAN_POINT('',(-0.00381,-0.0369062,0.000680590948775053));
#2009=CARTESIAN_POINT('',(-0.00381,-0.0369062,0.000680590948775052));
#2010=CARTESIAN_POINT('',(-0.00381,0.00426707645548169,0.000680590948775053));
#2011=CARTESIAN_POINT('',(-0.00381,0.00426707645548169,-0.0234188));
#2012=CARTESIAN_POINT('',(-1.16647607618785E-18,0.009525,-0.0234188));
#2013=CARTESIAN_POINT('',(-0.0013363615006763,0.00597841883787919,-0.01905));
#2014=CARTESIAN_POINT('',(-0.0013363615006763,0.00597841883787919,4.33468175853324E-7));
#2015=CARTESIAN_POINT('',(-0.0013363615006763,0.00597841883787919,4.33468175853324E-7));
#2016=CARTESIAN_POINT('',(-0.0013143173499487,0.00597011254147687,1.45474522408054E-7));
#2017=CARTESIAN_POINT('',(-0.00129219686106056,0.00596201216748671,-4.23836304716696E-19));
#2018=CARTESIAN_POINT('',(-0.00127,0.00595411775607204,-4.25476440122297E-19));
#2019=CARTESIAN_POINT('',(0.00127,0.00595411775607204,0.));
#2020=CARTESIAN_POINT('',(0.00129219686106056,0.00596201216748671,-1.6401354056014E-21));
#2021=CARTESIAN_POINT('',(0.0013143173499487,0.00597011254147687,1.4547452240809E-7));
#2022=CARTESIAN_POINT('',(0.0013363615006763,0.00597841883787919,4.33468175853357E-7));
#2023=CARTESIAN_POINT('',(0.0013363615006763,0.00597841883787919,4.33468175853324E-7));
#2024=CARTESIAN_POINT('',(0.0013363615006763,0.00597841883787919,0.00635));
#2025=CARTESIAN_POINT('',(0.00381,-3.30931863109421E-18,-0.0234188));
#2026=CARTESIAN_POINT('',(0.00381,0.00426707645548169,-0.0234188));
#2027=CARTESIAN_POINT('',(0.00381,0.00426707645548169,0.000680590948775053));
#2028=CARTESIAN_POINT('',(0.00381,0.00426707645548169,0.000680590948775052));
#2029=CARTESIAN_POINT('',(0.00381,-0.0369062,0.000680590948775053));
#2030=CARTESIAN_POINT('',(0.00381,-0.0369062,-0.0234188));
#2031=CARTESIAN_POINT('',(-1.7347234759768E-18,-0.038735,-0.0234188));
#2032=CARTESIAN_POINT('',(-0.00127,-0.038735,0.00508));
#2033=CARTESIAN_POINT('',(-0.0019812,-0.038735,5.00303619206596E-5));
#2034=CARTESIAN_POINT('',(-0.0019812,-0.038735,-0.0234188));
#2035=CARTESIAN_POINT('',(0.0019812,-0.038735,-0.0234188));
#2036=CARTESIAN_POINT('',(0.0019812,-0.038735,5.00303619206596E-5));
#2037=CARTESIAN_POINT('',(0.00127,-0.038735,0.00508));
#2038=CARTESIAN_POINT('',(-0.0019812,0.00426707645548169,-0.0234188));
#2039=CARTESIAN_POINT('',(-0.00381,0.00426707645548169,0.000680590948775052));
#2040=CARTESIAN_POINT('',(-0.00381,0.00487534448930536,0.000680590948775052));
#2041=CARTESIAN_POINT('',(-0.00319289526547338,0.00600309035079582,0.000281514172174336));
#2042=CARTESIAN_POINT('',(-0.00190518529371195,0.00619275320185775,7.86481104531629E-6));
#2043=CARTESIAN_POINT('',(-0.0013363615006763,0.00597841883787919,4.33468175853902E-7));
#2044=CARTESIAN_POINT('',(0.0019812,0.00426707645548169,-0.0234188));
#2045=CARTESIAN_POINT('',(0.0013363615006763,0.00597841883787919,4.33468175853324E-7));
#2046=CARTESIAN_POINT('',(0.00190499589507367,0.00619268183593183,7.86233666531017E-6));
#2047=CARTESIAN_POINT('',(0.0031960719032385,0.00600087104560498,0.000282650736452861));
#2048=CARTESIAN_POINT('',(0.00381,0.00487556379745472,0.000680590948775051));
#2049=CARTESIAN_POINT('',(0.00381,0.00426707645548169,0.000680590948775051));
#2050=CARTESIAN_POINT('',(-0.0019812,-0.0369062,-0.0234188));
#2051=CARTESIAN_POINT('',(-0.0019812,-0.038735,5.00303619206605E-5));
#2052=CARTESIAN_POINT('',(-0.00247275429495512,-0.038735,0.000119532454324059));
#2053=CARTESIAN_POINT('',(-0.00339637648742926,-0.0383405035065362,0.000419511869502494));
#2054=CARTESIAN_POINT('',(-0.00381,-0.0374032482673866,0.000680590948775052));
#2055=CARTESIAN_POINT('',(-0.00381,-0.0369062,0.000680590948775052));
#2056=CARTESIAN_POINT('',(0.0019812,-0.0369062,-0.0234188));
#2057=CARTESIAN_POINT('',(0.00381,-0.0369062,0.000680590948775052));
#2058=CARTESIAN_POINT('',(0.00381,-0.0374028730123504,0.000680590948775052));
#2059=CARTESIAN_POINT('',(0.00339654048726831,-0.0383406333347525,0.000419551764425228));
#2060=CARTESIAN_POINT('',(0.00247254287311173,-0.038735,0.000119502560860314));
#2061=CARTESIAN_POINT('',(0.0019812,-0.038735,5.00303619206611E-5));
#2062=CARTESIAN_POINT('',(-0.00381,-3.62957527281301E-18,-0.0234188));
#2063=CARTESIAN_POINT('',(-0.00381,0.0338329235445183,-0.0234188));
#2064=CARTESIAN_POINT('',(-0.00381,0.0338329235445183,0.000680590948775053));
#2065=CARTESIAN_POINT('',(-0.00381,0.0338329235445183,0.000680590948775052));
#2066=CARTESIAN_POINT('',(-0.00381,0.0369062,0.000680590948775052));
#2067=CARTESIAN_POINT('',(-0.00381,0.0369062,-0.0234188));
#2068=CARTESIAN_POINT('',(-3.49942822856357E-18,0.028575,-0.0234188));
#2069=CARTESIAN_POINT('',(-0.00127,0.032145882243928,0.));
#2070=CARTESIAN_POINT('',(-0.00129219686106056,0.0321379878325133,8.85498100181056E-21));
#2071=CARTESIAN_POINT('',(-0.0013143173499487,0.0321298874585231,1.45474522408068E-7));
#2072=CARTESIAN_POINT('',(-0.0013363615006763,0.0321215811621208,4.33468175853361E-7));
#2073=CARTESIAN_POINT('',(-0.0013363615006763,0.0321215811621208,4.33468175853324E-7));
#2074=CARTESIAN_POINT('',(-0.0013363615006763,0.0321215811621208,0.00635));
#2075=CARTESIAN_POINT('',(0.0013363615006763,0.0321215811621208,-0.01905));
#2076=CARTESIAN_POINT('',(0.0013363615006763,0.0321215811621208,4.33468175853324E-7));
#2077=CARTESIAN_POINT('',(0.0013363615006763,0.0321215811621208,4.33468175853324E-7));
#2078=CARTESIAN_POINT('',(0.0013143173499487,0.0321298874585231,1.45474522408058E-7));
#2079=CARTESIAN_POINT('',(0.00129219686106056,0.0321379878325133,-3.20987824869642E-19));
#2080=CARTESIAN_POINT('',(0.00127,0.032145882243928,-3.12132843867831E-19));
#2081=CARTESIAN_POINT('',(2.60208521396521E-18,0.038735,-0.0234188));
#2082=CARTESIAN_POINT('',(-0.0019812,0.038735,-0.0234188));
#2083=CARTESIAN_POINT('',(-0.0019812,0.038735,0.000680590948775053));
#2084=CARTESIAN_POINT('',(-0.0019812,0.038735,0.000680590948775053));
#2085=CARTESIAN_POINT('',(0.0019812,0.038735,0.000680590948775053));
#2086=CARTESIAN_POINT('',(0.0019812,0.038735,-0.0234188));
#2087=CARTESIAN_POINT('',(0.00381,-3.30931863109421E-18,-0.0234188));
#2088=CARTESIAN_POINT('',(0.00381,0.0369062,-0.0234188));
#2089=CARTESIAN_POINT('',(0.00381,0.0369062,0.000680590948775053));
#2090=CARTESIAN_POINT('',(0.00381,0.0369062,0.000680590948775052));
#2091=CARTESIAN_POINT('',(0.00381,0.0338329235445183,0.000680590948775053));
#2092=CARTESIAN_POINT('',(0.00381,0.0338329235445183,-0.0234188));
#2093=CARTESIAN_POINT('',(-0.0019812,0.0338329235445183,-0.0234188));
#2094=CARTESIAN_POINT('',(-0.0013363615006763,0.0321215811621208,4.33468175853324E-7));
#2095=CARTESIAN_POINT('',(-0.00190499589507367,0.0319073181640682,7.86233666531044E-6));
#2096=CARTESIAN_POINT('',(-0.0031960719032385,0.032099128954395,0.000282650736452866));
#2097=CARTESIAN_POINT('',(-0.00381,0.0332244362025453,0.000680590948775051));
#2098=CARTESIAN_POINT('',(-0.00381,0.0338329235445183,0.000680590948775051));
#2099=CARTESIAN_POINT('',(0.0019812,0.0338329235445183,-0.0234188));
#2100=CARTESIAN_POINT('',(0.00381,0.0338329235445183,0.000680590948775052));
#2101=CARTESIAN_POINT('',(0.00381,0.0332246555106946,0.000680590948775052));
#2102=CARTESIAN_POINT('',(0.00319289526547338,0.0320969096492042,0.000281514172174335));
#2103=CARTESIAN_POINT('',(0.00190518529371195,0.0319072467981422,7.86481104531543E-6));
#2104=CARTESIAN_POINT('',(0.0013363615006763,0.0321215811621208,4.3346817585331E-7));
#2105=CARTESIAN_POINT('',(-0.0019812,0.0369062,-0.0234188));
#2106=CARTESIAN_POINT('',(-0.00381,0.0369062,0.000680590948775052));
#2107=CARTESIAN_POINT('',(-0.00381,0.0374001561649747,0.000680590948775052));
#2108=CARTESIAN_POINT('',(-0.00360401582302465,0.0378696979398433,0.000553689951876524));
#2109=CARTESIAN_POINT('',(-0.00327435688143396,0.038199356881434,0.000412136088975137));
#2110=CARTESIAN_POINT('',(-0.00327435688143395,0.038199356881434,0.000412136088975137));
#2111=CARTESIAN_POINT('',(-0.00327435688143396,0.038199356881434,0.000412136088975137));
#2112=CARTESIAN_POINT('',(-0.00294492913836674,0.0385287846245012,0.000553590676413411));
#2113=CARTESIAN_POINT('',(-0.0024755132097768,0.038735,0.000680590948775053));
#2114=CARTESIAN_POINT('',(-0.0019812,0.038735,0.000680590948775053));
#2115=CARTESIAN_POINT('',(0.0019812,0.0369062,-0.0234188));
#2116=CARTESIAN_POINT('',(0.0019812,0.038735,0.000680590948775053));
#2117=CARTESIAN_POINT('',(0.00247496779708536,0.038735,0.000680590948775053));
#2118=CARTESIAN_POINT('',(0.00294403506063251,0.0385296787022354,0.000553974588818173));
#2119=CARTESIAN_POINT('',(0.00327435688143403,0.0381993568814339,0.000412136088975107));
#2120=CARTESIAN_POINT('',(0.00327435688143404,0.0381993568814339,0.000412136088975107));
#2121=CARTESIAN_POINT('',(0.00327435688143396,0.038199356881434,0.000412136088975136));
#2122=CARTESIAN_POINT('',(0.00360781815039681,0.0378658956124711,0.00055532265179647));
#2123=CARTESIAN_POINT('',(0.00381,0.0374002221190131,0.000680590948775052));
#2124=CARTESIAN_POINT('',(0.00381,0.0369062,0.000680590948775052));
#2125=CARTESIAN_POINT('',(-5.8113236445223E-17,-0.0710438,0.28549403721432));
#2126=CARTESIAN_POINT('',(-0.00127,-0.047625,0.278625462034562));
#2127=CARTESIAN_POINT('',(-0.00137057861376218,-0.047625,0.278644059026825));
#2128=CARTESIAN_POINT('',(-0.00147061552078264,-0.0476220156872169,0.27866483945419));
#2129=CARTESIAN_POINT('',(-0.00157011527377525,-0.047616127174746,0.27868779280003));
#2130=CARTESIAN_POINT('',(-0.00157011527377523,-0.047616127174746,0.27868779280003));
#2131=CARTESIAN_POINT('',(-0.00157011527377523,-0.041275,0.27868779280003));
#2132=CARTESIAN_POINT('',(0.00157011527377521,-0.066675,0.27868779280003));
#2133=CARTESIAN_POINT('',(0.00157011527377521,-0.047616127174746,0.27868779280003));
#2134=CARTESIAN_POINT('',(0.00157011527377521,-0.047616127174746,0.27868779280003));
#2135=CARTESIAN_POINT('',(0.00147061552078262,-0.0476220156872169,0.27866483945419));
#2136=CARTESIAN_POINT('',(0.00137057861376217,-0.047625,0.278644059026825));
#2137=CARTESIAN_POINT('',(0.00127,-0.047625,0.278625462034562));
#2138=CARTESIAN_POINT('',(-0.00381,-0.0710438,0.1524));
#2139=CARTESIAN_POINT('',(-0.00381,-0.0710438,0.27690579426247));
#2140=CARTESIAN_POINT('',(-0.00381,-0.046944409051225,0.27690579426247));
#2141=CARTESIAN_POINT('',(-0.00381,-0.046944409051225,0.27690579426247));
#2142=CARTESIAN_POINT('',(-0.00381,-0.046944409051225,0.0107188));
#2143=CARTESIAN_POINT('',(-0.00381,-0.0710438,0.0107188));
#2144=CARTESIAN_POINT('',(0.00381,-0.0710438,0.1524));
#2145=CARTESIAN_POINT('',(0.00381,-0.0710438,0.0107188));
#2146=CARTESIAN_POINT('',(0.00381,-0.046944409051225,0.0107188));
#2147=CARTESIAN_POINT('',(0.00381,-0.046944409051225,0.0107188));
#2148=CARTESIAN_POINT('',(0.00381,-0.046944409051225,0.27690579426247));
#2149=CARTESIAN_POINT('',(0.00381,-0.0710438,0.27690579426247));
#2150=CARTESIAN_POINT('',(-1.7347234759768E-18,-0.0710438,0.00889));
#2151=CARTESIAN_POINT('',(-0.0019812,-0.0710438,0.00889));
#2152=CARTESIAN_POINT('',(-0.0019812,-0.0475749696380794,0.00889));
#2153=CARTESIAN_POINT('',(-0.00127,-0.042545,0.00889));
#2154=CARTESIAN_POINT('',(0.00127,-0.042545,0.00889));
#2155=CARTESIAN_POINT('',(0.0019812,-0.0475749696380794,0.00889));
#2156=CARTESIAN_POINT('',(0.0019812,-0.0710438,0.00889));
#2157=CARTESIAN_POINT('',(-0.0019812,-0.0710438,0.27690579426247));
#2158=CARTESIAN_POINT('',(-0.00157011527377524,-0.047616127174746,0.27868779280003));
#2159=CARTESIAN_POINT('',(-0.0021213055746553,-0.0475835070841132,0.27881494549357));
#2160=CARTESIAN_POINT('',(-0.00327400224916565,-0.0472885021098402,0.278529735602061));
#2161=CARTESIAN_POINT('',(-0.00381,-0.046944409051225,0.277473145824455));
#2162=CARTESIAN_POINT('',(-0.00381,-0.046944409051225,0.276905794262471));
#2163=CARTESIAN_POINT('',(0.0019812,-0.0710438,0.27690579426247));
#2164=CARTESIAN_POINT('',(0.00381,-0.046944409051225,0.27690579426247));
#2165=CARTESIAN_POINT('',(0.00381,-0.046944409051225,0.277472657900233));
#2166=CARTESIAN_POINT('',(0.00327461643784902,-0.0472882708564432,0.27852951834035));
#2167=CARTESIAN_POINT('',(0.00212125190057586,-0.0475835102606083,0.278814933111633));
#2168=CARTESIAN_POINT('',(0.00157011527377521,-0.047616127174746,0.27868779280003));
#2169=CARTESIAN_POINT('',(-0.0019812,-0.0710438,0.0107188));
#2170=CARTESIAN_POINT('',(-0.00381,-0.046944409051225,0.0107188));
#2171=CARTESIAN_POINT('',(-0.00381,-0.046944409051225,0.0102221269876496));
#2172=CARTESIAN_POINT('',(-0.00339654048726829,-0.0472054482355747,0.00928436666524749));
#2173=CARTESIAN_POINT('',(-0.00247254287311173,-0.0475054974391397,0.00889));
#2174=CARTESIAN_POINT('',(-0.0019812,-0.0475749696380794,0.00889));
#2175=CARTESIAN_POINT('',(0.0019812,-0.0710438,0.0107188));
#2176=CARTESIAN_POINT('',(0.0019812,-0.0475749696380794,0.00889));
#2177=CARTESIAN_POINT('',(0.00247275429495512,-0.047505467545676,0.00889));
#2178=CARTESIAN_POINT('',(0.00339637648742924,-0.0472054881304975,0.00928449649346374));
#2179=CARTESIAN_POINT('',(0.00381,-0.046944409051225,0.0102217517326134));
#2180=CARTESIAN_POINT('',(0.00381,-0.046944409051225,0.0107188));
#2181=CARTESIAN_POINT('',(-5.8113236445223E-17,-0.0710438,0.30226));
#2182=CARTESIAN_POINT('',(0.0019812,-0.0710438,0.30226));
#2183=CARTESIAN_POINT('',(0.0019812,-0.046944409051225,0.30226));
#2184=CARTESIAN_POINT('',(0.0019812,-0.046944409051225,0.30226));
#2185=CARTESIAN_POINT('',(-0.0019812,-0.046944409051225,0.30226));
#2186=CARTESIAN_POINT('',(-0.0019812,-0.0710438,0.30226));
#2187=CARTESIAN_POINT('',(-5.8113236445223E-17,-0.0710438,0.28549403721432));
#2188=CARTESIAN_POINT('',(-0.00157011527377522,-0.066675,0.29230028162861));
#2189=CARTESIAN_POINT('',(-0.00157011527377522,-0.047616127174746,0.29230028162861));
#2190=CARTESIAN_POINT('',(-0.00157011527377522,-0.047616127174746,0.29230028162861));
#2191=CARTESIAN_POINT('',(-0.00147061552078262,-0.0476220156872169,0.29232323497445));
#2192=CARTESIAN_POINT('',(-0.00137057861376217,-0.047625,0.292344015401816));
#2193=CARTESIAN_POINT('',(-0.00127,-0.047625,0.292362612394079));
#2194=CARTESIAN_POINT('',(0.00127,-0.047625,0.292362612394079));
#2195=CARTESIAN_POINT('',(0.00137057861376217,-0.047625,0.292344015401816));
#2196=CARTESIAN_POINT('',(0.00147061552078261,-0.0476220156872169,0.29232323497445));
#2197=CARTESIAN_POINT('',(0.0015701152737752,-0.047616127174746,0.29230028162861));
#2198=CARTESIAN_POINT('',(0.0015701152737752,-0.047616127174746,0.29230028162861));
#2199=CARTESIAN_POINT('',(0.0015701152737752,-0.041275,0.29230028162861));
#2200=CARTESIAN_POINT('',(-0.00381,-0.0710438,0.1524));
#2201=CARTESIAN_POINT('',(-0.00381,-0.0710438,0.3004312));
#2202=CARTESIAN_POINT('',(-0.00381,-0.046944409051225,0.3004312));
#2203=CARTESIAN_POINT('',(-0.00381,-0.046944409051225,0.3004312));
#2204=CARTESIAN_POINT('',(-0.00381,-0.046944409051225,0.29408228016617));
#2205=CARTESIAN_POINT('',(-0.00381,-0.0710438,0.29408228016617));
#2206=CARTESIAN_POINT('',(0.00381,-0.0710438,0.1524));
#2207=CARTESIAN_POINT('',(0.00381,-0.0710438,0.29408228016617));
#2208=CARTESIAN_POINT('',(0.00381,-0.046944409051225,0.29408228016617));
#2209=CARTESIAN_POINT('',(0.00381,-0.046944409051225,0.29408228016617));
#2210=CARTESIAN_POINT('',(0.00381,-0.046944409051225,0.3004312));
#2211=CARTESIAN_POINT('',(0.00381,-0.0710438,0.3004312));
#2212=CARTESIAN_POINT('',(-0.0019812,-0.0710438,0.29408228016617));
#2213=CARTESIAN_POINT('',(-0.00381,-0.046944409051225,0.29408228016617));
#2214=CARTESIAN_POINT('',(-0.00381,-0.046944409051225,0.293515416528408));
#2215=CARTESIAN_POINT('',(-0.00327461643784909,-0.0472882708564432,0.29245855608829));
#2216=CARTESIAN_POINT('',(-0.00212125190057588,-0.0475835102606083,0.292173141317008));
#2217=CARTESIAN_POINT('',(-0.00157011527377522,-0.047616127174746,0.29230028162861));
#2218=CARTESIAN_POINT('',(0.0019812,-0.0710438,0.29408228016617));
#2219=CARTESIAN_POINT('',(0.0015701152737752,-0.047616127174746,0.29230028162861));
#2220=CARTESIAN_POINT('',(0.00212130557465527,-0.0475835070841132,0.29217312893507));
#2221=CARTESIAN_POINT('',(0.00327400224916566,-0.0472885021098402,0.29245833882658));
#2222=CARTESIAN_POINT('',(0.00381,-0.046944409051225,0.293514928604186));
#2223=CARTESIAN_POINT('',(0.00381,-0.046944409051225,0.29408228016617));
#2224=CARTESIAN_POINT('',(-0.0019812,-0.0710438,0.3004312));
#2225=CARTESIAN_POINT('',(-0.0019812,-0.046944409051225,0.30226));
#2226=CARTESIAN_POINT('',(-0.00247496779708532,-0.046944409051225,0.30226));
#2227=CARTESIAN_POINT('',(-0.00294403506063249,-0.0470710254111818,0.302054678702235));
#2228=CARTESIAN_POINT('',(-0.003274356881434,-0.0472128639110249,0.301724356881434));
#2229=CARTESIAN_POINT('',(-0.00327435688143401,-0.0472128639110249,0.301724356881434));
#2230=CARTESIAN_POINT('',(-0.00327435688143394,-0.0472128639110249,0.301724356881434));
#2231=CARTESIAN_POINT('',(-0.00360781815039683,-0.0470696773482036,0.301390895612471));
#2232=CARTESIAN_POINT('',(-0.00381,-0.046944409051225,0.300925222119013));
#2233=CARTESIAN_POINT('',(-0.00381,-0.046944409051225,0.3004312));
#2234=CARTESIAN_POINT('',(0.0019812,-0.0710438,0.3004312));
#2235=CARTESIAN_POINT('',(0.00381,-0.046944409051225,0.3004312));
#2236=CARTESIAN_POINT('',(0.00381,-0.046944409051225,0.300925156164975));
#2237=CARTESIAN_POINT('',(0.00360401582302462,-0.0470713100481235,0.301394697939843));
#2238=CARTESIAN_POINT('',(0.00327435688143395,-0.0472128639110249,0.301724356881434));
#2239=CARTESIAN_POINT('',(0.00327435688143397,-0.0472128639110249,0.301724356881434));
#2240=CARTESIAN_POINT('',(0.00327435688143394,-0.0472128639110248,0.301724356881434));
#2241=CARTESIAN_POINT('',(0.00294492913836674,-0.0470714093235866,0.302053784624501));
#2242=CARTESIAN_POINT('',(0.00247551320977678,-0.046944409051225,0.30226));
#2243=CARTESIAN_POINT('',(0.0019812,-0.046944409051225,0.30226));
#2244=CARTESIAN_POINT('',(0.00127,-0.042545,0.1524));
#2245=CARTESIAN_POINT('',(0.00127,-0.042545,0.00508));
#2246=CARTESIAN_POINT('',(0.00127,-0.042545,0.29972));
#2247=CARTESIAN_POINT('',(-2.94902990916057E-17,-0.042545,0.29972));
#2248=CARTESIAN_POINT('',(-0.00127,-0.042545,0.29972));
#2249=CARTESIAN_POINT('',(0.00127,-0.042545,0.00508));
#2250=CARTESIAN_POINT('',(0.00127,-0.042545,0.00508));
#2251=CARTESIAN_POINT('',(0.00127,-0.042545,0.00508));
#2252=CARTESIAN_POINT('',(-0.00127,-0.042545,0.00635));
#2253=CARTESIAN_POINT('',(-0.00127,-0.042545,0.00508));
#2254=CARTESIAN_POINT('',(1.7347234759768E-18,-0.042545,0.00508));
#2255=CARTESIAN_POINT('',(-0.00127,-0.042545,0.00508));
#2256=CARTESIAN_POINT('',(0.00127,-3.14919031023482E-18,0.00508));
#2257=CARTESIAN_POINT('',(0.00127,0.036195,0.00508));
#2258=CARTESIAN_POINT('',(-0.00127,-0.042545,0.00508));
#2259=CARTESIAN_POINT('',(-0.00127,-0.042545,0.00508));
#2260=CARTESIAN_POINT('',(2.60208521396521E-18,0.036195,0.00508));
#2261=CARTESIAN_POINT('',(-0.00127,0.036195,0.00508));
#2262=CARTESIAN_POINT('',(-0.00127,8.00641604296989E-20,0.00508));
#2263=MECHANICAL_DESIGN_GEOMETRIC_PRESENTATION_REPRESENTATION('',(#1279),
#2264);
#2264=(
GEOMETRIC_REPRESENTATION_CONTEXT(3)
GLOBAL_UNCERTAINTY_ASSIGNED_CONTEXT((#2265))
GLOBAL_UNIT_ASSIGNED_CONTEXT((#2268,#2267,#2266))
REPRESENTATION_CONTEXT('Part 1','TOP_LEVEL_ASSEMBLY_PART')
);
#2265=UNCERTAINTY_MEASURE_WITH_UNIT(LENGTH_MEASURE(2.E-5),#2268,
'DISTANCE_ACCURACY_VALUE','Maximum Tolerance applied to model');
#2266=(
NAMED_UNIT(*)
SI_UNIT($,.STERADIAN.)
SOLID_ANGLE_UNIT()
);
#2267=(
NAMED_UNIT(*)
PLANE_ANGLE_UNIT()
SI_UNIT($,.RADIAN.)
);
#2268=(
LENGTH_UNIT()
NAMED_UNIT(*)
SI_UNIT($,.METRE.)
);
#2269=PRODUCT_DEFINITION_SHAPE('','',#2270);
#2270=PRODUCT_DEFINITION('','',#2272,#2271);
#2271=PRODUCT_DEFINITION_CONTEXT('',#2278,'design');
#2272=PRODUCT_DEFINITION_FORMATION_WITH_SPECIFIED_SOURCE('','',#2274,
 .NOT_KNOWN.);
#2273=PRODUCT_RELATED_PRODUCT_CATEGORY('','',(#2274));
#2274=PRODUCT('Part 1','Part 1','Part 1',(#2276));
#2275=PRODUCT_CATEGORY('','');
#2276=PRODUCT_CONTEXT('',#2278,'mechanical');
#2277=APPLICATION_PROTOCOL_DEFINITION('international standard',
'ap242_managed_model_based_3d_engineering',2020,#2278);
#2278=APPLICATION_CONTEXT('managed model based 3d engineering');
ENDSEC;
END-ISO-10303-21;
